old_identifier	proposed_identifier	occurrences	files	category	action	clusters
_generated_prec	_generated_strictInterl	1	1	tactic_reference	migrate_with_tactic_owner	Tactic
_hFullToPrec0	_hFullToInterl	2	1	reference_or_local	migrate_with_declaration_owner	Hadamard
_prec	_strictInterl	3	2	tactic_reference	migrate_with_tactic_owner	Tactic
a116088Rows_pf_and_prec0	a116088Rows_pf_and_interl	1	1	lean_declaration	manual_semantic_rename	BrandenLeite
a116089Rows_pf_and_prec0	a116089Rows_pf_and_interl	1	1	lean_declaration	manual_semantic_rename	BrandenLeite
A144438_prec	A144438_strictInterl	3	2	lean_declaration	manual_semantic_rename	Applications
a144696Auxiliary_eval_mul_derivative_pos_of_prec	a144696Auxiliary_eval_mul_derivative_pos_of_strictInterl	2	1	lean_declaration	manual_semantic_rename	Applications
a144696Auxiliary_interlaces_of_prec	a144696Auxiliary_interlaces_of_strictInterl	1	1	lean_declaration	manual_semantic_rename	Applications
a144696BernsteinImage_horizontal_prec	a144696BernsteinImage_horizontal_strictInterl	3	2	lean_declaration	manual_semantic_rename	Applications
a144696BernsteinImage_prec	a144696BernsteinImage_strictInterl	2	1	lean_declaration	manual_semantic_rename	Applications
a144696BernsteinImage_shifted_prec	a144696BernsteinImage_shifted_strictInterl	1	1	lean_declaration	manual_semantic_rename	Applications
a144696BernsteinImage_vertical_prec	a144696BernsteinImage_vertical_strictInterl	1	1	lean_declaration	manual_semantic_rename	Applications
a144696Polynomial_reciprocal_prec	a144696Polynomial_reciprocal_strictInterl	2	1	lean_declaration	manual_semantic_rename	Applications
a144696Polynomial_reciprocal_prec_of_two_le	a144696Polynomial_reciprocal_strictInterl_of_two_le	2	1	lean_declaration	manual_semantic_rename	Applications
a206294Rows_pf_and_prec0	a206294Rows_pf_and_interl	1	1	lean_declaration	manual_semantic_rename	BrandenLeite
a207327Rows_pf_and_prec0	a207327Rows_pf_and_interl	2	1	lean_declaration	manual_semantic_rename	BrandenLeite
a358623_activeOffset_prec	a358623_activeOffset_strictInterl	1	1	tactic_declaration	manual_alias_then_migrate	Tactic
a358623Shifted_prec	a358623Shifted_strictInterl	1	1	tactic_declaration	manual_alias_then_migrate	Tactic
all_prec	all_strictInterl	13	3	tactic_reference	migrate_with_tactic_owner	Tactic
allComboRealRooted_left_X_mul_component_of_prec_left	allComboRealRooted_left_X_mul_component_of_strictInterl_left	5	1	lean_declaration	manual_semantic_rename	SymmetricDecomposition
allComboRealRooted_left_X_mul_component_of_prec_right	allComboRealRooted_left_X_mul_component_of_strictInterl_right	2	1	lean_declaration	manual_semantic_rename	SymmetricDecomposition
allComboRealRooted_of_prec	allComboRealRooted_of_strictInterl	32	21	lean_declaration	manual_semantic_rename	AffineFamily,AffineFamily.lean,BorceaBranden,Challenges,ClassicalHurwitzMatrix,CommonInterleaver,EulerOperator,EulerianMixedCompatibility.lean,FiniteFreeRootCount.lean,FolkloreLemma.lean,GeneralizedEulerian.lean,GeneralizedSnakePosets,Interlacing,InterlacingClosure.lean,ObreschkoffConverse,OperatorPreservesInterlacing.lean,SymmetricDecomposition,WangYeh
allComboRealRooted_of_prec_or_revPrec	allComboRealRooted_of_strictInterl_or_reverse	5	3	lean_declaration	manual_semantic_rename	CommonInterleaver
allComboRealRooted_of_prec_sameDegree	allComboRealRooted_of_strictInterl_sameDegree	2	1	lean_declaration	manual_semantic_rename	ObreschkoffConverse
allComboRealRooted_of_prec_sameDegree_of_no_common	allComboRealRooted_of_strictInterl_sameDegree_of_no_common	2	1	lean_declaration	manual_semantic_rename	ObreschkoffConverse
allComboRealRooted_of_prec_sameDegree_pos_of_no_common	allComboRealRooted_of_strictInterl_sameDegree_pos_of_no_common	2	1	lean_declaration	manual_semantic_rename	ObreschkoffConverse
allComboRealRooted_of_prec_succDegree	allComboRealRooted_of_strictInterl_succDegree	2	1	lean_declaration	manual_semantic_rename	ObreschkoffConverse
allComboRealRooted_of_prec_succDegree_pos	allComboRealRooted_of_strictInterl_succDegree_pos	2	1	lean_declaration	manual_semantic_rename	ObreschkoffConverse
aswEdreiChow_prec0_derangement	aswEdreiChow_interl_derangement	1	1	lean_declaration	manual_semantic_rename	BrandenVecchi
aswEdreiChow_prec0_succ	aswEdreiChow_interl_succ	2	1	lean_declaration	manual_semantic_rename	BrandenVecchi
aswEdreiChowDerangement_prec0_succ	aswEdreiChowDerangement_interl_succ	1	1	lean_declaration	manual_semantic_rename	BrandenVecchi
auxiliaryG_prec_succ_of_narayanaTwoModel	auxiliaryG_strictInterl_succ_of_narayanaTwoModel	2	1	lean_declaration	manual_semantic_rename	GeneralizedSnakePosets
bezout_sequence_posDef_of_strictPrecSameDegree	bezout_sequence_posDef_of_strictInterlSameDegree	2	1	tactic_declaration	manual_alias_then_migrate	Tactic
bezout_sequence_prec_of_posDef	bezout_sequence_strictInterl_of_posDef	2	1	tactic_declaration	manual_alias_then_migrate	Tactic
bezout_sequence_strictPrecSameDegree_of_posDef	bezout_sequence_strictInterlSameDegree_of_posDef	2	1	tactic_declaration	manual_alias_then_migrate	Tactic
bidiagonalOperator_prec_of_affineSymbol_stable	bidiagonalOperator_strictInterl_of_affineSymbol_stable	3	2	lean_declaration	manual_semantic_rename	BorceaBranden
binomialCompositionRows_pf_and_prec0	binomialCompositionRows_pf_and_interl	4	1	lean_declaration	manual_semantic_rename	BrandenLeite
binomialShiftedRodRows_pf_and_prec0	binomialShiftedRodRows_pf_and_interl	1	1	lean_declaration	manual_semantic_rename	BrandenLeite
binomialSymbolChow_prec0_succ	binomialSymbolChow_interl_succ	1	1	lean_declaration	manual_semantic_rename	BrandenVecchi
brandenBasisImage_adjacent_prec	brandenBasisImage_adjacent_strictInterl	2	1	lean_declaration	manual_semantic_rename	Transforms
brandenBasisImage_endpoint_prec	brandenBasisImage_endpoint_strictInterl	3	1	lean_declaration	manual_semantic_rename	Transforms
brandenBasisImage_first_prec	brandenBasisImage_first_strictInterl	1	1	lean_declaration	manual_semantic_rename	Transforms
brandenBasisImage_prec	brandenBasisImage_strictInterl	3	1	lean_declaration	manual_semantic_rename	Transforms
brandenBasisImage_zero_prec	brandenBasisImage_zero_strictInterl	4	2	lean_declaration	manual_semantic_rename	Transforms
brandenBasisWeightedSum_prec	brandenBasisWeightedSum_strictInterl	1	1	lean_declaration	manual_semantic_rename	Transforms
brandenBasisWeightedSum_prec0	brandenBasisWeightedSum_interl	1	1	lean_declaration	manual_semantic_rename	Transforms
brandenBasisWeightedSum_prec0_of_le	brandenBasisWeightedSum_interl_of_le	3	1	lean_declaration	manual_semantic_rename	Transforms
brandenBasisWeightedSum_prec_of_le	brandenBasisWeightedSum_strictInterl_of_le	2	1	lean_declaration	manual_semantic_rename	Transforms
brandenEulerStep_prec	brandenEulerStep_strictInterl	4	1	lean_declaration	manual_semantic_rename	Transforms
brandenSolusTheorem26_forward_of_prec_a_p_top_degree	brandenSolusTheorem26_forward_of_strictInterl_a_p_top_degree	2	1	lean_declaration	manual_semantic_rename	SymmetricDecomposition
brandenSolusTheorem26_forward_of_prec_b_a	brandenSolusTheorem26_forward_of_strictInterl_b_a	11	2	lean_declaration	manual_semantic_rename	Applications,SymmetricDecomposition
brandenSolusTheorem26_last_equiv_of_precFPolynomialTransport	brandenSolusTheorem26_last_equiv_of_strictInterlFPolynomialTransport	2	1	lean_declaration	manual_semantic_rename	SymmetricDecomposition
chowDerangement_prec0_succ_of_isTotallyNonneg	chowDerangement_interl_succ_of_isTotallyNonneg	3	2	lean_declaration	manual_semantic_rename	BrandenVecchi
chowDerangement_prec_succ_of_isTotallyNonneg_of_ne	chowDerangement_strictInterl_succ_of_isTotallyNonneg_of_ne	1	1	lean_declaration	manual_semantic_rename	BrandenVecchi
chowPolynomial_prec0_chowDerangement_of_isTotallyNonneg	chowPolynomial_interl_chowDerangement_of_isTotallyNonneg	3	2	lean_declaration	manual_semantic_rename	BrandenVecchi
chowPolynomial_prec0_succ_of_isTotallyNonneg	chowPolynomial_interl_succ_of_isTotallyNonneg	4	3	lean_declaration	manual_semantic_rename	BrandenVecchi
chowPolynomial_prec_chowDerangement_of_isTotallyNonneg_of_ne	chowPolynomial_strictInterl_chowDerangement_of_isTotallyNonneg_of_ne	1	1	lean_declaration	manual_semantic_rename	BrandenVecchi
chowPolynomial_prec_succ_of_isTotallyNonneg_of_ne	chowPolynomial_strictInterl_succ_of_isTotallyNonneg_of_ne	1	1	lean_declaration	manual_semantic_rename	BrandenVecchi
chowPolynomial_resolvingRowCombination_endpoint_prec0	chowPolynomial_resolvingRowCombination_endpoint_interl	2	1	lean_declaration	manual_semantic_rename	BrandenVecchi
chowPolynomial_resolvingRowCombination_endpoint_prec_of_ne	chowPolynomial_resolvingRowCombination_endpoint_strictInterl_of_ne	1	1	lean_declaration	manual_semantic_rename	BrandenVecchi
chowRowTransform_prec0_of_lt	chowRowTransform_interl_of_lt	3	1	lean_declaration	manual_semantic_rename	BrandenVecchi
chowS_nonnegCoeffs_and_prec	chowS_nonnegCoeffs_and_strictInterl	2	1	reference_or_local	migrate_with_declaration_owner	BrandenVecchi
chowS_nonnegCoeffs_and_prec0	chowS_nonnegCoeffs_and_interl	1	1	reference_or_local	migrate_with_declaration_owner	BrandenVecchi
chowS_nonnegCoeffs_and_prec0_self_reflect	chowS_nonnegCoeffs_and_interl_self_reflect	10	2	reference_or_local	migrate_with_declaration_owner	BrandenVecchi
chowS_nonnegCoeffs_and_prec_of_triple	chowS_nonnegCoeffs_and_strictInterl_of_triple	5	2	lean_declaration	manual_semantic_rename	BrandenVecchi
chowS_prec0	chowS_interl	3	2	reference_or_local	migrate_with_declaration_owner	BrandenVecchi
closeNamedDirectOrPrec	closeNamedDirectOrStrictInterl	3	1	tactic_declaration	manual_alias_then_migrate	Tactic
closePrec	closeStrictInterl	2	1	tactic_reference	migrate_with_tactic_owner	Tactic
coeff_zero_ne_of_prec_rotatedParts	coeff_zero_ne_of_strictInterl_rotatedParts	3	1	lean_declaration	manual_semantic_rename	ClassicalHurwitzMatrix
commonLeftInterleaverShiftedSlot_of_precLeft	commonLeftInterleaverShiftedSlot_of_strictInterlLeft	2	1	lean_declaration	manual_semantic_rename	CommonInterleaver
compatible_X_left_of_prec_nonneg	compatible_X_left_of_strictInterl_nonneg	4	1	lean_declaration	manual_semantic_rename	Compatibility
compatibleSuccDegreeEndpointSignLowerCountEq_of_prec	compatibleSuccDegreeEndpointSignLowerCountEq_of_strictInterl	2	1	lean_declaration	manual_semantic_rename	CommonInterleaver
compatibleSuccDegreePrec_of_allCombo	compatibleSuccDegreeStrictInterl_of_allCombo	5	2	lean_declaration	manual_semantic_rename	CommonInterleaver
compatibleSuccDegreePrec_of_allComboBridge	compatibleSuccDegreeStrictInterl_of_allComboBridge	1	1	lean_declaration	manual_semantic_rename	CommonInterleaver
compatibleSuccDegreePrec_of_negativeRightFamily	compatibleSuccDegreeStrictInterl_of_negativeRightFamily	2	1	lean_declaration	manual_semantic_rename	CommonInterleaver
compatibleSuccDegreePrec_of_negativeRightFamily_nonnegShift	compatibleSuccDegreeStrictInterl_of_negativeRightFamily_nonnegShift	1	1	lean_declaration	manual_semantic_rename	CommonInterleaver
compatibleSuccDegreePrec_of_noCommonOrientation	compatibleSuccDegreeStrictInterl_of_noCommonOrientation	1	1	lean_declaration	manual_semantic_rename	CommonInterleaver
compatibleSuccDegreePrec_of_signedRightFamily	compatibleSuccDegreeStrictInterl_of_signedRightFamily	1	1	lean_declaration	manual_semantic_rename	CommonInterleaver
CompatibleSuccDegreePrecStatement	CompatibleSuccDegreeStrictInterlStatement	9	3	statement_scaffold	manual_semantic_rename	CommonInterleaver,CommonInterleaverExamples.lean
compositionRows_mk_pf_and_prec0_of_zero	compositionRows_mk_pf_and_interl_of_zero	4	2	lean_declaration	manual_semantic_rename	BrandenLeite
compositionRows_positivePartSeries_pf_and_prec0	compositionRows_positivePartSeries_pf_and_interl	2	1	lean_declaration	manual_semantic_rename	BrandenLeite
consecutive_signedTriangleFamily_prec	consecutive_signedTriangleFamily_strictInterl	2	1	lean_declaration	manual_semantic_rename	ParkingFunctions
consecutive_signedTriangleFamily_strictPrec	consecutive_signedTriangleFamily_strictInterlSameDegree	2	1	lean_declaration	manual_semantic_rename	ParkingFunctions
cross_prec	cross_strictInterl	3	2	tactic_reference	migrate_with_tactic_owner	Tactic
cutPrefix_prec0_cutStrictSuffix	cutPrefix_interl_cutStrictSuffix	2	1	lean_declaration	manual_semantic_rename	Compatibility
cutPrefix_prec0_reverse	cutPrefix_interl_reverse	2	1	lean_declaration	manual_semantic_rename	Compatibility
cutStrictSuffix_prec0_forward	cutStrictSuffix_interl_forward	2	1	lean_declaration	manual_semantic_rename	Compatibility
darbouxOperator_shift_prec	darbouxOperator_shift_strictInterl	1	1	lean_declaration	manual_semantic_rename	EulerOperator
decoEulerian_prec	decoEulerian_strictInterl	2	1	lean_declaration	manual_semantic_rename	Applications
decoEulerian_prec_and_noCommonRoot	decoEulerian_strictInterl_and_noCommonRoot	1	1	lean_declaration	manual_semantic_rename	Applications
decoLayerTotalTwoPrecursor	decoLayerTotalTwoPrecursor	5	1	lexical_false_positive	keep_unchanged	Applications
decoLayerTotalTwoPrecursor_mvRealStable	decoLayerTotalTwoPrecursor_mvRealStable	2	1	lexical_false_positive	keep_unchanged	Applications
decoratedCycleEulerian_prec	decoratedCycleEulerian_strictInterl	4	1	lean_declaration	manual_semantic_rename	Applications
DegreeDropDivXPrec	DegreeDropDivXStrictInterl	6	6	reference_or_local	migrate_with_declaration_owner	ClassicalHurwitzMatrix,CommonInterleaver,Production.lean,Transforms,root
Deprecated	Deprecated	21	8	lexical_false_positive	keep_unchanged	Basic,GarloffWagner,Interlacing,InterlacingSequence,JensenPencilContraction.lean,Linear.lean,PosCombo.lean,ThresholdMatrix
deprecated	deprecated	52	13	lexical_false_positive	keep_unchanged	Basic,Bezoutian,CommonInterleaver,GarloffWagner,Interlacing,InterlacingSequence,JensenPencilContraction.lean,Linear.lean,OrderedRoots.lean,PosCombo.lean,SimpleRoots.lean,ThresholdMatrix,Wronskian
derivative_common_factor_quotient_prec	derivative_common_factor_quotient_strictInterl	2	1	lean_declaration	manual_semantic_rename	IteratedDerivativeShift.lean
derivative_prec	derivative_strictInterl	4	1	tactic_declaration	manual_alias_then_migrate	Tactic
derivative_prec0_of_prec	derivative_interl_of_strictInterl	3	1	lean_declaration	manual_semantic_rename	ObreschkoffConverse
derivative_prec0_of_prec0	derivative_interl_of_interl	3	1	lean_declaration	manual_semantic_rename	ObreschkoffConverse
derivative_prec0_of_prec_sameDegree	derivative_interl_of_strictInterl_sameDegree	3	1	lean_declaration	manual_semantic_rename	ObreschkoffConverse
derivative_prec0_of_prec_succDegree	derivative_interl_of_strictInterl_succDegree	4	1	lean_declaration	manual_semantic_rename	ObreschkoffConverse
derivative_prec0_or_revPrec0_of_prec_sameDegree	derivative_interl_or_reverse_of_strictInterl_sameDegree	2	1	lean_declaration	manual_semantic_rename	ObreschkoffConverse
derivative_prec0_self	derivative_interl_self	7	2	reference_or_local	migrate_with_declaration_owner	GarloffWagner,Transforms
derivative_prec_of_prec_sameDegree	derivative_strictInterl_of_strictInterl_sameDegree	4	1	lean_declaration	manual_semantic_rename	ObreschkoffConverse
derivative_prec_of_prec_succDegree	derivative_strictInterl_of_strictInterl_succDegree	1	1	lean_declaration	manual_semantic_rename	ObreschkoffConverse
derivative_prec_TDeriv_of_natDegree_one	derivative_strictInterl_TDeriv_of_natDegree_one	5	2	lean_declaration	manual_semantic_rename	GarloffWagner,IteratedDerivativeShift.lean
derivative_prec_TDeriv_of_nonpos_of_common_factor	derivative_strictInterl_TDeriv_of_nonpos_of_common_factor	3	2	lean_declaration	manual_semantic_rename	GarloffWagner,IteratedDerivativeShift.lean
derivative_prec_TDeriv_of_nonpos_of_common_factor_no_common	derivative_strictInterl_TDeriv_of_nonpos_of_common_factor_no_common	3	2	lean_declaration	manual_semantic_rename	GarloffWagner,IteratedDerivativeShift.lean
derivative_prec_TDeriv_of_nonpos_of_coprime	derivative_strictInterl_TDeriv_of_nonpos_of_coprime	3	2	lean_declaration	manual_semantic_rename	GarloffWagner,IteratedDerivativeShift.lean
derivative_prec_TDeriv_of_nonpos_of_hasSimpleRootsExcept_zero	derivative_strictInterl_TDeriv_of_nonpos_of_hasSimpleRootsExcept_zero	2	2	lean_declaration	manual_semantic_rename	GarloffWagner,IteratedDerivativeShift.lean
derivative_prec_TDeriv_of_nonpos_of_pow_X_sub_C_factor_hasSimpleRoots	derivative_strictInterl_TDeriv_of_nonpos_of_pow_X_sub_C_factor_hasSimpleRoots	3	2	lean_declaration	manual_semantic_rename	GarloffWagner,IteratedDerivativeShift.lean
derivative_prec_TDeriv_of_nonpos_of_pow_X_sub_C_factor_no_common	derivative_strictInterl_TDeriv_of_nonpos_of_pow_X_sub_C_factor_no_common	2	1	lean_declaration	manual_semantic_rename	IteratedDerivativeShift.lean
derivative_prec_TDeriv_of_nonpos_of_rootMultiplicity_factor_hasSimpleRoots	derivative_strictInterl_TDeriv_of_nonpos_of_rootMultiplicity_factor_hasSimpleRoots	3	2	lean_declaration	manual_semantic_rename	GarloffWagner,IteratedDerivativeShift.lean
derivative_prec_TDeriv_of_nonpos_of_rootMultiplicity_factor_hasSimpleRootsExcept	derivative_strictInterl_TDeriv_of_nonpos_of_rootMultiplicity_factor_hasSimpleRootsExcept	3	2	lean_declaration	manual_semantic_rename	GarloffWagner,IteratedDerivativeShift.lean
derivative_prec_TDeriv_of_splits	derivative_strictInterl_TDeriv_of_splits	2	1	lean_declaration	manual_semantic_rename	GarloffWagner
derivative_roots_sum_le_of_prec_sameDegree_monic	derivative_roots_sum_le_of_strictInterl_sameDegree_monic	2	1	lean_declaration	manual_semantic_rename	ObreschkoffConverse
derivative_sequence_prec	derivative_sequence_strictInterl	2	1	tactic_declaration	manual_alias_then_migrate	Tactic
derivativePreservesPrec0	derivativePreservesInterl	10	3	lean_declaration	manual_semantic_rename	EulerOperator,EulerOperator.lean,ObreschkoffConverse
derivativePreservesPrec0_of_sameDegree	derivativePreservesInterl_of_sameDegree	2	1	lean_declaration	manual_semantic_rename	ObreschkoffConverse
derivativePreservesPrec0Statement	derivativePreservesInterlStatement	5	3	statement_scaffold	manual_semantic_rename	Derivative,EulerOperator.lean,ObreschkoffConverse
derivativePreservesPrecSameDegree	derivativePreservesStrictInterlSameDegree	7	1	lean_declaration	manual_semantic_rename	ObreschkoffConverse
derivativePreservesPrecSameDegree_monicPrec_of_monic	derivativePreservesStrictInterlSameDegree_monicStrictInterl_of_monic	1	1	lean_declaration	manual_semantic_rename	ObreschkoffConverse
derivativePreservesPrecSameDegree_of_monic	derivativePreservesStrictInterlSameDegree_of_monic	2	1	lean_declaration	manual_semantic_rename	ObreschkoffConverse
derivativePreservesPrecSameDegree_of_monicPrec	derivativePreservesStrictInterlSameDegree_of_monicStrictInterl	1	1	lean_declaration	manual_semantic_rename	ObreschkoffConverse
derivativePreservesPrecSameDegree_of_posLeading	derivativePreservesStrictInterlSameDegree_of_posLeading	2	1	lean_declaration	manual_semantic_rename	ObreschkoffConverse
derivativePreservesPrecSameDegree_of_two_le_natDegree	derivativePreservesStrictInterlSameDegree_of_two_le_natDegree	2	1	lean_declaration	manual_semantic_rename	ObreschkoffConverse
derivativePreservesPrecSameDegreeOfTwoLeNatDegreeMonic	derivativePreservesStrictInterlSameDegreeOfTwoLeNatDegreeMonic	2	1	lean_declaration	manual_semantic_rename	ObreschkoffConverse
derivativePreservesPrecSameDegreeOfTwoLeNatDegreeMonicPrecStatement	derivativePreservesStrictInterlSameDegreeOfTwoLeNatDegreeMonicStrictInterlStatement	3	1	statement_scaffold	manual_semantic_rename	ObreschkoffConverse
derivativePreservesPrecSameDegreeOfTwoLeNatDegreeMonicStatement	derivativePreservesStrictInterlSameDegreeOfTwoLeNatDegreeMonicStatement	5	1	statement_scaffold	manual_semantic_rename	ObreschkoffConverse
derivativePreservesPrecSameDegreeOfTwoLeNatDegreePosLeadingStatement	derivativePreservesStrictInterlSameDegreeOfTwoLeNatDegreePosLeadingStatement	3	1	statement_scaffold	manual_semantic_rename	ObreschkoffConverse
derivativePreservesPrecSameDegreeOfTwoLeNatDegreeStatement	derivativePreservesStrictInterlSameDegreeOfTwoLeNatDegreeStatement	3	1	statement_scaffold	manual_semantic_rename	ObreschkoffConverse
derivativePreservesPrecSameDegreeStatement	derivativePreservesStrictInterlSameDegreeStatement	4	1	statement_scaffold	manual_semantic_rename	ObreschkoffConverse
diagonal_admissibleCodePolynomial_prec	diagonal_admissibleCodePolynomial_strictInterl	1	1	lean_declaration	manual_semantic_rename	Applications
diagonal_normalizedFiberPolynomial_prec	diagonal_normalizedFiberPolynomial_strictInterl	1	1	lean_declaration	manual_semantic_rename	Applications
divX_prec	divX_strictInterl	12	3	tactic_reference	migrate_with_tactic_owner	Tactic
divX_realRooted_of_prec_coeff_zero	divX_realRooted_of_strictInterl_coeff_zero	2	1	lean_declaration	manual_semantic_rename	DegreeDropDivXPrec.lean
divX_roots_nonpos_of_prec_hasNonnegCoeffs	divX_roots_nonpos_of_strictInterl_hasNonnegCoeffs	2	1	lean_declaration	manual_semantic_rename	DegreeDropDivXPrec.lean
eq_of_prec_sameDegree_of_leadingCoeff_eq_of_roots_sum_eq	eq_of_strictInterl_sameDegree_of_leadingCoeff_eq_of_roots_sum_eq	2	1	lean_declaration	manual_semantic_rename	Interlacing
eqOn_zero_of_preconnected_of_frequently_eq_zero	eqOn_zero_of_preconnected_of_frequently_eq_zero	1	1	lexical_false_positive	keep_unchanged	MultiplierSequence
eulerBidiagonalStep_prec	eulerBidiagonalStep_strictInterl	1	1	lean_declaration	manual_semantic_rename	BorceaBranden
eulerBidiagonalStepWithConstant_prec	eulerBidiagonalStepWithConstant_strictInterl	2	2	lean_declaration	manual_semantic_rename	BorceaBranden,EulerianCompletion.lean
eulerInsertionStep_derivative_prec_zeroStep	eulerInsertionStep_derivative_strictInterl_zeroStep	3	1	lean_declaration	manual_semantic_rename	EulerianCompletion.lean
eulerInsertionStep_one_prec	eulerInsertionStep_one_strictInterl	3	1	lean_declaration	manual_semantic_rename	EulerianCompletion.lean
eval_add_mul_eval_left_nonneg_of_prec_right	eval_add_mul_eval_left_nonneg_of_strictInterl_right	1	1	lean_declaration	manual_semantic_rename	WagnerRightSum
eval_add_mul_eval_right_nonneg_of_prec_right	eval_add_mul_eval_right_nonneg_of_strictInterl_right	1	1	lean_declaration	manual_semantic_rename	WagnerRightSum
eval_cross_le_of_prec_sameDegree_of_nonneg	eval_cross_le_of_strictInterl_sameDegree_of_nonneg	3	2	lean_declaration	manual_semantic_rename	BrandenVecchi,ProductOrientation.lean
eval_mul_derivative_neg_of_prec_left_root_of_isCoprime	eval_mul_derivative_neg_of_strictInterl_left_root_of_isCoprime	3	1	lean_declaration	manual_semantic_rename	Interlacing
eval_mul_derivative_neg_of_prec_left_root_of_no_common	eval_mul_derivative_neg_of_strictInterl_left_root_of_no_common	1	1	lean_declaration	manual_semantic_rename	Interlacing
eval_mul_derivative_nonneg_of_prec_right_root	eval_mul_derivative_nonneg_of_strictInterl_right_root	7	3	lean_declaration	manual_semantic_rename	Interlacing
eval_mul_derivative_nonpos_of_prec_left_root	eval_mul_derivative_nonpos_of_strictInterl_left_root	4	1	lean_declaration	manual_semantic_rename	Interlacing
eval_mul_derivative_pos_of_prec_right_root_of_isCoprime	eval_mul_derivative_pos_of_strictInterl_right_root_of_isCoprime	4	1	lean_declaration	manual_semantic_rename	Interlacing
eval_mul_derivative_pos_of_prec_right_root_of_no_common	eval_mul_derivative_pos_of_strictInterl_right_root_of_no_common	1	1	lean_declaration	manual_semantic_rename	Interlacing
eval_mul_eval_neg_of_prec_sandwich_of_isCoprime	eval_mul_eval_neg_of_strictInterl_sandwich_of_isCoprime	2	1	lean_declaration	manual_semantic_rename	Interlacing
eval_mul_eval_neg_of_prec_sandwich_of_no_common	eval_mul_eval_neg_of_strictInterl_sandwich_of_no_common	1	1	lean_declaration	manual_semantic_rename	Interlacing
eval_mul_eval_nonneg_of_prec_right	eval_mul_eval_nonneg_of_strictInterl_right	13	8	lean_declaration	manual_semantic_rename	DerivativeRecurrence,GarloffWagner,GeneralizedLiuWang.lean,Interlacing,UpperDerivativeInterlace.lean,WagnerRightSum
eval_mul_eval_nonpos_of_prec_sandwich	eval_mul_eval_nonpos_of_strictInterl_sandwich	1	1	lean_declaration	manual_semantic_rename	Interlacing
exceptionalBasePolynomial_prec_exceptionalEulerInverse	exceptionalBasePolynomial_strictInterl_exceptionalEulerInverse	2	1	lean_declaration	manual_semantic_rename	ParkingFunctions
exceptionalEulerInverse_prec	exceptionalEulerInverse_strictInterl	1	1	lean_declaration	manual_semantic_rename	ParkingFunctions
exceptionalEulerInverse_upper_prec_lower	exceptionalEulerInverse_upper_strictInterl_lower	3	2	lean_declaration	manual_semantic_rename	ParkingFunctions
exists_precLeft_factor_of_right_isRoot	exists_strictInterlLeft_factor_of_right_isRoot	2	2	lean_declaration	manual_semantic_rename	GarloffWagner
exists_precResidual_factor_of_right_rootMultiplicity	exists_strictInterlResidual_factor_of_right_rootMultiplicity	3	2	lean_declaration	manual_semantic_rename	GarloffWagner
exists_rightmost_factor_interlaces_of_prec_sameDegree	exists_rightmost_factor_interlaces_of_strictInterl_sameDegree	3	3	tactic_declaration	manual_alias_then_migrate	AffineFamily,CommonInterleaver,Tactic
finiteSignedWordEnumerator_prec0_succ	finiteSignedWordEnumerator_interl_succ	1	1	lean_declaration	manual_semantic_rename	BrandenVecchi
finiteSupersymmetricChow_prec0_derangement	finiteSupersymmetricChow_interl_derangement	2	2	lean_declaration	manual_semantic_rename	BrandenVecchi
finiteSupersymmetricChow_prec0_succ	finiteSupersymmetricChow_interl_succ	3	3	lean_declaration	manual_semantic_rename	BrandenVecchi
finiteSupersymmetricChowDerangement_prec0_succ	finiteSupersymmetricChowDerangement_interl_succ	2	2	lean_declaration	manual_semantic_rename	BrandenVecchi
finiteToeplitz_kernelRows_pf_and_prec0	finiteToeplitz_kernelRows_pf_and_interl	3	1	lean_declaration	manual_semantic_rename	BrandenLeite
first_prec	first_strictInterl	7	3	tactic_reference	migrate_with_tactic_owner	Tactic
forall_isRoot_im_neg_of_isPreconnected	forall_isRoot_im_neg_of_isPreconnected	2	2	lexical_false_positive	keep_unchanged	Hyperbolicity.lean,Mathlib
forall_isRoot_mem_of_isPreconnected	forall_isRoot_mem_of_isPreconnected	3	2	lexical_false_positive	keep_unchanged	Hyperbolicity.lean,Mathlib
full_to_prec	full_to_strictInterl	19	3	tactic_reference	migrate_with_tactic_owner	Tactic
full_to_prec0	full_to_interl	18	2	tactic_reference	migrate_with_tactic_owner	Tactic
fullyInterlacingPairInterlace_of_oddEvenStableToPrec	fullyInterlacingPairInterlace_of_oddEvenStableToStrictInterl	1	1	lean_declaration	manual_semantic_rename	VeroneseSection.lean
fullyInterlacingPairToPrec0_of_forwardASW_interlace	fullyInterlacingPairToInterl_of_forwardASW_interlace	1	1	lean_declaration	manual_semantic_rename	VeroneseSection.lean
FullyInterlacingPairToPrec0Statement	FullyInterlacingPairToInterlStatement	28	4	statement_scaffold	manual_semantic_rename	Hadamard,Tactic,VeroneseSection.lean
FullyInterlacingPairToPrecStatement	FullyInterlacingPairToStrictInterlStatement	23	4	statement_scaffold	manual_semantic_rename	Tactic,VeroneseSection.lean
gammaOperator_prec0_or_revPrec0	gammaOperator_interl_or_reverse	1	1	lean_declaration	manual_semantic_rename	GammaPencil
gammaSymbol_even_prec	gammaSymbol_even_strictInterl	2	1	lean_declaration	manual_semantic_rename	GammaPencil
gammaSymbol_odd_prec	gammaSymbol_odd_strictInterl	2	1	lean_declaration	manual_semantic_rename	GammaPencil
gammaU_prec_gammaV	gammaU_strictInterl_gammaV	1	1	lean_declaration	manual_semantic_rename	GammaPencil
garloffWagnerHadamardNonnegPrec	garloffWagnerHadamardNonnegInterl	6	4	tactic_declaration	manual_alias_then_migrate	Challenges,Hadamard,Tactic
garloffWagnerHadamardNonnegPrec_of_oddEven	garloffWagnerHadamardNonnegInterl_of_oddEven	1	1	lean_declaration	manual_semantic_rename	Hadamard
garloffWagnerHadamardNonnegRealRooted_of_nonnegPrec	garloffWagnerHadamardNonnegRealRooted_of_nonnegStrictInterl	4	2	tactic_declaration	manual_alias_then_migrate	Hadamard,Tactic
garloffWagnerHadamardPFPrec0_of_nonnegPrec	garloffWagnerHadamardPFInterl_of_nonnegStrictInterl	5	2	tactic_declaration	manual_alias_then_migrate	Hadamard,Tactic
garloffWagnerHadamardPFPrec0_of_prec	garloffWagnerHadamardPFInterl_of_strictInterl	3	1	lean_declaration	manual_semantic_rename	Hadamard
garloffWagnerHadamardPFPrec0Statement	garloffWagnerHadamardPFInterlStatement	7	1	statement_scaffold	manual_semantic_rename	Hadamard
garloffWagnerHadamardPFPrec_of_nonnegPrec	garloffWagnerHadamardPFStrictInterl_of_nonnegStrictInterl	2	1	lean_declaration	manual_semantic_rename	Hadamard
garloffWagnerHadamardPFPrecStatement	garloffWagnerHadamardPFStrictInterlStatement	4	1	statement_scaffold	manual_semantic_rename	Hadamard
generalizedLaguerre_prec_succ	generalizedLaguerre_strictInterl_succ	1	1	lean_declaration	manual_semantic_rename	Laguerre
generalizedRisingFactorialPreservesPF_shiftPrec	generalizedRisingFactorialPreservesPF_shiftStrictInterl	2	1	lean_declaration	manual_semantic_rename	NarayanaTransformation
gwHadamardProduct_prec0	gwHadamardProduct_interl	3	1	lean_declaration	manual_semantic_rename	GarloffWagner
gwHadamardProduct_prec0_of_doubleDeleted	gwHadamardProduct_interl_of_doubleDeleted	2	1	lean_declaration	manual_semantic_rename	GarloffWagner
gwHadamardProductNonnegPrec	gwHadamardProductNonnegInterl	2	2	lean_declaration	manual_semantic_rename	GarloffWagner,Hadamard
gwHadamardProductPrec0	gwHadamardProductInterl	4	2	lean_declaration	manual_semantic_rename	GarloffWagner
gwHadamardProductPrec0_left	gwHadamardProductInterl_left	1	1	lean_declaration	manual_semantic_rename	GarloffWagner
gwHadamardProductPrec0_of_prec	gwHadamardProductInterl_of_strictInterl	2	1	lean_declaration	manual_semantic_rename	GarloffWagner
gwJL_factor_prec_of_nonpos	gwJL_factor_strictInterl_of_nonpos	1	1	lean_declaration	manual_semantic_rename	GarloffWagner
gwJL_factor_prec_of_nonpos_of_common_factor	gwJL_factor_strictInterl_of_nonpos_of_common_factor	1	1	lean_declaration	manual_semantic_rename	GarloffWagner
gwJL_factor_prec_of_nonpos_of_common_factor_no_common	gwJL_factor_strictInterl_of_nonpos_of_common_factor_no_common	1	1	lean_declaration	manual_semantic_rename	GarloffWagner
gwJL_factor_prec_of_nonpos_of_coprime	gwJL_factor_strictInterl_of_nonpos_of_coprime	1	1	lean_declaration	manual_semantic_rename	GarloffWagner
gwJL_factor_prec_of_nonpos_of_hasSimpleRootsExcept_zero	gwJL_factor_strictInterl_of_nonpos_of_hasSimpleRootsExcept_zero	2	1	lean_declaration	manual_semantic_rename	GarloffWagner
gwJL_factor_prec_of_nonpos_of_pow_X_sub_C_factor_hasSimpleRoots	gwJL_factor_strictInterl_of_nonpos_of_pow_X_sub_C_factor_hasSimpleRoots	1	1	lean_declaration	manual_semantic_rename	GarloffWagner
gwJL_factor_prec_of_nonpos_of_rootMultiplicity_factor_hasSimpleRoots	gwJL_factor_strictInterl_of_nonpos_of_rootMultiplicity_factor_hasSimpleRoots	1	1	lean_declaration	manual_semantic_rename	GarloffWagner
gwJL_factor_prec_of_nonpos_of_rootMultiplicity_factor_hasSimpleRootsExcept	gwJL_factor_strictInterl_of_nonpos_of_rootMultiplicity_factor_hasSimpleRootsExcept	1	1	lean_declaration	manual_semantic_rename	GarloffWagner
gwJL_factor_prec_of_splits	gwJL_factor_strictInterl_of_splits	2	2	lean_declaration	manual_semantic_rename	GarloffWagner
gwJL_prec	gwJL_strictInterl	2	2	lean_declaration	manual_semantic_rename	GarloffWagner
gwJL_prec_of_kreinSummandExpansion	gwJL_strictInterl_of_kreinSummandExpansion	2	1	lean_declaration	manual_semantic_rename	GarloffWagner
gwJL_prec_of_rightWeightedExpansion	gwJL_strictInterl_of_rightWeightedExpansion	3	2	lean_declaration	manual_semantic_rename	GarloffWagner
gwJL_prec_of_weightedCompatibleExpansion	gwJL_strictInterl_of_weightedCompatibleExpansion	2	1	lean_declaration	manual_semantic_rename	GarloffWagner
gwJL_weightedExpansion_prec_right	gwJL_weightedExpansion_strictInterl_right	2	1	lean_declaration	manual_semantic_rename	GarloffWagner
gwL_prec	gwL_strictInterl	2	1	lean_declaration	manual_semantic_rename	GarloffWagner
gwL_prec0	gwL_interl	3	2	lean_declaration	manual_semantic_rename	GarloffWagner
gwL_sub_C_mul_gwD_gwL_prec0_self	gwL_sub_C_mul_gwD_gwL_interl_self	4	2	lean_declaration	manual_semantic_rename	GarloffWagner
gwSchurProduct_derivative_prec0_self_of_prec	gwSchurProduct_derivative_interl_self_of_strictInterl	1	1	lean_declaration	manual_semantic_rename	GarloffWagner
gwSchurProduct_firstDoubleDeletedTerm_prec0	gwSchurProduct_firstDoubleDeletedTerm_interl	2	1	lean_declaration	manual_semantic_rename	GarloffWagner
gwSchurProduct_pf_right_linearFactor_of_derivative_prec0	gwSchurProduct_pf_right_linearFactor_of_derivative_interl	2	1	lean_declaration	manual_semantic_rename	GarloffWagner
gwSchurProduct_prec0	gwSchurProduct_interl	3	1	lean_declaration	manual_semantic_rename	GarloffWagner
gwSchurProduct_prec0_left_linearFactor_of_derivative_prec0	gwSchurProduct_interl_left_linearFactor_of_derivative_interl	2	1	lean_declaration	manual_semantic_rename	GarloffWagner
gwSchurProduct_prec0_of_derivative	gwSchurProduct_interl_of_derivative	1	1	lean_declaration	manual_semantic_rename	GarloffWagner
gwSchurProduct_prec0_of_doubleDeleted	gwSchurProduct_interl_of_doubleDeleted	1	1	lean_declaration	manual_semantic_rename	GarloffWagner
gwSchurProduct_prec0_of_kreinDeletedFactor	gwSchurProduct_interl_of_kreinDeletedFactor	3	1	lean_declaration	manual_semantic_rename	GarloffWagner
gwSchurProduct_prec0_of_kreinSummandExpansion	gwSchurProduct_interl_of_kreinSummandExpansion	2	1	lean_declaration	manual_semantic_rename	GarloffWagner
gwSchurProduct_prec0_of_kreinSummandExpansion_of_derivative	gwSchurProduct_interl_of_kreinSummandExpansion_of_derivative	2	1	lean_declaration	manual_semantic_rename	GarloffWagner
gwSchurProduct_prec0_of_right_natDegree_eq_zero	gwSchurProduct_interl_of_right_natDegree_eq_zero	2	1	lean_declaration	manual_semantic_rename	GarloffWagner
gwSchurProduct_prec0_of_weightedSum_right	gwSchurProduct_interl_of_weightedSum_right	2	1	lean_declaration	manual_semantic_rename	GarloffWagner
gwSchurProduct_prec0_right_linearFactor_of_derivative_prec0	gwSchurProduct_interl_right_linearFactor_of_derivative_interl	4	1	lean_declaration	manual_semantic_rename	GarloffWagner
gwSchurProduct_secondDoubleDeletedTerm_prec0	gwSchurProduct_secondDoubleDeletedTerm_interl	2	1	lean_declaration	manual_semantic_rename	GarloffWagner
gwSchurProductPF_of_prec	gwSchurProductPF_of_strictInterl	1	1	lean_declaration	manual_semantic_rename	GarloffWagner
gwSchurProductPFAndPrec	gwSchurProductPFAndStrictInterl	3	1	lean_declaration	manual_semantic_rename	GarloffWagner
gwSchurProductPrec	gwSchurProductStrictInterl	2	1	lean_declaration	manual_semantic_rename	GarloffWagner
gwSchurProductPrec0	gwSchurProductInterl	5	2	lean_declaration	manual_semantic_rename	GarloffWagner
gwSchurProductPrec0_left	gwSchurProductInterl_left	3	2	lean_declaration	manual_semantic_rename	GarloffWagner
gwSchurProductPrec0_of_prec	gwSchurProductInterl_of_strictInterl	3	1	lean_declaration	manual_semantic_rename	GarloffWagner
gwSchurProductPrecStatement	gwSchurProductStrictInterlStatement	6	1	statement_scaffold	manual_semantic_rename	GarloffWagner
gwTheorem11Prec	gwTheorem11StrictInterl	2	2	lean_declaration	manual_semantic_rename	GarloffWagner
gwTheorem11Prec_of_kreinSummandExpansion	gwTheorem11StrictInterl_of_kreinSummandExpansion	2	1	lean_declaration	manual_semantic_rename	GarloffWagner
gwTheorem11Prec_of_rightWeightedExpansion	gwTheorem11StrictInterl_of_rightWeightedExpansion	1	1	lean_declaration	manual_semantic_rename	GarloffWagner
gwTheorem11Prec_of_weightedCompatibleExpansion	gwTheorem11StrictInterl_of_weightedCompatibleExpansion	1	1	lean_declaration	manual_semantic_rename	GarloffWagner
gwTheorem11PrecKreinSummandExpansion	gwTheorem11StrictInterlKreinSummandExpansion	6	4	lean_declaration	manual_semantic_rename	GarloffWagner,Transforms
gwTheorem11PrecKreinSummandExpansionStatement	gwTheorem11StrictInterlKreinSummandExpansionStatement	3	1	statement_scaffold	manual_semantic_rename	GarloffWagner
gwTheorem11PrecRightWeightedExpansionStatement	gwTheorem11StrictInterlRightWeightedExpansionStatement	3	1	statement_scaffold	manual_semantic_rename	GarloffWagner
gwTheorem11PrecStatement	gwTheorem11StrictInterlStatement	5	2	statement_scaffold	manual_semantic_rename	GarloffWagner
gwTheorem11PrecWeightedExpansionStatement	gwTheorem11StrictInterlWeightedExpansionStatement	2	1	statement_scaffold	manual_semantic_rename	GarloffWagner
gwTheorem11RevPrec_of_rightWeightedExpansion	gwTheorem11ReverseStrictInterl_of_rightWeightedExpansion	1	1	lean_declaration	manual_semantic_rename	GarloffWagner
h_prec	h_strictInterl	3	1	local_hypothesis	style_only_after_api_owner	HermiteBiehler
ha_sum_prec	ha_sum_strictInterl	3	1	local_hypothesis	style_only_after_api_owner	ProductSequence
hadamardProduct_prec0_of_kreinSummandExpansion_left	hadamardProduct_interl_of_kreinSummandExpansion_left	2	1	lean_declaration	manual_semantic_rename	GarloffWagner
hadamardProduct_prec0_of_kreinSummandExpansions	hadamardProduct_interl_of_kreinSummandExpansions	2	1	lean_declaration	manual_semantic_rename	GarloffWagner
hadamardProduct_prec0_of_nonneg_prec	hadamardProduct_interl_of_nonneg_strictInterl	3	1	tactic_declaration	manual_alias_then_migrate	Tactic
hadamardProduct_preserves_pf_of_nonnegPrec	hadamardProduct_preserves_pf_of_nonnegStrictInterl	7	2	tactic_declaration	manual_alias_then_migrate	Hadamard,Tactic
hadamardProduct_preserves_prec0_left	hadamardProduct_preserves_interl_left	2	2	tactic_declaration	manual_alias_then_migrate	Hadamard,Tactic
hadamardProduct_preserves_prec0_right	hadamardProduct_preserves_interl_right	3	2	tactic_declaration	manual_alias_then_migrate	Hadamard,Tactic
hadamardProduct_sequence_prec0	hadamardProduct_sequence_interl	2	1	tactic_declaration	manual_alias_then_migrate	Tactic
hadamardReciprocalConeClosure_of_garloffWagner_prec	hadamardReciprocalConeClosure_of_garloffWagner_strictInterl	1	1	lean_declaration	manual_semantic_rename	Hadamard
hadamardReciprocalConeClosure_of_garloffWagner_prec0	hadamardReciprocalConeClosure_of_garloffWagner_interl	2	1	lean_declaration	manual_semantic_rename	Hadamard
has2x2InterlacingProperty_sameColumn_of_prec_nonneg	has2x2InterlacingProperty_sameColumn_of_strictInterl_nonneg	3	2	lean_declaration	manual_semantic_rename	AffineFamily,MatrixInterlacing
hbasePrecUpper	hbaseStrictInterlUpper	2	1	local_hypothesis	style_only_after_api_owner	ParkingFunctions
hCp_prec	hCp_strictInterl	2	1	local_hypothesis	style_only_after_api_owner	WeightedSum.lean
hder_prec	hder_strictInterl	2	1	local_hypothesis	style_only_after_api_owner	Interlacing
hdiv_prec	hdiv_strictInterl	2	1	local_hypothesis	style_only_after_api_owner	BrandenVecchi
hermiteBiehlerPrec_sequence	hermiteBiehlerStrictInterl_sequence	2	1	tactic_declaration	manual_alias_then_migrate	Tactic
hermiteReal_prec_succ	hermiteReal_strictInterl_succ	3	1	lean_declaration	manual_semantic_rename	Hermite
hf_prec	hf_strictInterl	8	2	local_hypothesis	style_only_after_api_owner	CommonInterleaver
hfactor_prec	hfactor_strictInterl	4	1	local_hypothesis	style_only_after_api_owner	BrandenVecchi
hFullToPrec	hFullToStrictInterl	56	4	local_hypothesis	style_only_after_api_owner	Tactic,VeroneseSection.lean
hFullToPrec0	hFullToInterl	56	4	local_hypothesis	style_only_after_api_owner	Hadamard,Tactic,VeroneseSection.lean
hg_prec	hg_strictInterl	8	2	local_hypothesis	style_only_after_api_owner	CommonInterleaver
hgf_prec	hgf_strictInterl	2	1	local_hypothesis	style_only_after_api_owner	JacobiParameterInterlacing.lean
hHBPrec	hHBStrictInterl	2	1	local_hypothesis	style_only_after_api_owner	ParkingFunctions
hhead_prec	hhead_strictInterl	2	1	local_hypothesis	style_only_after_api_owner	GarloffWagner
hhprec	hhstrictInterl	2	1	local_hypothesis	style_only_after_api_owner	CommonInterleaver
hl_prec	hl_strictInterl	6	1	local_hypothesis	style_only_after_api_owner	GeneralizedLiuWang.lean
hnot_prec_fq	hnot_strictInterl_fq	1	1	local_hypothesis	style_only_after_api_owner	FolkloreLemma.lean
hnot_prec_Xgq	hnot_strictInterl_Xgq	1	1	local_hypothesis	style_only_after_api_owner	FolkloreLemma.lean
houter_prec	houter_strictInterl	10	2	local_hypothesis	style_only_after_api_owner	Tactic
hp_prec	hp_strictInterl	8	3	local_hypothesis	style_only_after_api_owner	CommonInterleaver,GarloffWagner
hpPrecPrev	hpStrictInterlPrev	4	1	local_hypothesis	style_only_after_api_owner	ParkingFunctions
hPrec	hStrictInterl	17	3	local_hypothesis	style_only_after_api_owner	LiuWangBenchmark.lean,OscillatoryInterlacing.lean,VeroneseSection.lean
hprec	hstrictInterl	916	132	local_hypothesis	style_only_after_api_owner	AffineFamily,AffineFamily.lean,Applications,Basic,Bezoutian,BrandenLeite,BrandenVecchi,ChudnovskySeymour,ClassicalHurwitzMatrix,CombinatorialExamples,CommonInterleaver,CommonInterleaverExamples.lean,Compatibility,DegreeDropDivXPrec.lean,DerivativeRecurrence,EndpointDerivative,EulerOperator,EulerianCompletion.lean,EulerianMixedCompatibility.lean,Favard.lean,FiniteFreeRootCount.lean,GammaPencil,GammaTransform,GarloffWagner,GeneralizedLiuWang.lean,GeneralizedSnakePosets,HosterStumpInterlacing.lean,Interlacing,InterlacingConeBounds.lean,IteratedDerivativeShift.lean,JacobiParameterInterlacing.lean,Linear.lean,LinearPowerFamily.lean,LiuOppositeSigns,LiuWangRecursion.lean,MaWang,NarayanaTransformation,ObreschkoffConverse,PFPolynomial,ParkingFunctions,PosCombo.lean,ProductOrientation.lean,ProductSequence,SequenceClosure.lean,ShiftLemma.lean,SimpleRoots.lean,StaircaseSum.lean,SuccDegreeRootCrossing.lean,SymmetricDecomposition,Tactic,Transforms,VeroneseMatrix.lean,VeroneseSection.lean,VeroneseSectionPair,Wagner,WagnerLeftSum.lean,WangYeh,WeightedSum.lean,Wronskian
hPrec0	hInterl	2	1	local_hypothesis	style_only_after_api_owner	Transforms
hprec0	hinterl	22	7	local_hypothesis	style_only_after_api_owner	AffineFamily.lean,InterlacingSequenceBasic.lean,ObreschkoffConverse,SymmetricDecomposition,Tactic,VeroneseMatrix.lean,VeroneseSectionPair.lean
hprec_a	hstrictInterl_a	2	1	local_hypothesis	style_only_after_api_owner	PosCombo.lean
hprec_a_strict	hstrictInterl_a_strict	2	1	local_hypothesis	style_only_after_api_owner	PosCombo.lean
hprec_all	hstrictInterl_all	2	1	local_hypothesis	style_only_after_api_owner	GeneralizedLiuWang.lean
hprec_aXb	hstrictInterl_aXb	6	1	local_hypothesis	style_only_after_api_owner	SymmetricDecomposition
hprec_back	hstrictInterl_back	1	1	local_hypothesis	style_only_after_api_owner	AffineFamily.lean
hprec_common	hstrictInterl_common	2	1	local_hypothesis	style_only_after_api_owner	GarloffWagner
hprec_f_shift	hstrictInterl_f_shift	4	1	local_hypothesis	style_only_after_api_owner	AffineFamily.lean
hprec_fg	hstrictInterl_fg	10	4	local_hypothesis	style_only_after_api_owner	AffineFamily,AffineFamily.lean,CommonInterleaver
hprec_fXg	hstrictInterl_fXg	2	1	local_hypothesis	style_only_after_api_owner	FolkloreLemma.lean
hprec_iter	hstrictInterl_iter	3	2	local_hypothesis	style_only_after_api_owner	ObreschkoffConverse
hprec_keep	hstrictInterl_keep	2	1	local_hypothesis	style_only_after_api_owner	AffineFamily
hprec_lin	hstrictInterl_lin	2	1	local_hypothesis	style_only_after_api_owner	AffineFamily
hprec_lo	hstrictInterl_lo	2	1	local_hypothesis	style_only_after_api_owner	Wronskian
hprec_mix	hstrictInterl_mix	4	1	local_hypothesis	style_only_after_api_owner	ObreschkoffConverse
hprec_monic	hstrictInterl_monic	4	1	local_hypothesis	style_only_after_api_owner	Bezoutian
hprec_mul	hstrictInterl_mul	7	5	local_hypothesis	style_only_after_api_owner	AffineFamily,AffineFamily.lean,MaWang,ObreschkoffConverse,PosCombo.lean
hprec_neg	hstrictInterl_neg	4	2	local_hypothesis	style_only_after_api_owner	EulerOperator,IteratedDerivativeShift.lean
hprec_next	hstrictInterl_next	4	1	local_hypothesis	style_only_after_api_owner	ProductSequence
hprec_or	hstrictInterl_or	40	10	local_hypothesis	style_only_after_api_owner	AffineFamily.lean,Basic,CommonInterleaver,FolkloreLemma.lean,GarloffWagner,ObreschkoffConverse,SymmetricDecomposition
hprec_p	hstrictInterl_p	3	1	local_hypothesis	style_only_after_api_owner	Hadamard
hprec_pair	hstrictInterl_pair	2	1	local_hypothesis	style_only_after_api_owner	AffineFamily.lean
hprec_proj	hstrictInterl_proj	2	1	local_hypothesis	style_only_after_api_owner	Tactic
hprec_q	hstrictInterl_q	27	7	local_hypothesis	style_only_after_api_owner	AffineFamily,AffineFamily.lean,Hadamard,MaWang,ObreschkoffConverse,PosCombo.lean
hprec_qXg	hstrictInterl_qXg	2	1	local_hypothesis	style_only_after_api_owner	FolkloreLemma.lean
hprec_right	hstrictInterl_right	2	1	local_hypothesis	style_only_after_api_owner	PosCombo.lean
hprec_s	hstrictInterl_s	4	1	local_hypothesis	style_only_after_api_owner	PosCombo.lean
hprec_s_strict	hstrictInterl_s_strict	2	1	local_hypothesis	style_only_after_api_owner	PosCombo.lean
hprec_scaled	hstrictInterl_scaled	3	2	local_hypothesis	style_only_after_api_owner	AffineFamily.lean,Bezoutian
hprec_shift	hstrictInterl_shift	2	1	local_hypothesis	style_only_after_api_owner	AffineFamily.lean
hPrec_step	hStrictInterl_step	5	2	local_hypothesis	style_only_after_api_owner	Favard,Favard.lean
hprec_tail	hstrictInterl_tail	7	2	local_hypothesis	style_only_after_api_owner	CommonInterleaver,WeightedSum.lean
hprec_up	hstrictInterl_up	2	1	local_hypothesis	style_only_after_api_owner	Wronskian
hprecC	hstrictInterlC	2	1	local_hypothesis	style_only_after_api_owner	CombinatorialExamples
hprecComp	hstrictInterlComp	4	1	local_hypothesis	style_only_after_api_owner	ParkingFunctions
hprecD	hstrictInterlD	4	1	local_hypothesis	style_only_after_api_owner	GarloffWagner
hprecFG	hstrictInterlFG	2	1	local_hypothesis	style_only_after_api_owner	CommonInterleaver
hprecM	hstrictInterlM	2	1	local_hypothesis	style_only_after_api_owner	EulerianMixedCompatibility.lean
hprecm	hstrictInterlm	2	1	local_hypothesis	style_only_after_api_owner	LinearPowerFamily.lean
hprecOr	hstrictInterlOr	2	1	local_hypothesis	style_only_after_api_owner	ClassicalHurwitzMatrix
hprecPos	hstrictInterlPos	3	1	local_hypothesis	style_only_after_api_owner	ParkingFunctions
hprecQ	hstrictInterlQ	8	3	local_hypothesis	style_only_after_api_owner	ClassicalHurwitzMatrix,CombinatorialExamples
hprecScaled	hstrictInterlScaled	4	1	local_hypothesis	style_only_after_api_owner	ClassicalHurwitzMatrix
hprecT	hstrictInterlT	2	1	local_hypothesis	style_only_after_api_owner	GarloffWagner
hprecTarget	hstrictInterlTarget	2	1	local_hypothesis	style_only_after_api_owner	CommonInterleaver
hPrecToFull	hStrictInterlToFull	74	4	local_hypothesis	style_only_after_api_owner	Tactic,VeroneseSection.lean
hPrecToHurwitz	hStrictInterlToHurwitz	9	2	local_hypothesis	style_only_after_api_owner	Hadamard,VeroneseSection.lean
hprecX	hstrictInterlX	2	1	local_hypothesis	style_only_after_api_owner	LinearPowerFamily.lean
hprefix_prec	hprefix_strictInterl	12	2	local_hypothesis	style_only_after_api_owner	GeneralizedSnakePosets,StaircaseSum.lean
hQprec	hQstrictInterl	8	3	local_hypothesis	style_only_after_api_owner	Favard,Tactic
hqprec	hqstrictInterl	2	1	local_hypothesis	style_only_after_api_owner	Interlacing
hredPrec	hredStrictInterl	12	3	local_hypothesis	style_only_after_api_owner	ClassicalHurwitzMatrix
hresPrec	hresStrictInterl	8	2	local_hypothesis	style_only_after_api_owner	CommonInterleaver
hRPrec	hRStrictInterl	3	1	local_hypothesis	style_only_after_api_owner	ParkingFunctions
hRprec	hRstrictInterl	3	1	local_hypothesis	style_only_after_api_owner	ParkingFunctions
hrr_prec	hrr_strictInterl	2	1	local_hypothesis	style_only_after_api_owner	GarloffWagner
hscaled_prec	hscaled_strictInterl	8	3	local_hypothesis	style_only_after_api_owner	CommonInterleaver,IteratedDerivativeShift.lean,SymmetricDecomposition
hsourcePrec	hsourceInterl	2	1	local_hypothesis	style_only_after_api_owner	ClassicalHurwitzMatrix
hSprec	hSstrictInterl	4	2	local_hypothesis	style_only_after_api_owner	BrandenLeite,BrandenVecchi
hsr_prec	hsr_strictInterl	2	1	local_hypothesis	style_only_after_api_owner	GarloffWagner
hsum_prec	hsum_strictInterl	14	4	local_hypothesis	style_only_after_api_owner	CommonInterleaver,ProductSequence,StaircaseSum.lean,Tactic
hsum_prec_raw	hsum_strictInterl_raw	2	1	local_hypothesis	style_only_after_api_owner	ProductSequence
htail_prec	htail_strictInterl	8	4	local_hypothesis	style_only_after_api_owner	CommonInterleaver,GarloffWagner,GeneralizedLiuWang.lean,WeightedSum.lean
htail_prec_sum	htail_strictInterl_sum	2	1	local_hypothesis	style_only_after_api_owner	GarloffWagner
hTprec	hTstrictInterl	9	2	local_hypothesis	style_only_after_api_owner	FiniteFreeRootCount.lean,GammaTransform
hurwitzOddEvenToHermiteBiehlerRotated_of_hurwitzStablePrec	hurwitzOddEvenToHermiteBiehlerRotated_of_hurwitzStableStrictInterl	1	1	lean_declaration	manual_semantic_rename	VeroneseSection.lean
hurwitzStableOddEvenToPrec_of_converse	hurwitzStableOddEvenToStrictInterl_of_converse	2	1	lean_declaration	manual_semantic_rename	VeroneseSection.lean
hurwitzStableOddEvenToPrec_of_converse_natDegree_lt	hurwitzStableOddEvenToStrictInterl_of_converse_natDegree_lt	1	1	lean_declaration	manual_semantic_rename	VeroneseSection.lean
HurwitzStableOddEvenToPrecStatement	HurwitzStableOddEvenToStrictInterlStatement	9	1	statement_scaffold	manual_semantic_rename	VeroneseSection.lean
hXa_prec	hXa_strictInterl	3	1	local_hypothesis	style_only_after_api_owner	ProductSequence
hXprefix_prec	hXprefix_strictInterl	2	1	local_hypothesis	style_only_after_api_owner	StaircaseSum.lean
hXsum_prec	hXsum_strictInterl	3	1	local_hypothesis	style_only_after_api_owner	ProductSequence
ihprec	ihstrictInterl	18	3	local_hypothesis	style_only_after_api_owner	DerivativeRecurrence
interlaces_of_prec_chain	interlaces_of_strictInterl_chain	12	3	tactic_declaration	manual_alias_then_migrate	SequenceClosure.lean,Tactic
interlaces_of_prec_sameDegree_rightmost_factor	interlaces_of_strictInterl_sameDegree_rightmost_factor	4	4	lean_declaration	manual_semantic_rename	AffineFamily,ObreschkoffConverse,SymmetricDecomposition,WagnerX
inversePeakEulerian_base_prec	inversePeakEulerian_base_strictInterl	2	1	lean_declaration	manual_semantic_rename	Applications
inversePeakEulerian_prec	inversePeakEulerian_strictInterl	5	1	lean_declaration	manual_semantic_rename	Applications
inversePeakEulerian_prec_and_noCommonRoot	inversePeakEulerian_strictInterl_and_noCommonRoot	3	1	lean_declaration	manual_semantic_rename	Applications
inversePeakTypeB_base_prec	inversePeakTypeB_base_strictInterl	2	1	lean_declaration	manual_semantic_rename	Applications
inversePeakTypeB_prec	inversePeakTypeB_strictInterl	4	1	lean_declaration	manual_semantic_rename	Applications
inversePeakTypeB_prec_and_noCommonRoot	inversePeakTypeB_strictInterl_and_noCommonRoot	3	1	lean_declaration	manual_semantic_rename	Applications
inversePowerCompositionRows_pf_and_prec0	inversePowerCompositionRows_pf_and_interl	3	1	lean_declaration	manual_semantic_rename	BrandenLeite
IsPreconnected	IsPreconnected	3	2	lexical_false_positive	keep_unchanged	Mathlib,RootCountLocalConstancy.lean
isPreconnected	isPreconnected	1	1	lexical_false_positive	keep_unchanged	Hyperbolicity.lean
isPreconnected_Icc	isPreconnected_Icc	1	1	lexical_false_positive	keep_unchanged	RootCountLocalConstancy.lean
isPreconnected_univ	isPreconnected_univ	2	2	lexical_false_positive	keep_unchanged	Hyperbolicity.lean,MultiplierSequence
isRealRooted_affine_combo_of_prec_nonneg	isRealRooted_affine_combo_of_strictInterl_nonneg	3	2	lean_declaration	manual_semantic_rename	AffineFamily,GeneralizedSnakePosets
isRealRooted_nonneg_combo_of_prec	isRealRooted_nonneg_combo_of_strictInterl	12	6	tactic_declaration	manual_alias_then_migrate	CommonInterleaver,ObreschkoffConverse,PartialSumStep.lean,PosCombo.lean,Tactic
isRealRooted_of_prec_affine_derivative_nonneg_sequence	isRealRooted_of_strictInterl_affine_derivative_nonneg_sequence	2	1	tactic_declaration	manual_alias_then_migrate	Tactic
isRealRooted_of_prec_affine_derivative_sequence	isRealRooted_of_strictInterl_affine_derivative_sequence	2	1	tactic_declaration	manual_alias_then_migrate	Tactic
isRealRooted_of_prec_chain	isRealRooted_of_strictInterl_chain	4	2	lean_declaration	manual_semantic_rename	MaWang,SequenceClosure.lean
isRealRooted_of_prec_chain_from_step	isRealRooted_of_strictInterl_chain_from_step	70	13	tactic_declaration	manual_alias_then_migrate	Favard,LiuWang,SequenceClosure.lean,Tactic
isRealRooted_of_prec_pos_X_lag_combo_sequence	isRealRooted_of_strictInterl_pos_X_lag_combo_sequence	7	2	tactic_declaration	manual_alias_then_migrate	Tactic
isRealRooted_of_prec_pos_X_sub_C_lag_combo_sequence	isRealRooted_of_strictInterl_pos_X_sub_C_lag_combo_sequence	3	2	tactic_declaration	manual_alias_then_migrate	Tactic
isRealRooted_of_prec_sequence	isRealRooted_of_strictInterl_sequence	4	2	tactic_declaration	manual_alias_then_migrate	SequenceClosure.lean,Tactic
isRealRooted_of_prec_sequence_degree_branches	isRealRooted_of_strictInterl_sequence_degree_branches	4	2	tactic_declaration	manual_alias_then_migrate	SequenceClosure.lean,Tactic
isRealRooted_of_prec_wagner_derivative_gap_lag_sequence	isRealRooted_of_strictInterl_wagner_derivative_gap_lag_sequence	3	3	tactic_declaration	manual_alias_then_migrate	Tactic
isRealRooted_of_prec_wagner_derivative_gap_lag_sequence_den	isRealRooted_of_strictInterl_wagner_derivative_gap_lag_sequence_den	2	2	tactic_declaration	manual_alias_then_migrate	Tactic
isRealRooted_pair_sequence_of_prec_sequence	isRealRooted_pair_sequence_of_strictInterl_sequence	3	2	lean_declaration	manual_semantic_rename	ProductSequence,SequenceClosure.lean
isRealRooted_pos_combo_of_prec	isRealRooted_pos_combo_of_strictInterl	6	3	tactic_declaration	manual_alias_then_migrate	EulerianMixedCompatibility.lean,PosCombo.lean,Tactic
isUpperHalfPlaneStablePencil_of_prec	isUpperHalfPlaneStablePencil_of_strictInterl	2	2	lean_declaration	manual_semantic_rename	HermiteBiehler
isUpperHalfPlaneStablePencil_of_prec_of_natDegree_pos	isUpperHalfPlaneStablePencil_of_strictInterl_of_natDegree_pos	2	1	lean_declaration	manual_semantic_rename	HermiteBiehler
iterateTDeriv_sequence_prec_succ	iterateTDeriv_sequence_strictInterl_succ	2	1	tactic_declaration	manual_alias_then_migrate	Tactic
iterateThetaPlusOne_preserves_prec0	iterateThetaPlusOne_preserves_interl	2	2	tactic_declaration	manual_alias_then_migrate	EulerOperator.lean,Tactic
iterateThetaPlusOne_sequence_prec0	iterateThetaPlusOne_sequence_interl	2	1	tactic_declaration	manual_alias_then_migrate	Tactic
iterateThetaPlusOneSelfPrec0Statement	iterateThetaPlusOneSelfInterlStatement	1	1	statement_scaffold	manual_semantic_rename	EulerOperator.lean
kernelRows_pf_and_prec0_of_tendsto	kernelRows_pf_and_interl_of_tendsto	3	3	lean_declaration	manual_semantic_rename	BrandenLeite
leadingCoeff_cross_mul_eq_of_prec_sameDegree_of_nonneg_of_eval_cross_eq	leadingCoeff_cross_mul_eq_of_strictInterl_sameDegree_of_nonneg_of_eval_cross_eq	2	1	lean_declaration	manual_semantic_rename	BrandenVecchi
left_eq_zero_or_splits_of_prec	left_eq_zero_or_splits_of_strictInterl	3	2	tactic_declaration	manual_alias_then_migrate	SequenceClosure.lean,Tactic
left_isRealRooted_of_prec	left_isRealRooted_of_strictInterl	8	2	tactic_declaration	manual_alias_then_migrate	SequenceClosure.lean,Tactic
left_isRealRooted_of_prec_sequence	left_isRealRooted_of_strictInterl_sequence	12	3	tactic_declaration	manual_alias_then_migrate	SequenceClosure.lean,Tactic
left_ne_zero_of_prec	left_ne_zero_of_strictInterl	14	6	tactic_declaration	manual_alias_then_migrate	ProductSequence,SequenceClosure.lean,Tactic
left_splits_of_prec	left_splits_of_strictInterl	9	7	tactic_declaration	manual_alias_then_migrate	GeneralizedEulerian.lean,LinearPowerFamily.lean,ProductSequence,SequenceClosure.lean,Tactic
LegacyNonnegPrecToFullyInterlacingPairStatement	LegacyNonnegStrictInterlToFullyInterlacingPairStatement	15	2	statement_scaffold	manual_semantic_rename	Hadamard,VeroneseSection.lean
LegacyPfPrecToFullyInterlacingPairStatement	LegacyPfStrictInterlToFullyInterlacingPairStatement	12	1	statement_scaffold	manual_semantic_rename	VeroneseSection.lean
LegacyPrecToFullyInterlacingPairStatement	LegacyStrictInterlToFullyInterlacingPairStatement	30	4	statement_scaffold	manual_semantic_rename	Tactic,VeroneseSection.lean
linearMap_prec0_or_revPrec0_of_finiteSymbol_stable	linearMap_interl_or_reverse_of_finiteSymbol_stable	2	2	lean_declaration	manual_semantic_rename	BorceaBranden,GammaPencil
linearMap_prec_of_finiteSymbol_stable	linearMap_strictInterl_of_finiteSymbol_stable	3	3	lean_declaration	manual_semantic_rename	BorceaBranden,EulerianCompletion.lean
lowDegreeCounterexample_left_prec_right	lowDegreeCounterexample_left_strictInterl_right	2	1	lean_declaration	manual_semantic_rename	HosterStumpInterlacing.lean
lowDegreeCounterexample_middle_prec_right	lowDegreeCounterexample_middle_strictInterl_right	2	1	lean_declaration	manual_semantic_rename	HosterStumpInterlacing.lean
loweringEulerStep_prec	loweringEulerStep_strictInterl	2	1	lean_declaration	manual_semantic_rename	EulerianCompletion.lean
loweringEulerStep_prec_self_of_reflect	loweringEulerStep_strictInterl_self_of_reflect	2	2	lean_declaration	manual_semantic_rename	Applications,EulerianCompletion
lowerReentrantCorner_one_prec_two	lowerReentrantCorner_one_strictInterl_two	2	1	lean_declaration	manual_semantic_rename	Applications
lowerReentrantCorner_prec	lowerReentrantCorner_strictInterl	5	1	lean_declaration	manual_semantic_rename	Applications
lowerReentrantCorner_shifted_prec_and_noCommonRoot	lowerReentrantCorner_shifted_strictInterl_and_noCommonRoot	3	1	lean_declaration	manual_semantic_rename	Applications
lowerReentrantCorner_zero_prec_one	lowerReentrantCorner_zero_strictInterl_one	2	1	lean_declaration	manual_semantic_rename	Applications
matrix_preserves_interlacing_seq0_sparse_pair_prec0	matrix_preserves_interlacing_seq0_sparse_pair_interl	2	1	lean_declaration	manual_semantic_rename	MatrixInterlacing
mem_rootSlotInterval_of_prec	mem_rootSlotInterval_of_strictInterl	5	4	reference_or_local	migrate_with_declaration_owner	CommonInterleaver,CommonInterleaverSeq.lean
mem_rootSlotInterval_of_prec_desc	mem_rootSlotInterval_of_strictInterl_desc	3	1	lean_declaration	manual_semantic_rename	CommonInterleaverSeq.lean
mem_rootSlotInterval_of_prec_witness	mem_rootSlotInterval_of_strictInterl_witness	2	1	lean_declaration	manual_semantic_rename	CommonInterleaver
mem_shifted_rootSlotInterval_of_prec	mem_shifted_rootSlotInterval_of_strictInterl	2	2	reference_or_local	migrate_with_declaration_owner	CommonInterleaver
mixedEulerStep_prec_of_no_common	mixedEulerStep_strictInterl_of_no_common	2	1	lean_declaration	manual_semantic_rename	EulerianMixedCompatibility.lean
mixedEulerStep_prec_of_no_common_of_nontrivial_boundary	mixedEulerStep_strictInterl_of_no_common_of_nontrivial_boundary	3	1	lean_declaration	manual_semantic_rename	EulerianMixedCompatibility.lean
model_pf_prec0	model_pf_interl	23	2	tactic_reference	migrate_with_tactic_owner	Tactic
modifiedNarayana_prec_succ	modifiedNarayana_strictInterl_succ	1	1	lean_declaration	manual_semantic_rename	Challenges
modifiedNarayanaCoeffPolynomial_one_prec_two	modifiedNarayanaCoeffPolynomial_one_strictInterl_two	2	1	lean_declaration	manual_semantic_rename	GeneralizedSnakePosets
modifiedNarayanaPolynomial_prec_succ	modifiedNarayanaPolynomial_strictInterl_succ	4	3	lean_declaration	manual_semantic_rename	Challenges,GeneralizedSnakePosets
modifiedNarayanaPolynomial_prec_succ_of_nonnegCoeffs	modifiedNarayanaPolynomial_strictInterl_succ_of_nonnegCoeffs	2	2	lean_declaration	manual_semantic_rename	GeneralizedSnakePosets
modifiedNarayanaPolynomial_zero_prec_one	modifiedNarayanaPolynomial_zero_strictInterl_one	2	1	lean_declaration	manual_semantic_rename	GeneralizedSnakePosets
monomerRodRows_pf_and_prec0	monomerRodRows_pf_and_interl	2	1	lean_declaration	manual_semantic_rename	BrandenLeite
natDegree_bounds_of_prec	StrictInterl.natDegree_bounds	1	1	deprecated_compatibility	use_canonical_keep_wrapper	Basic
natDegree_right_of_prec_to_sum	natDegree_right_of_strictInterl_to_sum	3	1	lean_declaration	manual_semantic_rename	SymmetricDecomposition
natDegree_sub_lower_bound_of_prec_triple	natDegree_sub_lower_bound_of_strictInterl_triple	2	1	lean_declaration	manual_semantic_rename	Interlacing
natDegree_sub_upper_bound_of_prec_triple	natDegree_sub_upper_bound_of_strictInterl_triple	2	1	lean_declaration	manual_semantic_rename	Interlacing
natDegree_X_mul_component_eq_or_succ_of_prec_left_top	natDegree_X_mul_component_eq_or_succ_of_strictInterl_left_top	2	1	lean_declaration	manual_semantic_rename	SymmetricDecomposition
neg_coeff_one_le_of_prec_sameDegree_of_roots_pos	neg_coeff_one_le_of_strictInterl_sameDegree_of_roots_pos	3	1	lean_declaration	manual_semantic_rename	ParkingFunctions
nextCoeff_le_of_prec_sameDegree_monic	StrictInterl.nextCoeff_le_of_sameDegree_monic	1	1	deprecated_compatibility	use_canonical_keep_wrapper	Basic
nonnegPrecToFullyInterlacingPair_of_hurwitzOddEven	nonnegStrictInterlToFullyInterlacingPair_of_hurwitzOddEven	1	1	lean_declaration	manual_semantic_rename	VeroneseSection.lean
nonnegPrecToFullyInterlacingPair_of_hurwitzOddEvenDirect	nonnegStrictInterlToFullyInterlacingPair_of_hurwitzOddEvenDirect	2	1	lean_declaration	manual_semantic_rename	VeroneseSection.lean
nonnegPrecToFullyInterlacingPair_of_pfPrec	nonnegStrictInterlToFullyInterlacingPair_of_pfStrictInterl	3	1	lean_declaration	manual_semantic_rename	VeroneseSection.lean
nonnegPrecToFullyInterlacingPair_of_precToFully	nonnegStrictInterlToFullyInterlacingPair_of_strictInterlToFully	2	1	lean_declaration	manual_semantic_rename	VeroneseSection.lean
nonnegPrecToHurwitzOddEven_of_hermiteBiehlerPos	nonnegStrictInterlToHurwitzOddEven_of_hermiteBiehlerPos	5	2	lean_declaration	manual_semantic_rename	Challenges,VeroneseSection.lean
NonnegPrecToHurwitzOddEvenStatement	NonnegStrictInterlToHurwitzOddEvenStatement	5	2	statement_scaffold	manual_semantic_rename	Hadamard,VeroneseSection.lean
nonnegPrecToReverseFullyInterlacingPair_of_pfPrec	nonnegStrictInterlToReverseFullyInterlacingPair_of_pfStrictInterl	1	1	lean_declaration	manual_semantic_rename	VeroneseSection.lean
nonnegPrecToReverseFullyInterlacingPair_of_precToReverseFully	nonnegStrictInterlToReverseFullyInterlacingPair_of_strictInterlToReverseFully	1	1	lean_declaration	manual_semantic_rename	VeroneseSection.lean
NonnegPrecToReverseFullyInterlacingPairStatement	NonnegStrictInterlToReverseFullyInterlacingPairStatement	3	1	statement_scaffold	manual_semantic_rename	VeroneseSection.lean
normalizedDecoratedCycleEulerian_base_prec	normalizedDecoratedCycleEulerian_base_strictInterl	2	1	lean_declaration	manual_semantic_rename	Applications
normalizedDecoratedCycleEulerian_prec_and_noCommonRoot	normalizedDecoratedCycleEulerian_strictInterl_and_noCommonRoot	3	1	lean_declaration	manual_semantic_rename	Applications
normalizedReversedContribution_prec_of_lt	normalizedReversedContribution_strictInterl_of_lt	2	1	lean_declaration	manual_semantic_rename	ParkingFunctions
normalizedRPolynomial_prec_of_lt	normalizedRPolynomial_strictInterl_of_lt	3	2	lean_declaration	manual_semantic_rename	ParkingFunctions
not_compatibleSuccDegreePrecStatement	not_compatibleSuccDegreeStrictInterlStatement	1	1	statement_scaffold	manual_semantic_rename	CommonInterleaverExamples.lean
not_legacyNonnegPrecToFullyInterlacingPairStatement	not_legacyNonnegStrictInterlToFullyInterlacingPairStatement	6	1	statement_scaffold	manual_semantic_rename	VeroneseSection.lean
not_legacyPfPrecToFullyInterlacingPairStatement	not_legacyPfStrictInterlToFullyInterlacingPairStatement	2	1	statement_scaffold	manual_semantic_rename	VeroneseSection.lean
not_posComboNoCommonSuccDegreeRootCountResidualPrecStatement	not_posComboNoCommonSuccDegreeRootCountResidualStrictInterlStatement	1	1	statement_scaffold	manual_semantic_rename	CommonInterleaverExamples.lean
not_positiveSplitLeftSuccDegreeTranslatedXPrec	not_positiveSplitLeftSuccDegreeTranslatedXStrictInterl	1	1	lean_declaration	manual_semantic_rename	LiuOppositeSigns
not_prec_deg1_example	not_strictInterl_deg1_example	1	1	lean_declaration	manual_semantic_rename	SuccDegreeRootCrossing.lean
not_prec_fPolynomial_of_left_degree_le_sub_two_of_right_full	not_strictInterl_fPolynomial_of_left_degree_le_sub_two_of_right_full	2	1	lean_declaration	manual_semantic_rename	SymmetricDecomposition
not_prec_fPolynomial_of_right_degree_lt_of_sameDegree_left	not_strictInterl_fPolynomial_of_right_degree_lt_of_sameDegree_left	2	1	lean_declaration	manual_semantic_rename	SymmetricDecomposition
not_prec_of_left_natDegree_succ_lt_right	StrictInterl.not_of_left_natDegree_succ_lt_right	1	1	deprecated_compatibility	use_canonical_keep_wrapper	Basic
not_prec_of_natDegree_eq_succ_left	not_strictInterl_of_natDegree_eq_succ_left	3	1	lean_declaration	manual_semantic_rename	LiuOppositeSigns
not_prec_of_right_natDegree_lt_left	StrictInterl.not_of_right_natDegree_lt_left	1	1	deprecated_compatibility	use_canonical_keep_wrapper	Basic
not_prec_X_sq_mul_derivative_left	not_strictInterl_X_sq_mul_derivative_left	2	2	tactic_declaration	manual_alias_then_migrate	Tactic
not_prec_X_sq_mul_derivative_right	not_strictInterl_X_sq_mul_derivative_right	2	2	tactic_declaration	manual_alias_then_migrate	Tactic
not_precToFullyInterlacingPairStatement	not_strictInterlToFullyInterlacingPairStatement	2	1	statement_scaffold	manual_semantic_rename	VeroneseSection.lean
not_revPrec_of_shifted_pair_succDegree	not_reverseStrictInterl_of_shifted_pair_succDegree	2	1	lean_declaration	manual_semantic_rename	AffineFamily.lean
not_translatedBoundaryPrec_of_twoDegree	not_translatedBoundaryStrictInterl_of_twoDegree	1	1	reference_or_local	migrate_with_declaration_owner	LiuOppositeSigns
not_translatedDeletionPrec_of_twoDegree	not_translatedDeletionStrictInterl_of_twoDegree	1	1	reference_or_local	migrate_with_declaration_owner	LiuOppositeSigns
of_prec	of_strictInterl	15	9	tactic_declaration	manual_alias_then_migrate	BrandenVecchi,ChudnovskySeymour,CommonInterleaver,Compatibility,HosterStumpInterlacing.lean,PosCombo.lean,SymmetricDecomposition,Tactic
of_prec0_self	of_interl_self	3	3	lean_declaration	manual_semantic_rename	GarloffWagner,Hadamard,PFPolynomial.lean
of_prec_of_no_common	of_strictInterl_of_no_common	10	6	reference_or_local	migrate_with_declaration_owner	Bezoutian,ClassicalHurwitzMatrix,JacobiParameterInterlacing.lean,ParkingFunctions,Wronskian
of_prec_or_revPrec	of_strictInterl_or_reverse	1	1	lean_declaration	manual_semantic_rename	CommonInterleaver
of_prec_sameDegree	of_strictInterl_sameDegree	2	1	reference_or_local	migrate_with_declaration_owner	FiniteFreeRootCount.lean
one_prec_one	one_strictInterl_one	1	1	tactic_reference	migrate_with_tactic_owner	Tactic
oneDescent_prec_gamma_one_adjacent	oneDescent_strictInterl_gamma_one_adjacent	2	1	lean_declaration	manual_semantic_rename	CombinatorialExamples
oneDescent_prec_gamma_one_adjacent_chain	oneDescent_strictInterl_gamma_one_adjacent_chain	2	2	tactic_declaration	manual_alias_then_migrate	CombinatorialExamples,Tactic
oneDescent_prec_gamma_one_terminal	oneDescent_strictInterl_gamma_one_terminal	2	1	lean_declaration	manual_semantic_rename	CombinatorialExamples
oneDescent_prec_gamma_one_terminal_chain	oneDescent_strictInterl_gamma_one_terminal_chain	2	2	tactic_declaration	manual_alias_then_migrate	CombinatorialExamples,Tactic
oneDescent_prec_gamma_one_top	oneDescent_strictInterl_gamma_one_top	2	1	lean_declaration	manual_semantic_rename	CombinatorialExamples
operator_prec0_sequence_of_interlacing_preserver	operator_interl_sequence_of_interlacing_preserver	3	1	tactic_declaration	manual_alias_then_migrate	Tactic
operator_prec0_sequence_up_to_order	operator_interl_sequence_up_to_order	2	1	tactic_declaration	manual_alias_then_migrate	Tactic
orientCex_not_prec	orientCex_not_strictInterl	2	1	lean_declaration	manual_semantic_rename	CommonInterleaverExamples.lean
outer_prec	outer_strictInterl	7	2	tactic_reference	migrate_with_tactic_owner	Tactic
pairHasCommonInterleaver_of_prec	pairHasCommonInterleaver_of_strictInterl	4	1	lean_declaration	manual_semantic_rename	CommonInterleaver
pairHasCommonInterleaver_of_prec_or_revPrec	pairHasCommonInterleaver_of_strictInterl_or_reverse	6	2	lean_declaration	manual_semantic_rename	CommonInterleaver
pairHasCommonInterleaver_of_prec_right_pair_nonneg	pairHasCommonInterleaver_of_strictInterl_right_pair_nonneg	3	2	lean_declaration	manual_semantic_rename	CommonInterleaver
pairHasCommonInterleaver_of_revPrec	pairHasCommonInterleaver_of_reverseStrictInterl	2	1	lean_declaration	manual_semantic_rename	CommonInterleaver
pairHasCommonLeftInterleaver_of_prec	pairHasCommonLeftInterleaver_of_strictInterl	4	2	lean_declaration	manual_semantic_rename	CommonInterleaver
pairHasCommonLeftInterleaver_of_prec_or_revPrec	pairHasCommonLeftInterleaver_of_strictInterl_or_reverse	2	1	lean_declaration	manual_semantic_rename	CommonInterleaver
pairHasCommonLeftInterleaver_of_revPrec	pairHasCommonLeftInterleaver_of_reverseStrictInterl	2	1	lean_declaration	manual_semantic_rename	CommonInterleaver
pairwise_prec0_of_filter_ne_zero_pairwise_prec	pairwise_interl_of_filter_ne_zero_pairwise_strictInterl	4	1	lean_declaration	manual_semantic_rename	BrandenVecchi
peakValueWeightedDiagonal_consecutive_prec	peakValueWeightedDiagonal_consecutive_strictInterl	3	2	lean_declaration	manual_semantic_rename	Applications,CombinatorialExamples
peakValueWeightedDiagonal_consecutive_prec_of_stable	peakValueWeightedDiagonal_consecutive_strictInterl_of_stable	2	1	lean_declaration	manual_semantic_rename	CombinatorialExamples
peakValueWeightedDiagonal_consecutive_prec_of_stable_all_ranks	peakValueWeightedDiagonal_consecutive_strictInterl_of_stable_all_ranks	2	1	lean_declaration	manual_semantic_rename	CombinatorialExamples
pf_and_prec0_of_model_sequence	pf_and_interl_of_model_sequence	4	2	tactic_declaration	manual_alias_then_migrate	Tactic
pf_sequence_prec0_self	pf_sequence_interl_self	2	1	tactic_declaration	manual_alias_then_migrate	Tactic
pf_sequence_prec0_X_mul_both	pf_sequence_interl_X_mul_both	2	1	tactic_declaration	manual_alias_then_migrate	Tactic
pfPrecToFullyInterlacingPair_of_hurwitzOddEven	pfStrictInterlToFullyInterlacingPair_of_hurwitzOddEven	2	1	lean_declaration	manual_semantic_rename	VeroneseSection.lean
pfPrecToFullyInterlacingPair_of_precToFully	pfStrictInterlToFullyInterlacingPair_of_strictInterlToFully	1	1	lean_declaration	manual_semantic_rename	VeroneseSection.lean
pfPrecToHurwitzOddEven_of_hermiteBiehlerPos	pfStrictInterlToHurwitzOddEven_of_hermiteBiehlerPos	1	1	lean_declaration	manual_semantic_rename	VeroneseSection.lean
pfPrecToHurwitzOddEven_of_hermiteBiehlerPosCoeffs	pfStrictInterlToHurwitzOddEven_of_hermiteBiehlerPosCoeffs	2	1	lean_declaration	manual_semantic_rename	VeroneseSection.lean
PfPrecToHurwitzOddEvenStatement	PfStrictInterlToHurwitzOddEvenStatement	4	1	statement_scaffold	manual_semantic_rename	VeroneseSection.lean
pfPrecToReverseFullyInterlacingPair_of_precToReverseFully	pfStrictInterlToReverseFullyInterlacingPair_of_strictInterlToReverseFully	1	1	lean_declaration	manual_semantic_rename	VeroneseSection.lean
PfPrecToReverseFullyInterlacingPairStatement	PfStrictInterlToReverseFullyInterlacingPairStatement	3	1	statement_scaffold	manual_semantic_rename	VeroneseSection.lean
polarTheta_preserves_prec0	polarTheta_preserves_interl	2	2	lean_declaration	manual_semantic_rename	EulerOperator,EulerOperator.lean
polarThetaPreservesPrec0Statement	polarThetaPreservesInterlStatement	2	2	statement_scaffold	manual_semantic_rename	EulerOperator,EulerOperator.lean
posCombo_sequence_nonneg_right_prec	posCombo_sequence_nonneg_right_strictInterl	2	1	tactic_declaration	manual_alias_then_migrate	Tactic
posCombo_sequence_of_prec	posCombo_sequence_of_strictInterl	2	1	tactic_declaration	manual_alias_then_migrate	Tactic
posComboNoCommonSuccDegreeRootCount_of_residual_bothNonzero_divX_prec	posComboNoCommonSuccDegreeRootCount_of_residual_bothNonzero_divX_strictInterl	3	2	lean_declaration	manual_semantic_rename	CommonInterleaver
posComboNoCommonSuccDegreeRootCount_of_residualPrec_bothNonzero_divX_prec	posComboNoCommonSuccDegreeRootCount_of_residualStrictInterl_bothNonzero_divX_strictInterl	2	2	lean_declaration	manual_semantic_rename	CommonInterleaver
posComboNoCommonSuccDegreeRootCountAbove_of_residual_bothNonzero_divX_prec	posComboNoCommonSuccDegreeRootCountAbove_of_residual_bothNonzero_divX_strictInterl	2	1	lean_declaration	manual_semantic_rename	CommonInterleaver
posComboNoCommonSuccDegreeRootCountAbove_of_residualPrec_bothNonzero_divX_prec	posComboNoCommonSuccDegreeRootCountAbove_of_residualStrictInterl_bothNonzero_divX_strictInterl	1	1	lean_declaration	manual_semantic_rename	CommonInterleaver
posComboNoCommonSuccDegreeRootCountLead_of_bothNonzero_and_divX_prec	posComboNoCommonSuccDegreeRootCountLead_of_bothNonzero_and_divX_strictInterl	5	2	tactic_declaration	manual_alias_then_migrate	CommonInterleaver,Tactic
posComboNoCommonSuccDegreeRootCountLeadRightZero_of_divX_prec	posComboNoCommonSuccDegreeRootCountLeadRightZero_of_divX_strictInterl	3	2	tactic_declaration	manual_alias_then_migrate	CommonInterleaver,Tactic
posComboNoCommonSuccDegreeRootCountLeadRightZeroDivXPrec_of_precFG	posComboNoCommonSuccDegreeRootCountLeadRightZeroDivXStrictInterl_of_strictInterlFG	5	2	tactic_declaration	manual_alias_then_migrate	CommonInterleaver,Tactic
PosComboNoCommonSuccDegreeRootCountLeadRightZeroDivXPrecStatement	PosComboNoCommonSuccDegreeRootCountLeadRightZeroDivXStrictInterlStatement	19	4	statement_scaffold	manual_semantic_rename	CommonInterleaver,Tactic
posComboNoCommonSuccDegreeRootCountLeadRightZeroPrecFG_iff_divXPrec	posComboNoCommonSuccDegreeRootCountLeadRightZeroStrictInterlFG_iff_divXStrictInterl	1	1	lean_declaration	manual_semantic_rename	CommonInterleaver
posComboNoCommonSuccDegreeRootCountLeadRightZeroPrecFG_of_divX	posComboNoCommonSuccDegreeRootCountLeadRightZeroStrictInterlFG_of_divX	2	1	lean_declaration	manual_semantic_rename	CommonInterleaver
posComboNoCommonSuccDegreeRootCountResidual_of_prec	posComboNoCommonSuccDegreeRootCountResidual_of_strictInterl	5	2	tactic_declaration	manual_alias_then_migrate	CommonInterleaver,Tactic
PosComboNoCommonSuccDegreeRootCountResidualPrecStatement	PosComboNoCommonSuccDegreeRootCountResidualStrictInterlStatement	11	5	statement_scaffold	manual_semantic_rename	CommonInterleaver,CommonInterleaverExamples.lean,Tactic
posComboNoCommonSuccDegreeRootCrossing_of_residual_bothNonzero_divX_prec	posComboNoCommonSuccDegreeRootCrossing_of_residual_bothNonzero_divX_strictInterl	2	1	lean_declaration	manual_semantic_rename	CommonInterleaver
posComboNoCommonSuccDegreeRootCrossing_of_residualPrec_bothNonzero_divX_prec	posComboNoCommonSuccDegreeRootCrossing_of_residualStrictInterl_bothNonzero_divX_strictInterl	1	1	lean_declaration	manual_semantic_rename	CommonInterleaver
posComboRealRooted_fPolynomial_of_prec	posComboRealRooted_fPolynomial_of_strictInterl	3	2	tactic_declaration	manual_alias_then_migrate	SymmetricDecomposition,Tactic
posComboRealRooted_fPolynomial_sequence_of_prec	posComboRealRooted_fPolynomial_sequence_of_strictInterl	2	1	tactic_declaration	manual_alias_then_migrate	Tactic
positiveSplitRootCountPair_of_prec	positiveSplitRootCountPair_of_strictInterl	2	1	lean_declaration	manual_semantic_rename	LiuOppositeSigns
Prec	StrictInterl	13	4	deprecated_compatibility	use_canonical_keep_wrapper	Basic,CommonInterleaver,OrderedRoots.lean,SimpleRoots.lean
prec	strictInterl	172	24	tactic_declaration	manual_alias_then_migrate	EulerOperator.lean,GarloffWagner,InterlacingSequenceBasic.lean,Tactic,UpperDerivativeInterlace.lean,WeightedSum.lean
Prec0	Interl	2	1	deprecated_compatibility	use_canonical_keep_wrapper	Basic
prec0	interl	49	19	tactic_declaration	manual_alias_then_migrate	BrandenLeite,BrandenVecchi,GarloffWagner,InterlacingSequenceBasic.lean,MatrixInterlacing,Tactic,VeroneseMatrix.lean
prec0_add_left_of_common_right_of_nonneg	interl_add_left_of_common_right_of_nonneg	13	8	lean_declaration	manual_semantic_rename	BrandenVecchi,Compatibility,GarloffWagner,PFPolynomial.lean,PartialSumStep.lean,ThresholdMatrix
prec0_add_right_of_common_left_of_nonneg	interl_add_right_of_common_left_of_nonneg	8	5	lean_declaration	manual_semantic_rename	BrandenVecchi,GeneralizedSnakePosets,NarayanaTransformation,PFPolynomial.lean
prec0_affine_add_one_affine_add_X	interl_affine_add_one_affine_add_X	3	3	lean_declaration	manual_semantic_rename	AffineProperPosition.lean,ThresholdMatrix
prec0_affine_add_one_self	interl_affine_add_one_self	3	3	lean_declaration	manual_semantic_rename	AffineProperPosition.lean,ThresholdMatrix
prec0_affine_add_X_self	interl_affine_add_X_self	3	3	lean_declaration	manual_semantic_rename	AffineProperPosition.lean,ThresholdMatrix
prec0_affine_linear_affine_linear_of_cross	interl_affine_linear_affine_linear_of_cross	14	5	lean_declaration	manual_semantic_rename	AffineProperPosition.lean,RowThresholdOne.lean,ThresholdMatrix,VeroneseMatrix.lean
prec0_affine_to_X_mul_affine	interl_affine_to_X_mul_affine	7	3	lean_declaration	manual_semantic_rename	RowThresholdOne.lean,ThresholdMatrix
prec0_C_affine_linear	interl_C_affine_linear	3	2	lean_declaration	manual_semantic_rename	AffineProperPosition.lean,VeroneseMatrix.lean
prec0_C_C	interl_C_C	4	3	lean_declaration	manual_semantic_rename	AffineProperPosition.lean,Compatibility,ThresholdMatrix
prec0_C_mul_affine_linear_X_mul_affine_linear	interl_C_mul_affine_linear_X_mul_affine_linear	2	1	lean_declaration	manual_semantic_rename	VeroneseMatrix.lean
prec0_C_mul_both	interl_C_mul_both	2	1	lean_declaration	manual_semantic_rename	VeroneseMatrix.lean
prec0_C_mul_left_of_nonneg	Interl.C_mul_left_of_nonneg	1	1	deprecated_compatibility	use_canonical_keep_wrapper	GarloffWagner
prec0_C_mul_left_right	interl_C_mul_left_right	3	1	lean_declaration	manual_semantic_rename	ObreschkoffConverse
prec0_C_mul_right_of_nonneg	Interl.C_mul_right_of_nonneg	1	1	deprecated_compatibility	use_canonical_keep_wrapper	Linear.lean
prec0_chainPolynomial_succ	interl_chainPolynomial_succ	3	2	lean_declaration	manual_semantic_rename	BrandenLeite
prec0_chainPolynomial_succ_of_isTotallyNonneg	interl_chainPolynomial_succ_of_isTotallyNonneg	2	2	lean_declaration	manual_semantic_rename	BrandenLeite
prec0_chainPolynomial_succ_of_pos_constantDiagonal	interl_chainPolynomial_succ_of_pos_constantDiagonal	3	3	lean_declaration	manual_semantic_rename	BrandenLeite
prec0_chainPolynomial_toLowerTriangularMatrix_succ	interl_chainPolynomial_toLowerTriangularMatrix_succ	2	2	lean_declaration	manual_semantic_rename	BrandenLeite
prec0_comp_X_add_C_iff	Interl.comp_X_add_C_iff	1	1	deprecated_compatibility	use_canonical_keep_wrapper	InterlacingSequence
prec0_compositionRow_mk_succ_of_zero	interl_compositionRow_mk_succ_of_zero	1	1	lean_declaration	manual_semantic_rename	BrandenLeite
prec0_compositionRow_positivePartSeries_succ	interl_compositionRow_positivePartSeries_succ	2	2	lean_declaration	manual_semantic_rename	BrandenLeite
prec0_congr	interl_congr	7	2	lean_declaration	manual_semantic_rename	AffineProperPosition.lean,VeroneseMatrix.lean
prec0_const_entries_affine_of_det_nonneg	interl_const_entries_affine_of_det_nonneg	5	3	lean_declaration	manual_semantic_rename	AffineProperPosition.lean,MatrixInterlacing,VeroneseMatrix.lean
prec0_const_entry_affine_plus_const_to_affine_plus_X	interl_const_entry_affine_plus_const_to_affine_plus_X	2	1	lean_declaration	manual_semantic_rename	VeroneseMatrix.lean
prec0_derivative_polarTheta_boundary	interl_derivative_polarTheta_boundary	1	1	lean_declaration	manual_semantic_rename	EulerOperator
prec0_divX_left_of_prec_of_hasNonnegCoeffs_coeff_zero	interl_divX_left_of_strictInterl_of_hasNonnegCoeffs_coeff_zero	2	1	lean_declaration	manual_semantic_rename	DegreeDropDivXPrec.lean
prec0_finsetSum_left_of_nonneg	Interl.finsetSum_left_of_nonneg	1	1	deprecated_compatibility	use_canonical_keep_wrapper	PosCombo.lean
prec0_finsetSum_pairwise_of_nonneg	Interl.finsetSum_pairwise_of_nonneg	1	1	deprecated_compatibility	use_canonical_keep_wrapper	PosCombo.lean
prec0_finsetSum_right_of_nonneg	Interl.finsetSum_right_of_nonneg	1	1	deprecated_compatibility	use_canonical_keep_wrapper	PosCombo.lean
prec0_fPolynomial	interl_fPolynomial	2	1	lean_declaration	manual_semantic_rename	BrandenLeite
prec0_gs_affine_add_one_affine	interl_gs_affine_add_one_affine	2	1	lean_declaration	manual_semantic_rename	ThresholdMatrix
prec0_gs_affine_add_one_affine_add_X	interl_gs_affine_add_one_affine_add_X	2	1	lean_declaration	manual_semantic_rename	ThresholdMatrix
prec0_gs_affine_add_one_quadratic	interl_gs_affine_add_one_quadratic	2	1	lean_declaration	manual_semantic_rename	ThresholdMatrix
prec0_gs_affine_add_one_self	interl_gs_affine_add_one_self	2	1	lean_declaration	manual_semantic_rename	ThresholdMatrix
prec0_gs_affine_add_one_X	interl_gs_affine_add_one_X	2	1	lean_declaration	manual_semantic_rename	ThresholdMatrix
prec0_gs_affine_add_X_quadratic	interl_gs_affine_add_X_quadratic	2	1	lean_declaration	manual_semantic_rename	ThresholdMatrix
prec0_gs_affine_add_X_self	interl_gs_affine_add_X_self	2	1	lean_declaration	manual_semantic_rename	ThresholdMatrix
prec0_gs_affine_add_X_X	interl_gs_affine_add_X_X	2	1	lean_declaration	manual_semantic_rename	ThresholdMatrix
prec0_gs_affine_affine_add_X	interl_gs_affine_affine_add_X	2	1	lean_declaration	manual_semantic_rename	ThresholdMatrix
prec0_gs_affine_quadratic	interl_gs_affine_quadratic	2	1	lean_declaration	manual_semantic_rename	ThresholdMatrix
prec0_gs_affine_self	interl_gs_affine_self	2	1	lean_declaration	manual_semantic_rename	ThresholdMatrix
prec0_gs_affine_X	interl_gs_affine_X	2	1	lean_declaration	manual_semantic_rename	ThresholdMatrix
prec0_gs_one_one	interl_gs_one_one	1	1	lean_declaration	manual_semantic_rename	ThresholdMatrix
prec0_gs_quadratic_self	interl_gs_quadratic_self	2	1	lean_declaration	manual_semantic_rename	ThresholdMatrix
prec0_gs_X_quadratic	interl_gs_X_quadratic	2	1	lean_declaration	manual_semantic_rename	ThresholdMatrix
prec0_gs_X_X	interl_gs_X_X	2	1	lean_declaration	manual_semantic_rename	ThresholdMatrix
prec0_hz_affine_add_one_add_X_affine_add_X	interl_hz_affine_add_one_add_X_affine_add_X	2	1	lean_declaration	manual_semantic_rename	ThresholdMatrix
prec0_hz_affine_add_one_add_X_middleQuadratic	interl_hz_affine_add_one_add_X_middleQuadratic	2	1	lean_declaration	manual_semantic_rename	ThresholdMatrix
prec0_hz_affine_add_one_add_X_self	interl_hz_affine_add_one_add_X_self	2	1	lean_declaration	manual_semantic_rename	ThresholdMatrix
prec0_hz_affine_add_one_add_X_XAffineAddOne	interl_hz_affine_add_one_add_X_XAffineAddOne	2	1	lean_declaration	manual_semantic_rename	ThresholdMatrix
prec0_hz_affine_add_one_affine_add_one_add_X	interl_hz_affine_add_one_affine_add_one_add_X	2	1	lean_declaration	manual_semantic_rename	ThresholdMatrix
prec0_hz_affine_add_one_affine_add_X	interl_hz_affine_add_one_affine_add_X	2	1	lean_declaration	manual_semantic_rename	ThresholdMatrix
prec0_hz_affine_add_one_middleQuadratic	interl_hz_affine_add_one_middleQuadratic	2	1	lean_declaration	manual_semantic_rename	ThresholdMatrix
prec0_hz_affine_add_one_mul_one_add_X	interl_hz_affine_add_one_mul_one_add_X	2	1	lean_declaration	manual_semantic_rename	ThresholdMatrix
prec0_hz_affine_add_one_self	interl_hz_affine_add_one_self	2	1	lean_declaration	manual_semantic_rename	ThresholdMatrix
prec0_hz_affine_add_one_XAffineAddOne	interl_hz_affine_add_one_XAffineAddOne	2	1	lean_declaration	manual_semantic_rename	ThresholdMatrix
prec0_hz_affine_add_X_middleQuadratic	interl_hz_affine_add_X_middleQuadratic	2	1	lean_declaration	manual_semantic_rename	ThresholdMatrix
prec0_hz_affine_add_X_self	interl_hz_affine_add_X_self	2	1	lean_declaration	manual_semantic_rename	ThresholdMatrix
prec0_hz_affine_add_X_XAffineAddOne	interl_hz_affine_add_X_XAffineAddOne	2	1	lean_declaration	manual_semantic_rename	ThresholdMatrix
prec0_hz_affine_XAffineAddOne	interl_hz_affine_XAffineAddOne	2	1	lean_declaration	manual_semantic_rename	ThresholdMatrix
prec0_hz_linear_to_quadratic_of_eval_nonpos	interl_hz_linear_to_quadratic_of_eval_nonpos	7	1	lean_declaration	manual_semantic_rename	ThresholdMatrix
prec0_hz_middleQuadratic_self	interl_hz_middleQuadratic_self	2	1	lean_declaration	manual_semantic_rename	ThresholdMatrix
prec0_hz_middleQuadratic_XAffineAddOne	interl_hz_middleQuadratic_XAffineAddOne	2	1	lean_declaration	manual_semantic_rename	ThresholdMatrix
prec0_hz_mul_one_add_X_self	interl_hz_mul_one_add_X_self	2	1	lean_declaration	manual_semantic_rename	ThresholdMatrix
prec0_hz_mul_one_add_X_XAffineAddOne	interl_hz_mul_one_add_X_XAffineAddOne	2	1	lean_declaration	manual_semantic_rename	ThresholdMatrix
prec0_hz_XAffineAddOne_self	interl_hz_XAffineAddOne_self	3	1	lean_declaration	manual_semantic_rename	ThresholdMatrix
prec0_iff_prec0_mul_X_both_of_nonneg	interl_iff_interl_mul_X_both_of_nonneg	1	1	lean_declaration	manual_semantic_rename	WagnerX
prec0_iterateThetaPlusOne	interl_iterateThetaPlusOne	3	1	tactic_declaration	manual_alias_then_migrate	Tactic
prec0_linearFactorStep	interl_linearFactorStep	3	2	lean_declaration	manual_semantic_rename	PFPolynomial,Transforms
prec0_mul_X_both_of_nonneg	interl_mul_X_both_of_nonneg	2	1	lean_declaration	manual_semantic_rename	WagnerX
prec0_mul_X_of_prec0	interl_mul_X_of_interl	12	8	lean_declaration	manual_semantic_rename	BrandenLeite,BrandenVecchi,Challenges,GarloffWagner,PFPolynomial,WagnerX
prec0_nonneg_combo_right_of_common_left_of_nonneg	interl_nonneg_combo_right_of_common_left_of_nonneg	6	4	lean_declaration	manual_semantic_rename	GarloffWagner,PFPolynomial,PFPolynomial.lean
prec0_nonneg_combo_right_of_common_left_of_pf	interl_nonneg_combo_right_of_common_left_of_pf	1	1	lean_declaration	manual_semantic_rename	PFPolynomial.lean
prec0_of_natDegree_eq_zero	interl_of_natDegree_eq_zero	3	1	lean_declaration	manual_semantic_rename	GarloffWagner
prec0_of_pf_coeff_tendsto_of_natDegree_le	interl_of_pf_coeff_tendsto_of_natDegree_le	6	4	lean_declaration	manual_semantic_rename	BrandenLeite,BrandenVecchi,PFPolynomial
prec0_of_prec0_mul_X_both_of_nonneg	interl_of_interl_mul_X_both_of_nonneg	3	2	lean_declaration	manual_semantic_rename	BrandenLeite,WagnerX
prec0_one_affine_linear	interl_one_affine_linear	2	2	lean_declaration	manual_semantic_rename	AffineFamily.lean,MatrixInterlacing
prec0_or_revPrec0_map_of_pencil	interl_or_reverse_map_of_pencil	3	2	lean_declaration	manual_semantic_rename	FiniteFreeRootCount.lean,OperatorPreservesInterlacing.lean
prec0_or_revPrec0_of_allComboRealRooted	interl_or_reverse_of_allComboRealRooted	7	3	lean_declaration	manual_semantic_rename	BorceaBranden,HomogeneousOre.lean,OperatorPreservesInterlacing.lean
prec0_or_revPrec0_sequence_linear_change_of_pencil	interl_or_reverse_sequence_linear_change_of_pencil	1	1	lean_declaration	manual_semantic_rename	HomogeneousOre.lean
prec0_or_revPrec0_sequence_of_pencil	interl_or_reverse_sequence_of_pencil	1	1	lean_declaration	manual_semantic_rename	HomogeneousOre.lean
prec0_or_revPrec0_triangular_sequence_of_certificates	interl_or_reverse_triangular_sequence_of_certificates	1	1	lean_declaration	manual_semantic_rename	HomogeneousOre.lean
prec0_or_revPrec0_triangular_sequence_of_pencil	interl_or_reverse_triangular_sequence_of_pencil	1	1	lean_declaration	manual_semantic_rename	HomogeneousOre.lean
prec0_refl_of_realRooted	Interl.refl	1	1	deprecated_compatibility	use_canonical_keep_wrapper	ThresholdMatrix
prec0_regularizedKernelRow_succ	interl_regularizedKernelRow_succ	2	1	lean_declaration	manual_semantic_rename	BrandenLeite
prec0_self	interl_self	16	10	tactic_declaration	manual_alias_then_migrate	BrandenVecchi,GarloffWagner,Hadamard,NarayanaTransformation,PFPolynomial,PFPolynomial.lean,Tactic,Transforms
prec0_sum_left_of_common_left_of_nonneg	Interl.sum_left_of_common_left_of_nonneg	1	1	deprecated_compatibility	use_canonical_keep_wrapper	PosCombo.lean
prec0_twoKernelRow_succ	interl_twoKernelRow_succ	1	1	lean_declaration	manual_semantic_rename	BrandenLeite
prec0_veronesePairSectionPolynomial_fin_of_fullyInterlacingPair	interl_veronesePairSectionPolynomial_fin_of_fullyInterlacingPair	3	1	lean_declaration	manual_semantic_rename	VeroneseSection.lean
prec0_veronesePairSectionPolynomial_fin_of_nonneg_prec	interl_veronesePairSectionPolynomial_fin_of_nonneg_strictInterl	1	1	lean_declaration	manual_semantic_rename	VeroneseSection.lean
prec0_veronesePairSectionPolynomial_fin_of_pf_prec	interl_veronesePairSectionPolynomial_fin_of_pf_strictInterl	1	1	lean_declaration	manual_semantic_rename	VeroneseSection.lean
prec0_veronesePairSectionPolynomial_fin_of_prec	interl_veronesePairSectionPolynomial_fin_of_strictInterl	3	2	tactic_declaration	manual_alias_then_migrate	Tactic,VeroneseSection.lean
prec0_veronesePairSectionPolynomial_fin_sequence_of_prec	interl_veronesePairSectionPolynomial_fin_sequence_of_strictInterl	2	1	tactic_declaration	manual_alias_then_migrate	Tactic
prec0_veronesePairSectionPolynomial_of_fullyInterlacingPair	interl_veronesePairSectionPolynomial_of_fullyInterlacingPair	5	1	lean_declaration	manual_semantic_rename	VeroneseSection.lean
prec0_veronesePairSectionPolynomial_of_nonneg_prec	interl_veronesePairSectionPolynomial_of_nonneg_strictInterl	1	1	lean_declaration	manual_semantic_rename	VeroneseSection.lean
prec0_veronesePairSectionPolynomial_of_pf_prec	interl_veronesePairSectionPolynomial_of_pf_strictInterl	1	1	lean_declaration	manual_semantic_rename	VeroneseSection.lean
prec0_veronesePairSectionPolynomial_of_prec	interl_veronesePairSectionPolynomial_of_strictInterl	6	2	tactic_declaration	manual_alias_then_migrate	Tactic,VeroneseSection.lean
prec0_veronesePairSectionPolynomial_sequence_of_prec	interl_veronesePairSectionPolynomial_sequence_of_strictInterl	2	1	tactic_declaration	manual_alias_then_migrate	Tactic
prec0_veroneseSectionPolynomial_of_fullyInterlacingPair	interl_veroneseSectionPolynomial_of_fullyInterlacingPair	5	1	lean_declaration	manual_semantic_rename	VeroneseSection.lean
prec0_veroneseSectionPolynomial_of_nonneg_prec	interl_veroneseSectionPolynomial_of_nonneg_strictInterl	1	1	lean_declaration	manual_semantic_rename	VeroneseSection.lean
prec0_veroneseSectionPolynomial_of_pf_prec	interl_veroneseSectionPolynomial_of_pf_strictInterl	1	1	lean_declaration	manual_semantic_rename	VeroneseSection.lean
prec0_veroneseSectionPolynomial_of_prec	interl_veroneseSectionPolynomial_of_strictInterl	4	2	tactic_declaration	manual_alias_then_migrate	Tactic,VeroneseSection.lean
prec0_veroneseSectionPolynomial_sequence_of_prec	interl_veroneseSectionPolynomial_sequence_of_strictInterl	2	1	tactic_declaration	manual_alias_then_migrate	Tactic
prec0_weightedShiftTilingRow_separated_succ	interl_weightedShiftTilingRow_separated_succ	1	1	lean_declaration	manual_semantic_rename	BrandenLeite
prec0_weightedShiftTilingRow_succ	interl_weightedShiftTilingRow_succ	2	1	lean_declaration	manual_semantic_rename	BrandenLeite
prec0_weightedSum_cone	interl_weightedSum_cone	1	1	lean_declaration	manual_semantic_rename	InterlacingConeBounds.lean
prec0_weightedSum_right_of_nonneg	interl_weightedSum_right_of_nonneg	6	3	lean_declaration	manual_semantic_rename	GarloffWagner,Transforms
prec0_X_mul_both_of_pf	interl_X_mul_both_of_pf	5	3	tactic_declaration	manual_alias_then_migrate	EulerOperator.lean,PFPolynomial.lean,Tactic
prec0_zero_left	interl_zero_left	1	1	deprecated_compatibility	use_canonical_keep_wrapper	Basic
prec0_zero_right	interl_zero_right	1	1	deprecated_compatibility	use_canonical_keep_wrapper	Basic
prec0_zero_zero	interl_zero_zero	1	1	deprecated_compatibility	use_canonical_keep_wrapper	Basic
prec0_zipWith_sum_pair_of_2x2	interl_zipWith_sum_pair_of_2x2	2	2	lean_declaration	manual_semantic_rename	MatrixInterlacing
prec0_zipWith_sum_pair_of_2x2_weak	interl_zipWith_sum_pair_of_2x2_weak	3	2	lean_declaration	manual_semantic_rename	MatrixInterlacing
prec_add_mul_pair_of_2x2	strictInterl_add_mul_pair_of_2x2	2	2	lean_declaration	manual_semantic_rename	GeneralizedSnakePosets,MatrixInterlacing
prec_add_of_prec_left	strictInterl_add_of_strictInterl_left	11	6	lean_declaration	manual_semantic_rename	IteratedDerivativeShift.lean,PosCombo.lean,ProductSequence,Wagner,WagnerLeftSum.lean,WeightedSum.lean
prec_add_of_prec_left_of_common_factor	strictInterl_add_of_strictInterl_left_of_common_factor	2	2	lean_declaration	manual_semantic_rename	IteratedDerivativeShift.lean,WagnerLeftSum.lean
prec_add_of_prec_right	strictInterl_add_of_strictInterl_right	2	1	lean_declaration	manual_semantic_rename	WagnerRightSum.lean
prec_add_of_prec_right_mixed_of_natDegree	strictInterl_add_of_strictInterl_right_mixed_of_natDegree	2	1	lean_declaration	manual_semantic_rename	WagnerRightSum.lean
prec_add_of_prec_right_mixed_of_natDegree_of_common_factor	strictInterl_add_of_strictInterl_right_mixed_of_natDegree_of_common_factor	1	1	lean_declaration	manual_semantic_rename	WagnerRightSum.lean
prec_add_of_prec_right_mixed_of_natDegree_of_common_factor_of_no_common_right	strictInterl_add_of_strictInterl_right_mixed_of_natDegree_of_common_factor_of_no_common_right	1	1	lean_declaration	manual_semantic_rename	WagnerRightSum.lean
prec_add_of_prec_right_mixed_of_natDegree_of_no_common_right	strictInterl_add_of_strictInterl_right_mixed_of_natDegree_of_no_common_right	2	1	lean_declaration	manual_semantic_rename	WagnerRightSum.lean
prec_add_of_prec_right_of_common_factor	strictInterl_add_of_strictInterl_right_of_common_factor	1	1	lean_declaration	manual_semantic_rename	WagnerRightSum.lean
prec_add_of_prec_right_of_common_factor_of_no_common_right	strictInterl_add_of_strictInterl_right_of_common_factor_of_no_common_right	1	1	lean_declaration	manual_semantic_rename	WagnerRightSum.lean
prec_add_of_prec_right_of_no_common_right	strictInterl_add_of_strictInterl_right_of_no_common_right	3	1	lean_declaration	manual_semantic_rename	WagnerRightSum.lean
prec_add_of_prec_right_of_posLeadingCoeff	strictInterl_add_of_strictInterl_right_of_posLeadingCoeff	19	16	tactic_declaration	manual_alias_then_migrate	AffineFamily,CombinatorialExamples,CommonInterleaver,EulerOperator,EulerianCompletion,PosCombo.lean,Tactic,Transforms,Wagner,WagnerRightSum.lean,WeightedSum.lean
prec_add_X_mul_of_prec	strictInterl_add_X_mul_of_strictInterl	3	3	lean_declaration	manual_semantic_rename	ClassicalHurwitzMatrix,CombinatorialExamples,SamePhaseInterlacing.lean
prec_affine_derivative	strictInterl_affine_derivative	11	4	tactic_declaration	manual_alias_then_migrate	AffineDerivative.lean,CombinatorialExamples,Tactic
prec_affine_derivative_deg_one	strictInterl_affine_derivative_deg_one	3	2	tactic_declaration	manual_alias_then_migrate	AffineDerivative.lean,Tactic
prec_affine_derivative_nonneg_sequence	strictInterl_affine_derivative_nonneg_sequence	3	1	tactic_declaration	manual_alias_then_migrate	Tactic
prec_affine_derivative_of_nonnegCoeffs	strictInterl_affine_derivative_of_nonnegCoeffs	5	4	tactic_declaration	manual_alias_then_migrate	AffineDerivative.lean,EulerOperator,GeneralizedEulerian.lean,Tactic
prec_affine_derivative_sequence	strictInterl_affine_derivative_sequence	3	1	tactic_declaration	manual_alias_then_migrate	Tactic
prec_affine_favard_step	strictInterl_affine_favard_step	2	1	lean_declaration	manual_semantic_rename	Favard
prec_affine_linear_affine_linear_of_cross	strictInterl_affine_linear_affine_linear_of_cross	6	4	lean_declaration	manual_semantic_rename	AffineProperPosition.lean,Compatibility,ThresholdMatrix
prec_affine_sturmDerangementsExc	strictInterl_affine_sturmDerangementsExc	5	1	lean_declaration	manual_semantic_rename	CombinatorialExamples
prec_affineEulerianTilde	strictInterl_affineEulerianTilde	3	1	lean_declaration	manual_semantic_rename	CombinatorialExamples
prec_and_hasSimpleRoots_of_auxiliary_sign_succ	strictInterl_and_hasSimpleRoots_of_auxiliary_sign_succ	2	2	lean_declaration	manual_semantic_rename	Applications,MaWang
prec_and_hasSimpleRoots_of_auxiliary_sign_succ_add_tail	strictInterl_and_hasSimpleRoots_of_auxiliary_sign_succ_add_tail	3	2	lean_declaration	manual_semantic_rename	Interlacing,MaWang
prec_and_hasSimpleRoots_of_interlaces_eval_mul_neg_succ	strictInterl_and_hasSimpleRoots_of_interlaces_eval_mul_neg_succ	1	1	lean_declaration	manual_semantic_rename	MaWang
prec_and_noCommonRoot_of_affine_lag_degree_step	strictInterl_and_noCommonRoot_of_affine_lag_degree_step	2	2	lean_declaration	manual_semantic_rename	Applications,DerivativeRecurrence
prec_and_noCommonRoot_of_affine_lag_second_order_derivative	strictInterl_and_noCommonRoot_of_affine_lag_second_order_derivative	1	1	lean_declaration	manual_semantic_rename	DerivativeRecurrence
prec_and_noCommonRoot_of_affine_lag_second_order_derivative_of_nonneg_lag	strictInterl_and_noCommonRoot_of_affine_lag_second_order_derivative_of_nonneg_lag	5	1	lean_declaration	manual_semantic_rename	DerivativeRecurrence
prec_and_noCommonRoot_of_quadratic_lag	strictInterl_and_noCommonRoot_of_quadratic_lag	2	2	lean_declaration	manual_semantic_rename	Applications,DerivativeRecurrence
prec_and_noCommonRoot_of_quadratic_lag_degree_step	strictInterl_and_noCommonRoot_of_quadratic_lag_degree_step	3	3	lean_declaration	manual_semantic_rename	Applications,DerivativeRecurrence
prec_and_noCommonRoot_of_unit_affine_unit_lag	strictInterl_and_noCommonRoot_of_unit_affine_unit_lag	1	1	lean_declaration	manual_semantic_rename	DerivativeRecurrence
prec_and_noCommonRoot_of_unit_affine_zero_lag	strictInterl_and_noCommonRoot_of_unit_affine_zero_lag	1	1	lean_declaration	manual_semantic_rename	DerivativeRecurrence
prec_b_component_of_prec_Id_top_of_right_top	strictInterl_b_component_of_strictInterl_Id_top_of_right_top	2	1	lean_declaration	manual_semantic_rename	SymmetricDecomposition
prec_b_component_of_prec_left_of_natDegree_le	strictInterl_b_component_of_strictInterl_left_of_natDegree_le	2	1	lean_declaration	manual_semantic_rename	SymmetricDecomposition
prec_b_component_of_prec_left_top	strictInterl_b_component_of_strictInterl_left_top	2	1	lean_declaration	manual_semantic_rename	SymmetricDecomposition
prec_b_component_of_prec_left_top_of_sameDegree	strictInterl_b_component_of_strictInterl_left_top_of_sameDegree	2	1	lean_declaration	manual_semantic_rename	SymmetricDecomposition
prec_b_component_of_prec_right_top	strictInterl_b_component_of_strictInterl_right_top	3	1	lean_declaration	manual_semantic_rename	SymmetricDecomposition
prec_b_component_of_prec_sum_of_leadingCoeff_eq	strictInterl_b_component_of_strictInterl_sum_of_leadingCoeff_eq	2	1	lean_declaration	manual_semantic_rename	SymmetricDecomposition
prec_boundary_right_pair_of_orientation_succDegree_nonneg	strictInterl_boundary_right_pair_of_orientation_succDegree_nonneg	1	1	lean_declaration	manual_semantic_rename	CommonInterleaver
prec_boundary_right_pair_of_prec_nonneg	strictInterl_boundary_right_pair_of_strictInterl_nonneg	2	1	lean_declaration	manual_semantic_rename	CommonInterleaver
prec_C_mul_both_sequence	strictInterl_C_mul_both_sequence	3	1	tactic_declaration	manual_alias_then_migrate	Tactic
prec_C_mul_left	StrictInterl.C_mul_left	1	1	deprecated_compatibility	use_canonical_keep_wrapper	Linear.lean
prec_C_mul_left_sequence	strictInterl_C_mul_left_sequence	3	1	tactic_declaration	manual_alias_then_migrate	Tactic
prec_C_mul_right	StrictInterl.C_mul_right	1	1	deprecated_compatibility	use_canonical_keep_wrapper	Linear.lean
prec_C_mul_right_sequence	strictInterl_C_mul_right_sequence	3	1	tactic_declaration	manual_alias_then_migrate	Tactic
prec_C_mul_self	StrictInterl.C_mul_self	1	1	deprecated_compatibility	use_canonical_keep_wrapper	Linear.lean
prec_C_mul_X_of_prec_of_nonneg	strictInterl_C_mul_X_of_strictInterl_of_nonneg	5	2	tactic_declaration	manual_alias_then_migrate	Tactic,WagnerX
prec_chain_of_consecutive_of_endpoint	strictInterl_chain_of_consecutive_of_endpoint	5	5	lean_declaration	manual_semantic_rename	Applications,BrandenVecchi,CommonInterleaver,Transforms
prec_chainPolynomial_succ_of_isTotallyNonneg_of_ne	strictInterl_chainPolynomial_succ_of_isTotallyNonneg_of_ne	1	1	lean_declaration	manual_semantic_rename	BrandenLeite
prec_chainPolynomial_succ_of_ne	strictInterl_chainPolynomial_succ_of_ne	2	2	lean_declaration	manual_semantic_rename	BrandenLeite
prec_cofactor_of_common_root	StrictInterl.cofactor_of_common_root	1	1	deprecated_compatibility	use_canonical_keep_wrapper	Interlacing
prec_coloredSetPartitions_one_two	strictInterl_coloredSetPartitions_one_two	2	1	lean_declaration	manual_semantic_rename	CombinatorialExamples
prec_coloredSetPartitions_succ	strictInterl_coloredSetPartitions_succ	6	2	tactic_declaration	manual_alias_then_migrate	CombinatorialExamples,Tactic
prec_commonPhaseRestriction_pderiv	strictInterl_commonPhaseRestriction_pderiv	2	2	reference_or_local	migrate_with_declaration_owner	CombinatorialExamples,SamePhaseInterlacing.lean
prec_comp_C_mul_X	StrictInterl.comp_C_mul_X	1	1	deprecated_compatibility	use_canonical_keep_wrapper	Linear.lean
prec_comp_C_mul_X_iff	StrictInterl.comp_C_mul_X_iff	1	1	deprecated_compatibility	use_canonical_keep_wrapper	Linear.lean
prec_comp_neg_X_of_sameDegree	StrictInterl.comp_neg_X_of_natDegree_eq	1	1	deprecated_compatibility	use_canonical_keep_wrapper	Linear.lean
prec_comp_one_sub_X_of_sameDegree	StrictInterl.comp_one_sub_X_of_natDegree_eq	1	1	deprecated_compatibility	use_canonical_keep_wrapper	Linear.lean
prec_comp_X_add_C	StrictInterl.comp_X_add_C	1	1	deprecated_compatibility	use_canonical_keep_wrapper	Linear.lean
prec_comp_X_add_C_iff	StrictInterl.comp_X_add_C_iff	1	1	deprecated_compatibility	use_canonical_keep_wrapper	Linear.lean
prec_comp_X_add_C_of_two_interlacings	strictInterl_comp_X_add_C_of_two_interlacings	2	1	lean_declaration	manual_semantic_rename	NarayanaTransformation
prec_component_of_prec_mul_X_of_roots_nonpos	strictInterl_component_of_strictInterl_mul_X_of_roots_nonpos	3	1	lean_declaration	manual_semantic_rename	FolkloreLemma.lean
prec_component_of_prec_next_eq_add_X_mul	strictInterl_component_of_strictInterl_next_eq_add_X_mul	2	2	lean_declaration	manual_semantic_rename	FolkloreLemma.lean,GeneralizedSnakePosets
prec_component_of_prec_next_eq_add_X_mul_of_roots_sum_le	strictInterl_component_of_strictInterl_next_eq_add_X_mul_of_roots_sum_le	2	2	lean_declaration	manual_semantic_rename	FolkloreLemma.lean,GeneralizedSnakePosets
prec_convex_left	strictInterl_convex_left	5	3	tactic_declaration	manual_alias_then_migrate	EulerianMixedCompatibility.lean,PosCombo.lean,Tactic
prec_convex_left_of_common_factor	strictInterl_convex_left_of_common_factor	3	3	tactic_declaration	manual_alias_then_migrate	LinearPowerFamily.lean,PosCombo.lean,Tactic
prec_convex_right	strictInterl_convex_right	2	2	tactic_declaration	manual_alias_then_migrate	PosCombo.lean,Tactic
prec_countP_eq	strictInterl_countP_eq	2	1	lean_declaration	manual_semantic_rename	Interlacing
prec_degree_zero_degree_zero	strictInterl_degree_zero_degree_zero	7	6	lean_declaration	manual_semantic_rename	AffineFamily.lean,CommonInterleaver,GarloffWagner,HermiteBiehler,ObreschkoffConverse,SamePhaseInterlacing.lean
prec_degree_zero_right_of_degree_one	strictInterl_degree_zero_right_of_degree_one	10	7	lean_declaration	manual_semantic_rename	AffineFamily.lean,CommonInterleaver,Derivative,EulerianMixedCompatibility,GarloffWagner,ObreschkoffConverse,ParkingFunctions
prec_deriv_eval_mul_deriv_nonneg	strictInterl_deriv_eval_mul_deriv_nonneg	1	1	lean_declaration	manual_semantic_rename	UpperDerivativeInterlace.lean
prec_derivative_endpointProduct	strictInterl_derivative_endpointProduct	3	2	lean_declaration	manual_semantic_rename	EndpointDerivative
prec_derivative_endpointProduct_sequence	strictInterl_derivative_endpointProduct_sequence	4	2	tactic_declaration	manual_alias_then_migrate	EndpointDerivative,Tactic
prec_derivative_of_nonpos_of_pos_natDegree	strictInterl_derivative_of_nonpos_of_pos_natDegree	2	1	lean_declaration	manual_semantic_rename	ParkingFunctions
prec_derivative_polarTheta	strictInterl_derivative_polarTheta	3	1	lean_declaration	manual_semantic_rename	EulerOperator
prec_derivative_polarTheta_boundary	strictInterl_derivative_polarTheta_boundary	4	1	lean_declaration	manual_semantic_rename	EulerOperator
prec_derivative_polarTheta_of_le	strictInterl_derivative_polarTheta_of_le	3	1	lean_declaration	manual_semantic_rename	EulerOperator
prec_divX_left_of_prec_of_hasNonnegCoeffs_coeff_zero	strictInterl_divX_left_of_strictInterl_of_hasNonnegCoeffs_coeff_zero	10	3	lean_declaration	manual_semantic_rename	ClassicalHurwitzMatrix,CommonInterleaver,DegreeDropDivXPrec.lean
prec_divX_left_of_prec_sameDegree_of_hasNonnegCoeffs_coeff_zero	strictInterl_divX_left_of_strictInterl_sameDegree_of_hasNonnegCoeffs_coeff_zero	1	1	lean_declaration	manual_semantic_rename	DegreeDropDivXPrec.lean
prec_divX_left_of_prec_sameDegree_of_roots_nonpos_coeff_zero	strictInterl_divX_left_of_strictInterl_sameDegree_of_roots_nonpos_coeff_zero	4	2	lean_declaration	manual_semantic_rename	ClassicalHurwitzMatrix,DegreeDropDivXPrec.lean
prec_endpoint_sum_then_X_pair_sequence	strictInterl_endpoint_sum_then_X_pair_sequence	4	2	tactic_declaration	manual_alias_then_migrate	ProductSequence,Tactic
prec_endpoint_sum_then_X_step	strictInterl_endpoint_sum_then_X_step	2	1	lean_declaration	manual_semantic_rename	ProductSequence
prec_endpoint_X_then_sum_pair_sequence	strictInterl_endpoint_X_then_sum_pair_sequence	4	2	tactic_declaration	manual_alias_then_migrate	ProductSequence,Tactic
prec_endpoint_X_then_sum_step	strictInterl_endpoint_X_then_sum_step	2	1	lean_declaration	manual_semantic_rename	ProductSequence
prec_endpointDerivative	strictInterl_endpointDerivative	3	2	lean_declaration	manual_semantic_rename	EndpointDerivative
prec_endpointDerivative_sequence	strictInterl_endpointDerivative_sequence	4	2	tactic_declaration	manual_alias_then_migrate	EndpointDerivative,Tactic
prec_eulerianTilde_succ	strictInterl_eulerianTilde_succ	5	2	tactic_declaration	manual_alias_then_migrate	CombinatorialExamples,Tactic
prec_eulerianTilde_succ_of_prec_affine	strictInterl_eulerianTilde_succ_of_strictInterl_affine	3	1	lean_declaration	manual_semantic_rename	CombinatorialExamples
prec_eulerInsertionStep	strictInterl_eulerInsertionStep	2	1	lean_declaration	manual_semantic_rename	EulerianMixedCompatibility
prec_forward_of_orientation_of_succDegree	StrictInterl.forward_of_orientation_of_succDegree	1	1	deprecated_compatibility	use_canonical_keep_wrapper	Basic
prec_fPolynomial_of_prec	strictInterl_fPolynomial_of_strictInterl	3	1	tactic_declaration	manual_alias_then_migrate	Tactic
prec_fPolynomial_of_prec_of_hasNonnegCoeffs_of_minimal	strictInterl_fPolynomial_of_strictInterl_of_hasNonnegCoeffs_of_minimal	3	2	lean_declaration	manual_semantic_rename	SymmetricDecomposition
prec_fPolynomial_sequence_of_prec	strictInterl_fPolynomial_sequence_of_strictInterl	2	1	tactic_declaration	manual_alias_then_migrate	Tactic
prec_gammaTransform_succ_iff	strictInterl_gammaTransform_succ_iff	3	3	lean_declaration	manual_semantic_rename	Challenges,GammaTransform,NarayanaTransformation
prec_generalizedLiuWang_of_no_common	strictInterl_generalizedLiuWang_of_no_common	7	6	tactic_declaration	manual_alias_then_migrate	DerivativeRecurrence,GeneralizedLiuWang.lean,LiuWang,LiuWangRecursion.lean,Tactic
prec_generalizedLiuWang_strict	strictInterl_generalizedLiuWang_strict	4	3	tactic_declaration	manual_alias_then_migrate	GeneralizedLiuWang.lean,LiuWang,Tactic
prec_generalizedLiuWang_strict_same	strictInterl_generalizedLiuWang_strict_same	4	3	tactic_declaration	manual_alias_then_migrate	GeneralizedLiuWang.lean,LiuWang,Tactic
prec_generalizedLiuWang_strict_succ	strictInterl_generalizedLiuWang_strict_succ	4	3	tactic_declaration	manual_alias_then_migrate	GeneralizedLiuWang.lean,LiuWang,Tactic
prec_get_staircaseSum_of_isInterlacingSeqNonneg	strictInterl_get_staircaseSum_of_isInterlacingSeqNonneg	4	2	tactic_declaration	manual_alias_then_migrate	StaircaseSum.lean,Tactic
prec_iff_orderedRoot_bounds	strictInterl_iff_orderedRoot_bounds	4	2	lean_declaration	manual_semantic_rename	OrderedRoots.lean,ParkingFunctions
prec_iff_prec_divX_left_of_hasNonnegCoeffs_coeff_zero	strictInterl_iff_strictInterl_divX_left_of_hasNonnegCoeffs_coeff_zero	2	1	lean_declaration	manual_semantic_rename	DegreeDropDivXPrec.lean
prec_iff_prec_fPolynomial_of_minimal_of_isRealRooted_of_hasNonnegCoeffs	strictInterl_iff_strictInterl_fPolynomial_of_minimal_of_isRealRooted_of_hasNonnegCoeffs	1	1	lean_declaration	manual_semantic_rename	SymmetricDecomposition
prec_iff_prec_mul_X	strictInterl_iff_strictInterl_mul_X	2	1	lean_declaration	manual_semantic_rename	WagnerX
prec_iff_prec_mul_X_add_one_both	strictInterl_iff_strictInterl_mul_X_add_one_both	2	1	lean_declaration	manual_semantic_rename	SymmetricDecomposition
prec_iff_prec_mul_X_add_one_pow_both	strictInterl_iff_strictInterl_mul_X_add_one_pow_both	2	1	lean_declaration	manual_semantic_rename	SymmetricDecomposition
prec_iff_prec_mul_X_both_of_hasNonnegCoeffs	strictInterl_iff_strictInterl_mul_X_both_of_hasNonnegCoeffs	5	2	lean_declaration	manual_semantic_rename	SymmetricDecomposition
prec_iff_prec_mul_X_both_of_roots_nonpos	strictInterl_iff_strictInterl_mul_X_both_of_roots_nonpos	3	2	lean_declaration	manual_semantic_rename	SymmetricDecomposition,WagnerX
prec_iff_prec_mul_X_of_roots_nonpos	strictInterl_iff_strictInterl_mul_X_of_roots_nonpos	6	4	lean_declaration	manual_semantic_rename	FolkloreLemma.lean,Wagner,WagnerX
prec_iff_prec_mul_X_sub_C_both_of_roots_le	strictInterl_iff_strictInterl_mul_X_sub_C_both_of_roots_le	1	1	lean_declaration	manual_semantic_rename	WagnerX
prec_iff_prec_mul_X_sub_C_of_roots_le	strictInterl_iff_strictInterl_mul_X_sub_C_of_roots_le	8	6	lean_declaration	manual_semantic_rename	AffineDerivative.lean,BrandenVecchi,CombinatorialExamples,Interlacing,PosCombo.lean,WagnerX
prec_iff_rootSeqDesc	strictInterl_iff_rootSeqDesc	4	1	lean_declaration	manual_semantic_rename	CommonInterleaver
prec_imag_real	strictInterl_imag_real	6	2	tactic_reference	migrate_with_tactic_owner	Tactic
prec_iterateTDeriv_of_allComboRealRooted_succ_of_no_common	strictInterl_iterateTDeriv_of_allComboRealRooted_succ_of_no_common	2	2	reference_or_local	migrate_with_declaration_owner	ObreschkoffConverse
prec_iterateTDeriv_succ	strictInterl_iterateTDeriv_succ	3	2	tactic_declaration	manual_alias_then_migrate	IteratedDerivativeShift.lean,Tactic
prec_left_of_shifted_slots_polyOfDescRoots	strictInterl_left_of_shifted_slots_polyOfDescRoots	5	3	lean_declaration	manual_semantic_rename	CommonInterleaver,CommonInterleaverSeq.lean
prec_left_of_shifted_slots_polyOfDescRootsDesc	strictInterl_left_of_shifted_slots_polyOfDescRootsDesc	3	1	lean_declaration	manual_semantic_rename	CommonInterleaverSeq.lean
prec_left_pos_X_lag_combo_of_prec_nonneg	strictInterl_left_pos_X_lag_combo_of_strictInterl_nonneg	1	1	tactic_declaration	manual_alias_then_migrate	Tactic
prec_linear_root_move	strictInterl_linear_root_move	2	1	lean_declaration	manual_semantic_rename	FiniteFreeRootCount.lean
prec_lowerTerm_sturmDerangementsExc	strictInterl_lowerTerm_sturmDerangementsExc	3	1	lean_declaration	manual_semantic_rename	CombinatorialExamples
prec_lw_C_add_X_lag_of_roots_upper	strictInterl_lw_C_add_X_lag_of_roots_upper	1	1	lean_declaration	manual_semantic_rename	LiuWang
prec_lw_C_add_X_lag_sequence	strictInterl_lw_C_add_X_lag_sequence	3	2	tactic_declaration	manual_alias_then_migrate	LiuWang,Tactic
prec_lw_C_add_X_lag_sequence_of_shift_nonneg_coeffs	strictInterl_lw_C_add_X_lag_sequence_of_shift_nonneg_coeffs	3	2	tactic_declaration	manual_alias_then_migrate	LiuWang,Tactic
prec_lw_C_mul_one_add_X_mul_one_add_two_mul_X_lag_sequence	strictInterl_lw_C_mul_one_add_X_mul_one_add_two_mul_X_lag_sequence	4	2	tactic_declaration	manual_alias_then_migrate	LiuWang,Tactic
prec_lw_C_mul_X_mul_C_sub_C_mul_X_lag_of_nonneg_coeffs	strictInterl_lw_C_mul_X_mul_C_sub_C_mul_X_lag_of_nonneg_coeffs	1	1	lean_declaration	manual_semantic_rename	LiuWang
prec_lw_C_mul_X_mul_C_sub_C_mul_X_lag_of_roots_nonpos	strictInterl_lw_C_mul_X_mul_C_sub_C_mul_X_lag_of_roots_nonpos	2	1	lean_declaration	manual_semantic_rename	LiuWang
prec_lw_C_mul_X_mul_C_sub_C_mul_X_lag_sequence	strictInterl_lw_C_mul_X_mul_C_sub_C_mul_X_lag_sequence	4	2	tactic_declaration	manual_alias_then_migrate	LiuWang,Tactic
prec_lw_C_mul_X_mul_one_add_X_lag_sequence_of_nonneg_coeffs	strictInterl_lw_C_mul_X_mul_one_add_X_lag_sequence_of_nonneg_coeffs	4	2	tactic_declaration	manual_alias_then_migrate	LiuWang,Tactic
prec_lw_C_mul_X_mul_one_sub_X_mul_one_add_X_lag_sequence_of_nonneg_coeffs	strictInterl_lw_C_mul_X_mul_one_sub_X_mul_one_add_X_lag_sequence_of_nonneg_coeffs	4	2	tactic_declaration	manual_alias_then_migrate	LiuWang,Tactic
prec_lw_C_mul_X_sq_sub_one_lag_sequence_of_nonneg_coeffs	strictInterl_lw_C_mul_X_sq_sub_one_lag_sequence_of_nonneg_coeffs	4	2	tactic_declaration	manual_alias_then_migrate	LiuWang,Tactic
prec_lw_C_mul_X_sub_C_lag_of_nonneg_coeffs	strictInterl_lw_C_mul_X_sub_C_lag_of_nonneg_coeffs	1	1	lean_declaration	manual_semantic_rename	LiuWang
prec_lw_C_mul_X_sub_C_lag_of_roots_nonpos	strictInterl_lw_C_mul_X_sub_C_lag_of_roots_nonpos	2	1	lean_declaration	manual_semantic_rename	LiuWang
prec_lw_C_mul_X_sub_C_lag_sequence	strictInterl_lw_C_mul_X_sub_C_lag_sequence	4	2	tactic_declaration	manual_alias_then_migrate	LiuWang,Tactic
prec_lw_C_mul_X_sub_X_pow_three_lag_sequence_of_nonneg_coeffs	strictInterl_lw_C_mul_X_sub_X_pow_three_lag_sequence_of_nonneg_coeffs	4	2	tactic_declaration	manual_alias_then_migrate	LiuWang,Tactic
prec_lw_c_tR_lag_sequence	strictInterl_lw_c_tR_lag_sequence	2	1	lean_declaration	manual_semantic_rename	LiuWang
prec_lw_current_CX_positive_t_lag_sequence	strictInterl_lw_current_CX_positive_t_lag_sequence	4	2	tactic_declaration	manual_alias_then_migrate	LiuWang,Tactic
prec_lw_current_one_add_X_positive_t_lag_sequence	strictInterl_lw_current_one_add_X_positive_t_lag_sequence	5	3	tactic_declaration	manual_alias_then_migrate	LiuWang,Tactic
prec_lw_current_X_positive_t_lag_sequence	strictInterl_lw_current_X_positive_t_lag_sequence	6	2	tactic_declaration	manual_alias_then_migrate	LiuWang,Tactic
prec_lw_derivative_lag_of_nonpos	strictInterl_lw_derivative_lag_of_nonpos	2	1	lean_declaration	manual_semantic_rename	LiuWangRecursion.lean
prec_lw_derivative_lag_sequence	strictInterl_lw_derivative_lag_sequence	5	3	tactic_declaration	manual_alias_then_migrate	LiuWangRecursion.lean,NarayanaTransformation,Tactic
prec_lw_derivative_lag_sequence_of_root_signs	strictInterl_lw_derivative_lag_sequence_of_root_signs	6	3	tactic_declaration	manual_alias_then_migrate	LiuWangRecursion.lean,MaWang,Tactic
prec_lw_derivative_lag_sequence_of_root_window	strictInterl_lw_derivative_lag_sequence_of_root_window	3	2	tactic_declaration	manual_alias_then_migrate	LiuWangRecursion.lean,Tactic
prec_lw_inner_window_lag_sequence_of_nonneg_coeffs	strictInterl_lw_inner_window_lag_sequence_of_nonneg_coeffs	13	1	lean_declaration	manual_semantic_rename	LiuWang
prec_lw_interval_lag_sequence	strictInterl_lw_interval_lag_sequence	4	1	lean_declaration	manual_semantic_rename	LiuWang
prec_lw_neg_C_mul_affine_inner_lag_sequence_of_nonneg_coeffs	strictInterl_lw_neg_C_mul_affine_inner_lag_sequence_of_nonneg_coeffs	3	2	tactic_declaration	manual_alias_then_migrate	LiuWang,Tactic
prec_lw_neg_C_mul_one_add_two_mul_X_lag_sequence_of_nonneg_coeffs	strictInterl_lw_neg_C_mul_one_add_two_mul_X_lag_sequence_of_nonneg_coeffs	4	2	tactic_declaration	manual_alias_then_migrate	LiuWang,Tactic
prec_lw_neg_C_mul_one_add_X_lag_sequence_den_coeff_of_nonneg_coeffs	strictInterl_lw_neg_C_mul_one_add_X_lag_sequence_den_coeff_of_nonneg_coeffs	4	2	tactic_declaration	manual_alias_then_migrate	LiuWang,Tactic
prec_lw_neg_C_mul_one_add_X_lag_sequence_of_nonneg_coeffs	strictInterl_lw_neg_C_mul_one_add_X_lag_sequence_of_nonneg_coeffs	5	2	tactic_declaration	manual_alias_then_migrate	LiuWang,Tactic
prec_lw_negative_const_C_neg_lag_sequence	strictInterl_lw_negative_const_C_neg_lag_sequence	4	2	tactic_declaration	manual_alias_then_migrate	LiuWang,Tactic
prec_lw_negative_const_lag	strictInterl_lw_negative_const_lag	6	2	tactic_declaration	manual_alias_then_migrate	LiuWang,Tactic
prec_lw_negative_const_lag_C_neg	strictInterl_lw_negative_const_lag_C_neg	5	2	tactic_declaration	manual_alias_then_migrate	LiuWang,Tactic
prec_lw_negative_const_lag_sequence	strictInterl_lw_negative_const_lag_sequence	4	2	tactic_declaration	manual_alias_then_migrate	LiuWang,Tactic
prec_lw_negative_monic_quadratic_lag	strictInterl_lw_negative_monic_quadratic_lag	5	2	tactic_declaration	manual_alias_then_migrate	LiuWang,Tactic
prec_lw_negative_monic_quadratic_lag_sequence	strictInterl_lw_negative_monic_quadratic_lag_sequence	4	2	tactic_declaration	manual_alias_then_migrate	LiuWang,Tactic
prec_lw_negative_quadratic_lag	strictInterl_lw_negative_quadratic_lag	5	2	tactic_declaration	manual_alias_then_migrate	LiuWang,Tactic
prec_lw_negative_quadratic_lag_sequence	strictInterl_lw_negative_quadratic_lag_sequence	5	2	tactic_declaration	manual_alias_then_migrate	LiuWang,Tactic
prec_lw_negative_quadratic_lag_sequence_den_coeff	strictInterl_lw_negative_quadratic_lag_sequence_den_coeff	4	2	tactic_declaration	manual_alias_then_migrate	LiuWang,Tactic
prec_lw_negative_square_lag	strictInterl_lw_negative_square_lag	5	2	tactic_declaration	manual_alias_then_migrate	LiuWang,Tactic
prec_lw_negative_square_lag_sequence	strictInterl_lw_negative_square_lag_sequence	6	2	tactic_declaration	manual_alias_then_migrate	LiuWang,Tactic
prec_lw_negative_square_lag_sequence_den_coeff	strictInterl_lw_negative_square_lag_sequence_den_coeff	6	2	tactic_declaration	manual_alias_then_migrate	LiuWang,Tactic
prec_lw_negative_square_lag_sequence_unit	strictInterl_lw_negative_square_lag_sequence_unit	3	2	tactic_declaration	manual_alias_then_migrate	LiuWang,Tactic
prec_lw_nonpos_lag_sequence	strictInterl_lw_nonpos_lag_sequence	13	4	tactic_declaration	manual_alias_then_migrate	LiuWang,Tactic
prec_lw_nonpos_lag_sequence_den	strictInterl_lw_nonpos_lag_sequence_den	4	2	tactic_declaration	manual_alias_then_migrate	LiuWang,Tactic
prec_lw_nonpos_lag_sequence_of_inductive_nonpos	strictInterl_lw_nonpos_lag_sequence_of_inductive_nonpos	11	4	lean_declaration	manual_semantic_rename	LiuWang
prec_lw_one_add_X_mul_one_add_two_mul_X_lag_sequence	strictInterl_lw_one_add_X_mul_one_add_two_mul_X_lag_sequence	3	2	tactic_declaration	manual_alias_then_migrate	LiuWang,Tactic
prec_lw_positive_affine_lag_of_roots_upper	strictInterl_lw_positive_affine_lag_of_roots_upper	2	1	lean_declaration	manual_semantic_rename	LiuWang
prec_lw_positive_affine_lag_sequence	strictInterl_lw_positive_affine_lag_sequence	5	2	tactic_declaration	manual_alias_then_migrate	LiuWang,Tactic
prec_lw_positive_affine_lag_sequence_of_shift_nonneg_coeffs	strictInterl_lw_positive_affine_lag_sequence_of_shift_nonneg_coeffs	5	2	tactic_declaration	manual_alias_then_migrate	LiuWang,Tactic
prec_lw_positive_C_mul_X_mul_lag_of_nonneg_coeffs	strictInterl_lw_positive_C_mul_X_mul_lag_of_nonneg_coeffs	5	2	tactic_declaration	manual_alias_then_migrate	LiuWang,Tactic
prec_lw_positive_C_mul_X_mul_lag_of_roots_nonpos	strictInterl_lw_positive_C_mul_X_mul_lag_of_roots_nonpos	4	2	tactic_declaration	manual_alias_then_migrate	LiuWang,Tactic
prec_lw_positive_C_mul_X_mul_lag_sequence	strictInterl_lw_positive_C_mul_X_mul_lag_sequence	7	2	tactic_declaration	manual_alias_then_migrate	LiuWang,Tactic
prec_lw_positive_t_lag_of_nonneg_coeffs	strictInterl_lw_positive_t_lag_of_nonneg_coeffs	4	2	tactic_declaration	manual_alias_then_migrate	LiuWang,Tactic
prec_lw_positive_t_lag_of_nonneg_coeffs_of_recurrence	strictInterl_lw_positive_t_lag_of_nonneg_coeffs_of_recurrence	2	2	tactic_declaration	manual_alias_then_migrate	LiuWang,Tactic
prec_lw_positive_t_lag_of_roots_nonpos	strictInterl_lw_positive_t_lag_of_roots_nonpos	5	2	tactic_declaration	manual_alias_then_migrate	LiuWang,Tactic
prec_lw_positive_t_lag_sequence	strictInterl_lw_positive_t_lag_sequence	8	3	tactic_declaration	manual_alias_then_migrate	LiuWang,Tactic
prec_lw_positive_X_lag_of_roots_nonpos	strictInterl_lw_positive_X_lag_of_roots_nonpos	3	2	tactic_declaration	manual_alias_then_migrate	LiuWang,Tactic
prec_lw_positive_X_lag_sequence	strictInterl_lw_positive_X_lag_sequence	3	2	tactic_declaration	manual_alias_then_migrate	LiuWang,Tactic
prec_lw_positive_X_mul_lag_of_nonneg_coeffs	strictInterl_lw_positive_X_mul_lag_of_nonneg_coeffs	4	2	tactic_declaration	manual_alias_then_migrate	LiuWang,Tactic
prec_lw_positive_X_mul_lag_of_roots_nonpos	strictInterl_lw_positive_X_mul_lag_of_roots_nonpos	5	2	tactic_declaration	manual_alias_then_migrate	LiuWang,Tactic
prec_lw_positive_X_mul_lag_sequence	strictInterl_lw_positive_X_mul_lag_sequence	5	2	tactic_declaration	manual_alias_then_migrate	LiuWang,Tactic
prec_lw_tR_lag_of_nonneg_coeffs	strictInterl_lw_tR_lag_of_nonneg_coeffs	1	1	lean_declaration	manual_semantic_rename	LiuWang
prec_lw_tR_lag_of_roots_nonpos	strictInterl_lw_tR_lag_of_roots_nonpos	1	1	lean_declaration	manual_semantic_rename	LiuWang
prec_lw_tR_lag_sequence	strictInterl_lw_tR_lag_sequence	3	2	tactic_declaration	manual_alias_then_migrate	LiuWang,Tactic
prec_lw_two_of_nonpos	strictInterl_lw_two_of_nonpos	16	2	tactic_declaration	manual_alias_then_migrate	LiuWang,Tactic
prec_lw_two_of_nonpos_of_recurrence	strictInterl_lw_two_of_nonpos_of_recurrence	4	3	tactic_declaration	manual_alias_then_migrate	LiuWang,Tactic
prec_lw_two_strict_branch_of_neg	strictInterl_lw_two_strict_branch_of_neg	3	2	tactic_declaration	manual_alias_then_migrate	LiuWang,Tactic
prec_lw_two_strict_of_neg	strictInterl_lw_two_strict_of_neg	3	2	tactic_declaration	manual_alias_then_migrate	LiuWang,Tactic
prec_lw_two_strict_same_of_neg	strictInterl_lw_two_strict_same_of_neg	4	2	tactic_declaration	manual_alias_then_migrate	LiuWang,Tactic
prec_lw_two_strict_succ_of_neg	strictInterl_lw_two_strict_succ_of_neg	4	2	tactic_declaration	manual_alias_then_migrate	LiuWang,Tactic
prec_lw_X_mul_C_sub_C_mul_X_lag_of_nonneg_coeffs	strictInterl_lw_X_mul_C_sub_C_mul_X_lag_of_nonneg_coeffs	1	1	lean_declaration	manual_semantic_rename	LiuWang
prec_lw_X_mul_C_sub_C_mul_X_lag_of_roots_nonpos	strictInterl_lw_X_mul_C_sub_C_mul_X_lag_of_roots_nonpos	2	1	lean_declaration	manual_semantic_rename	LiuWang
prec_lw_X_mul_C_sub_C_mul_X_lag_sequence	strictInterl_lw_X_mul_C_sub_C_mul_X_lag_sequence	4	2	tactic_declaration	manual_alias_then_migrate	LiuWang,Tactic
prec_lw_X_mul_one_add_X_lag_sequence_of_nonneg_coeffs	strictInterl_lw_X_mul_one_add_X_lag_sequence_of_nonneg_coeffs	3	2	tactic_declaration	manual_alias_then_migrate	LiuWang,Tactic
prec_lw_X_mul_one_sub_X_lag_of_nonneg_coeffs	strictInterl_lw_X_mul_one_sub_X_lag_of_nonneg_coeffs	1	1	lean_declaration	manual_semantic_rename	LiuWang
prec_lw_X_mul_one_sub_X_lag_of_roots_nonpos	strictInterl_lw_X_mul_one_sub_X_lag_of_roots_nonpos	2	1	lean_declaration	manual_semantic_rename	LiuWang
prec_lw_X_mul_one_sub_X_lag_sequence	strictInterl_lw_X_mul_one_sub_X_lag_sequence	3	2	tactic_declaration	manual_alias_then_migrate	LiuWang,Tactic
prec_lw_X_mul_one_sub_X_mul_one_add_X_lag_sequence_of_nonneg_coeffs	strictInterl_lw_X_mul_one_sub_X_mul_one_add_X_lag_sequence_of_nonneg_coeffs	3	2	tactic_declaration	manual_alias_then_migrate	LiuWang,Tactic
prec_lw_X_sq_sub_one_lag_sequence_of_nonneg_coeffs	strictInterl_lw_X_sq_sub_one_lag_sequence_of_nonneg_coeffs	2	1	lean_declaration	manual_semantic_rename	LiuWang
prec_lw_X_sub_X_pow_three_lag_sequence_of_nonneg_coeffs	strictInterl_lw_X_sub_X_pow_three_lag_sequence_of_nonneg_coeffs	3	2	tactic_declaration	manual_alias_then_migrate	LiuWang,Tactic
prec_ma_wang	strictInterl_ma_wang	3	2	tactic_declaration	manual_alias_then_migrate	MaWang,Tactic
prec_ma_wang_same	strictInterl_ma_wang_same	4	2	tactic_declaration	manual_alias_then_migrate	MaWang,Tactic
prec_ma_wang_succ	strictInterl_ma_wang_succ	5	3	tactic_declaration	manual_alias_then_migrate	MaWang,ParkingFunctions,Tactic
prec_motzkin_shifted_succ	strictInterl_motzkin_shifted_succ	2	1	lean_declaration	manual_semantic_rename	CombinatorialExamples
prec_motzkin_succ	strictInterl_motzkin_succ	5	2	tactic_declaration	manual_alias_then_migrate	CombinatorialExamples,Tactic
prec_motzkin_succ_and_roots_le	strictInterl_motzkin_succ_and_roots_le	4	1	lean_declaration	manual_semantic_rename	CombinatorialExamples
prec_motzkin_succ_of_shifted_even	strictInterl_motzkin_succ_of_shifted_even	2	1	lean_declaration	manual_semantic_rename	CombinatorialExamples
prec_motzkin_succ_of_shifted_odd	strictInterl_motzkin_succ_of_shifted_odd	2	1	lean_declaration	manual_semantic_rename	CombinatorialExamples
prec_motzkin_zero_one	strictInterl_motzkin_zero_one	3	1	lean_declaration	manual_semantic_rename	CombinatorialExamples
prec_mul_common_factor	StrictInterl.mul_common_factor	38	20	lean_declaration	manual_alias_then_migrate	AffineFamily,AffineFamily.lean,CombinatorialExamples,CommonInterleaver,EulerOperator,FiniteFreeRootCount.lean,HosterStumpInterlacing.lean,Interlacing,LinearPowerFamily.lean,MaWang,ObreschkoffConverse,PosCombo.lean,ProductFamily.lean,Tactic,ThresholdMatrix,Transforms,WagnerLeftSum.lean,WagnerRightSum.lean,WagnerX
prec_mul_X_both_of_prec_of_nonneg	strictInterl_mul_X_both_of_strictInterl_of_nonneg	6	4	tactic_declaration	manual_alias_then_migrate	CombinatorialExamples,Tactic,WagnerX
prec_mul_X_both_of_roots_nonpos	strictInterl_mul_X_both_of_roots_nonpos	8	5	lean_declaration	manual_semantic_rename	LinearPowerFamily.lean,PFPolynomial.lean,WagnerX
prec_mul_X_of_prec_of_nonneg	strictInterl_mul_X_of_strictInterl_of_nonneg	35	20	tactic_declaration	manual_alias_then_migrate	BrandenVecchi,Challenges,CombinatorialExamples,Compatibility,EulerOperator,EulerianCompletion.lean,GeneralizedEulerian.lean,GeneralizedSnakePosets,NarayanaTransformation,ProductSequence,StaircaseSum.lean,SymmetricDecomposition,Tactic,WagnerX
prec_mul_X_sub_C_both	strictInterl_mul_X_sub_C_both	6	5	lean_declaration	manual_semantic_rename	CommonInterleaver,Interlacing,LinearPowerFamily.lean,SymmetricDecomposition,WagnerX
prec_mul_X_sub_C_both_of_roots_le	strictInterl_mul_X_sub_C_both_of_roots_le	3	2	lean_declaration	manual_semantic_rename	CombinatorialExamples,WagnerX
prec_mul_X_sub_C_of_linearCombo_quotient	strictInterl_mul_X_sub_C_of_linearCombo_quotient	2	2	lean_declaration	manual_semantic_rename	MaWang
prec_mw_derivative_C_mul_one_add_X_sequence	strictInterl_mw_derivative_C_mul_one_add_X_sequence	3	2	tactic_declaration	manual_alias_then_migrate	MaWang,Tactic
prec_mw_derivative_C_mul_X_mul_of_nonneg_on_roots	strictInterl_mw_derivative_C_mul_X_mul_of_nonneg_on_roots	2	2	tactic_declaration	manual_alias_then_migrate	MaWang,Tactic
prec_mw_derivative_C_mul_X_mul_one_add_X_sequence_of_nonneg_coeffs	strictInterl_mw_derivative_C_mul_X_mul_one_add_X_sequence_of_nonneg_coeffs	3	2	tactic_declaration	manual_alias_then_migrate	MaWang,Tactic
prec_mw_derivative_C_mul_X_mul_one_sub_X_sequence	strictInterl_mw_derivative_C_mul_X_mul_one_sub_X_sequence	3	2	tactic_declaration	manual_alias_then_migrate	MaWang,Tactic
prec_mw_derivative_C_mul_X_mul_one_sub_X_sequence_of_nonneg_coeffs	strictInterl_mw_derivative_C_mul_X_mul_one_sub_X_sequence_of_nonneg_coeffs	3	2	tactic_declaration	manual_alias_then_migrate	MaWang,Tactic
prec_mw_derivative_C_mul_X_mul_sequence_den_coeff_of_nonneg_coeffs	strictInterl_mw_derivative_C_mul_X_mul_sequence_den_coeff_of_nonneg_coeffs	3	2	tactic_declaration	manual_alias_then_migrate	MaWang,Tactic
prec_mw_derivative_C_mul_X_mul_sequence_of_nonneg_coeffs	strictInterl_mw_derivative_C_mul_X_mul_sequence_of_nonneg_coeffs	4	2	tactic_declaration	manual_alias_then_migrate	MaWang,Tactic
prec_mw_derivative_C_mul_X_sequence_of_nonneg_coeffs	strictInterl_mw_derivative_C_mul_X_sequence_of_nonneg_coeffs	3	2	tactic_declaration	manual_alias_then_migrate	MaWang,Tactic
prec_mw_derivative_C_mul_X_sub_one_sequence	strictInterl_mw_derivative_C_mul_X_sub_one_sequence	3	2	tactic_declaration	manual_alias_then_migrate	MaWang,Tactic
prec_mw_derivative_C_neg_mul_X_sq_sequence	strictInterl_mw_derivative_C_neg_mul_X_sq_sequence	3	2	tactic_declaration	manual_alias_then_migrate	MaWang,Tactic
prec_mw_derivative_neg_C_mul_X_mul_one_add_X_of_roots_le_neg_one	strictInterl_mw_derivative_neg_C_mul_X_mul_one_add_X_of_roots_le_neg_one	3	2	tactic_declaration	manual_alias_then_migrate	MaWang,Tactic
prec_mw_derivative_neg_C_mul_X_mul_one_add_X_sequence	strictInterl_mw_derivative_neg_C_mul_X_mul_one_add_X_sequence	3	2	tactic_declaration	manual_alias_then_migrate	MaWang,Tactic
prec_mw_derivative_neg_C_mul_X_sq	strictInterl_mw_derivative_neg_C_mul_X_sq	3	2	tactic_declaration	manual_alias_then_migrate	MaWang,Tactic
prec_mw_derivative_neg_C_mul_X_sq_product_sequence	strictInterl_mw_derivative_neg_C_mul_X_sq_product_sequence	3	2	tactic_declaration	manual_alias_then_migrate	MaWang,Tactic
prec_mw_derivative_neg_C_mul_X_sq_sequence	strictInterl_mw_derivative_neg_C_mul_X_sq_sequence	3	2	tactic_declaration	manual_alias_then_migrate	MaWang,Tactic
prec_mw_derivative_neg_C_sequence	strictInterl_mw_derivative_neg_C_sequence	3	2	tactic_declaration	manual_alias_then_migrate	MaWang,Tactic
prec_mw_derivative_neg_const	strictInterl_mw_derivative_neg_const	3	2	tactic_declaration	manual_alias_then_migrate	MaWang,Tactic
prec_mw_derivative_neg_const_sequence	strictInterl_mw_derivative_neg_const_sequence	3	2	tactic_declaration	manual_alias_then_migrate	MaWang,Tactic
prec_mw_derivative_nonpos_sequence	strictInterl_mw_derivative_nonpos_sequence	19	3	tactic_declaration	manual_alias_then_migrate	MaWang,Tactic
prec_mw_derivative_nonpos_sequence_den_coeff_of_nonneg_coeffs	strictInterl_mw_derivative_nonpos_sequence_den_coeff_of_nonneg_coeffs	5	2	tactic_declaration	manual_alias_then_migrate	MaWang,Tactic
prec_mw_derivative_nonpos_sequence_of_nonneg_coeffs	strictInterl_mw_derivative_nonpos_sequence_of_nonneg_coeffs	7	3	tactic_declaration	manual_alias_then_migrate	MaWang,Tactic
prec_mw_derivative_nonpos_sequence_of_nonneg_coeffs_on_roots	strictInterl_mw_derivative_nonpos_sequence_of_nonneg_coeffs_on_roots	8	3	tactic_declaration	manual_alias_then_migrate	MaWang,Tactic
prec_mw_derivative_of_nonpos	strictInterl_mw_derivative_of_nonpos	16	3	tactic_declaration	manual_alias_then_migrate	MaWang,Tactic
prec_mw_derivative_of_nonpos_of_pos_natDegree	strictInterl_mw_derivative_of_nonpos_of_pos_natDegree	7	5	lean_declaration	manual_semantic_rename	Applications,EndpointDerivative,EulerOperator,MaWang,Transforms
prec_mw_derivative_of_nonpos_of_recurrence	strictInterl_mw_derivative_of_nonpos_of_recurrence	5	3	tactic_declaration	manual_alias_then_migrate	MaWang,Tactic
prec_mw_derivative_one_add_X_mul_C_sequence	strictInterl_mw_derivative_one_add_X_mul_C_sequence	3	2	tactic_declaration	manual_alias_then_migrate	MaWang,Tactic
prec_mw_derivative_one_add_X_mul_one_add_two_mul_X_of_roots_in_interval	strictInterl_mw_derivative_one_add_X_mul_one_add_two_mul_X_of_roots_in_interval	2	2	tactic_declaration	manual_alias_then_migrate	MaWang,Tactic
prec_mw_derivative_one_add_X_mul_one_add_two_mul_X_sequence	strictInterl_mw_derivative_one_add_X_mul_one_add_two_mul_X_sequence	2	2	tactic_declaration	manual_alias_then_migrate	MaWang,Tactic
prec_mw_derivative_one_add_X_sequence	strictInterl_mw_derivative_one_add_X_sequence	2	2	tactic_declaration	manual_alias_then_migrate	MaWang,Tactic
prec_mw_derivative_X_mul_of_nonneg_on_roots	strictInterl_mw_derivative_X_mul_of_nonneg_on_roots	2	2	tactic_declaration	manual_alias_then_migrate	MaWang,Tactic
prec_mw_derivative_X_mul_one_add_X_of_roots_in_Icc	strictInterl_mw_derivative_X_mul_one_add_X_of_roots_in_Icc	2	2	tactic_declaration	manual_alias_then_migrate	MaWang,Tactic
prec_mw_derivative_X_mul_one_add_X_sequence_of_nonneg_coeffs	strictInterl_mw_derivative_X_mul_one_add_X_sequence_of_nonneg_coeffs	2	2	tactic_declaration	manual_alias_then_migrate	MaWang,Tactic
prec_mw_derivative_X_mul_sequence_of_nonneg_coeffs	strictInterl_mw_derivative_X_mul_sequence_of_nonneg_coeffs	2	2	tactic_declaration	manual_alias_then_migrate	MaWang,Tactic
prec_mw_derivative_X_sequence_of_nonneg_coeffs	strictInterl_mw_derivative_X_sequence_of_nonneg_coeffs	2	2	tactic_declaration	manual_alias_then_migrate	MaWang,Tactic
prec_mw_derivative_X_sub_one_mul_C_sequence	strictInterl_mw_derivative_X_sub_one_mul_C_sequence	3	2	tactic_declaration	manual_alias_then_migrate	MaWang,Tactic
prec_mw_derivative_X_sub_one_sequence	strictInterl_mw_derivative_X_sub_one_sequence	2	2	tactic_declaration	manual_alias_then_migrate	MaWang,Tactic
prec_mw_lw_derivative_lag_sequence	strictInterl_mw_lw_derivative_lag_sequence	3	2	tactic_declaration	manual_alias_then_migrate	MaWang,Tactic
prec_mw_lw_derivative_lag_sequence_den_coeff_of_nonneg_coeffs	strictInterl_mw_lw_derivative_lag_sequence_den_coeff_of_nonneg_coeffs	2	2	tactic_declaration	manual_alias_then_migrate	MaWang,Tactic
prec_mw_lw_derivative_lag_sequence_den_coeff_of_root_window	strictInterl_mw_lw_derivative_lag_sequence_den_coeff_of_root_window	2	2	tactic_declaration	manual_alias_then_migrate	MaWang,Tactic
prec_mw_lw_derivative_lag_sequence_of_nonneg_coeffs	strictInterl_mw_lw_derivative_lag_sequence_of_nonneg_coeffs	2	2	lean_declaration	manual_semantic_rename	MaWang
prec_mw_lw_derivative_lag_sequence_of_nonneg_coeffs_on_roots	strictInterl_mw_lw_derivative_lag_sequence_of_nonneg_coeffs_on_roots	3	2	tactic_declaration	manual_alias_then_migrate	MaWang,Tactic
prec_mw_lw_derivative_lag_sequence_of_root_signs	strictInterl_mw_lw_derivative_lag_sequence_of_root_signs	3	1	lean_declaration	manual_semantic_rename	MaWang
prec_mw_lw_derivative_lag_sequence_of_root_window	strictInterl_mw_lw_derivative_lag_sequence_of_root_window	3	3	tactic_declaration	manual_alias_then_migrate	MaWang,Tactic
prec_narayanaPolynomial_one_two	strictInterl_narayanaPolynomial_one_two	3	2	lean_declaration	manual_semantic_rename	GeneralizedSnakePosets,NarayanaTransformation
prec_narayanaPolynomial_succ	strictInterl_narayanaPolynomial_succ	6	5	tactic_declaration	manual_alias_then_migrate	GeneralizedSnakePosets,NarayanaTransformation,Tactic
prec_narayanaPolynomial_two	strictInterl_narayanaPolynomial_two	2	1	lean_declaration	manual_semantic_rename	GeneralizedSnakePosets
prec_narayanaQuot_step	strictInterl_narayanaQuot_step	2	1	lean_declaration	manual_semantic_rename	CombinatorialExamples
prec_narayanaQuot_succ_of_nonnegCoeffs	strictInterl_narayanaQuot_succ_of_nonnegCoeffs	7	3	tactic_declaration	manual_alias_then_migrate	CombinatorialExamples,GeneralizedSnakePosets,Tactic
prec_narayanaZeroGammaPolynomial_succ	strictInterl_narayanaZeroGammaPolynomial_succ	1	1	lean_declaration	manual_semantic_rename	NarayanaTransformation
prec_neg_darbouxOperator_of_roots_mem_Icc	strictInterl_neg_darbouxOperator_of_roots_mem_Icc	2	1	lean_declaration	manual_semantic_rename	EulerOperator
prec_neg_insertionOperator	strictInterl_neg_insertionOperator	7	2	lean_declaration	manual_semantic_rename	ParkingFunctions
prec_nonneg_combo_left	strictInterl_nonneg_combo_left	6	3	tactic_declaration	manual_alias_then_migrate	PartialSumStep.lean,PosCombo.lean,Tactic
prec_nonneg_combo_right	strictInterl_nonneg_combo_right	12	5	tactic_declaration	manual_alias_then_migrate	PartialSumStep.lean,PosCombo.lean,ProductSequence,SymmetricDecomposition,Tactic
prec_of_affine_family_nonneg	strictInterl_of_affine_family_nonneg	18	6	lean_declaration	manual_semantic_rename	AffineFamily,AffineFamily.lean,Compatibility,EulerOperator,MatrixInterlacing,PosCombo.lean
prec_of_affine_family_nonneg_degree_one	strictInterl_of_affine_family_nonneg_degree_one	4	2	reference_or_local	migrate_with_declaration_owner	AffineFamily,AffineFamily.lean
prec_of_affine_segment_endpoint_pf_nonneg	strictInterl_of_affine_segment_endpoint_pf_nonneg	3	1	lean_declaration	manual_semantic_rename	AffineFamily.lean
prec_of_affine_segment_endpoint_pf_sameDegree_nonneg	strictInterl_of_affine_segment_endpoint_pf_sameDegree_nonneg	2	1	lean_declaration	manual_semantic_rename	AffineFamily.lean
prec_of_affine_segment_endpoint_tnn_nonneg	strictInterl_of_affine_segment_endpoint_tnn_nonneg	1	1	lean_declaration	manual_semantic_rename	AffineFamily.lean
prec_of_affine_segment_endpoint_tnn_sameDegree_nonneg	strictInterl_of_affine_segment_endpoint_tnn_sameDegree_nonneg	1	1	lean_declaration	manual_semantic_rename	AffineFamily.lean
prec_of_affine_segment_endpoints_nonneg	strictInterl_of_affine_segment_endpoints_nonneg	4	1	lean_declaration	manual_semantic_rename	AffineFamily.lean
prec_of_affine_segment_endpoints_sameDegree_nonneg	strictInterl_of_affine_segment_endpoints_sameDegree_nonneg	2	1	lean_declaration	manual_semantic_rename	AffineFamily.lean
prec_of_allComboRealRooted	strictInterl_of_allComboRealRooted	42	24	lean_declaration	manual_semantic_rename	AffineFamily.lean,Challenges,ClassicalHurwitzMatrix,CommonInterleaver,ConvexCombination.lean,EulerianMixedCompatibility.lean,FolkloreLemma.lean,GammaPencil,GarloffWagner,HermiteBiehler,InterlacingClosure.lean,ObreschkoffConverse,OperatorPreservesInterlacing.lean,ParkingFunctions,ProductOrientation.lean,SymmetricDecomposition,UpperDerivativeInterlace.lean
prec_of_allComboRealRooted_of_no_common	strictInterl_of_allComboRealRooted_of_no_common	2	1	lean_declaration	manual_semantic_rename	ObreschkoffConverse
prec_of_allComboRealRooted_of_sameDegree_of_nonneg_of_eval_cross_gt	strictInterl_of_allComboRealRooted_of_sameDegree_of_nonneg_of_eval_cross_gt	2	2	lean_declaration	manual_semantic_rename	GammaPencil,ProductOrientation.lean
prec_of_allComboRealRooted_of_wronskian_nonneg	strictInterl_of_allComboRealRooted_of_wronskian_nonneg	2	1	lean_declaration	manual_semantic_rename	HermiteBiehler
prec_of_compatible_and_X_mul_left	strictInterl_of_compatible_and_X_mul_left	7	2	lean_declaration	manual_semantic_rename	Compatibility
prec_of_count_bounds_same	strictInterl_of_count_bounds_same	4	3	lean_declaration	manual_semantic_rename	MaWang
prec_of_count_bounds_succ	strictInterl_of_count_bounds_succ	4	3	lean_declaration	manual_semantic_rename	MaWang
prec_of_eq_zero_or_simple_combo_of_no_common	strictInterl_of_eq_zero_or_simple_combo_of_no_common	4	2	reference_or_local	migrate_with_declaration_owner	ObreschkoffConverse
prec_of_eq_zero_or_simple_combo_succDegree	strictInterl_of_eq_zero_or_simple_combo_succDegree	2	1	lean_declaration	manual_semantic_rename	ObreschkoffConverse
prec_of_extra_root_left	strictInterl_of_extra_root_left	2	1	lean_declaration	manual_semantic_rename	AffineDerivative.lean
prec_of_generalized_laguerre_second_derivative	strictInterl_of_generalized_laguerre_second_derivative	5	3	tactic_declaration	manual_alias_then_migrate	DerivativeRecurrence,Laguerre,Tactic
prec_of_interlaces_endpoint_sign_of_no_crossing	strictInterl_of_interlaces_endpoint_sign_of_no_crossing	3	2	lean_declaration	manual_semantic_rename	JacobiParameterInterlacing.lean,MaWang
prec_of_interlaces_eval_mul_neg_same	strictInterl_of_interlaces_eval_mul_neg_same	15	10	lean_declaration	manual_semantic_rename	DerivativeRecurrence,GeneralizedLiuWang.lean,JacobiParameterInterlacing.lean,MaWang,MagnitudeDominated.lean,ObreschkoffConverse
prec_of_interlaces_eval_mul_neg_succ	strictInterl_of_interlaces_eval_mul_neg_succ	13	10	lean_declaration	manual_semantic_rename	DerivativeRecurrence,EulerianMixedCompatibility.lean,GeneralizedLiuWang.lean,MaWang,MagnitudeDominated.lean,ObreschkoffConverse
prec_of_interlaces_eval_mul_nonpos_of_no_common	strictInterl_of_interlaces_eval_mul_nonpos_of_no_common	6	5	lean_declaration	manual_semantic_rename	GeneralizedLiuWang.lean,GeneralizedSnakePosets,Interlacing,MaWang,ThresholdMatrix
prec_of_interlaces_eval_mul_nonpos_same_of_no_common	strictInterl_of_interlaces_eval_mul_nonpos_same_of_no_common	3	1	lean_declaration	manual_semantic_rename	MaWang
prec_of_interlaces_eval_mul_nonpos_succ_of_no_common	strictInterl_of_interlaces_eval_mul_nonpos_succ_of_no_common	3	1	lean_declaration	manual_semantic_rename	MaWang
prec_of_interlaces_evalCoeff_neg	strictInterl_of_interlaces_evalCoeff_neg	3	2	lean_declaration	manual_semantic_rename	MaWang,ObreschkoffConverse
prec_of_interlaces_evalCoeff_neg_same	strictInterl_of_interlaces_evalCoeff_neg_same	6	4	lean_declaration	manual_semantic_rename	CommonInterleaver,JacobiParameterInterlacing.lean,MaWang,ParkingFunctions
prec_of_interlaces_evalCoeff_neg_succ	strictInterl_of_interlaces_evalCoeff_neg_succ	5	2	lean_declaration	manual_semantic_rename	LiuWangBenchmark.lean,MaWang
prec_of_interlaces_evalCoeff_nonpos	strictInterl_of_interlaces_evalCoeff_nonpos	39	27	tactic_declaration	manual_alias_then_migrate	AffineFamily,CombinatorialExamples,DerivativeRecurrence,EulerOperator,EulerianMixedCompatibility,Favard,Favard.lean,GeneralizedSnakePosets,IteratedDerivativeShift.lean,LiuOppositeSigns,LiuWangBenchmark.lean,MaWang,NarayanaTransformation,ObreschkoffConverse,ParkingFunctions,ShiftLemma.lean,Tactic
prec_of_interlaces_evalCoeff_nonpos_same_of_no_common	strictInterl_of_interlaces_evalCoeff_nonpos_same_of_no_common	3	2	lean_declaration	manual_semantic_rename	MaWang
prec_of_interlaces_evalCoeff_nonpos_succ_of_no_common	strictInterl_of_interlaces_evalCoeff_nonpos_succ_of_no_common	2	2	lean_declaration	manual_semantic_rename	MaWang
prec_of_interlaces_X_mul_of_roots_nonpos	strictInterl_of_interlaces_X_mul_of_roots_nonpos	2	1	lean_declaration	manual_semantic_rename	LiuWangBenchmark.lean
prec_of_magnitude_dominated	strictInterl_of_magnitude_dominated	3	2	tactic_declaration	manual_alias_then_migrate	MagnitudeDominated.lean,Tactic
prec_of_magnitude_dominated_auto	strictInterl_of_magnitude_dominated_auto	1	1	lean_declaration	manual_semantic_rename	UpperDerivativeInterlace.lean
prec_of_magnitude_dominated_same	strictInterl_of_magnitude_dominated_same	4	2	tactic_declaration	manual_alias_then_migrate	MagnitudeDominated.lean,Tactic
prec_of_magnitude_dominated_succ	strictInterl_of_magnitude_dominated_succ	5	3	tactic_declaration	manual_alias_then_migrate	MagnitudeDominated.lean,Tactic,UpperDerivativeInterlace.lean
prec_of_or_of_natDegree_lt	strictInterl_of_or_of_natDegree_lt	2	1	lean_declaration	manual_semantic_rename	VeroneseSection.lean
prec_of_prec0_of_ne_zero	strictInterl_of_interl_of_ne_zero	5	1	lean_declaration	manual_semantic_rename	SymmetricDecomposition
prec_of_prec0_of_pos	strictInterl_of_interl_of_pos	4	1	lean_declaration	manual_semantic_rename	Compatibility
prec_of_prec_cofactor	StrictInterl.of_cofactor_of_common_root	1	1	deprecated_compatibility	use_canonical_keep_wrapper	Interlacing
prec_of_prec_divX_left_of_hasNonnegCoeffs_coeff_zero	strictInterl_of_strictInterl_divX_left_of_hasNonnegCoeffs_coeff_zero	6	2	lean_declaration	manual_semantic_rename	CommonInterleaver,DegreeDropDivXPrec.lean
prec_of_prec_fPolynomial	strictInterl_of_strictInterl_fPolynomial	3	1	tactic_declaration	manual_alias_then_migrate	Tactic
prec_of_prec_fPolynomial_of_minimal_of_isRealRooted_of_hasNonnegCoeffs	strictInterl_of_strictInterl_fPolynomial_of_minimal_of_isRealRooted_of_hasNonnegCoeffs	3	2	lean_declaration	manual_semantic_rename	SymmetricDecomposition
prec_of_prec_fPolynomial_of_sameDegree_of_isRealRooted_of_hasNonnegCoeffs	strictInterl_of_strictInterl_fPolynomial_of_sameDegree_of_isRealRooted_of_hasNonnegCoeffs	2	1	lean_declaration	manual_semantic_rename	SymmetricDecomposition
prec_of_prec_fPolynomial_of_succDegree_of_isRealRooted_of_hasNonnegCoeffs	strictInterl_of_strictInterl_fPolynomial_of_succDegree_of_isRealRooted_of_hasNonnegCoeffs	2	1	lean_declaration	manual_semantic_rename	SymmetricDecomposition
prec_of_prec_fPolynomial_sequence	strictInterl_of_strictInterl_fPolynomial_sequence	2	1	tactic_declaration	manual_alias_then_migrate	Tactic
prec_of_prec_mul_pow_X_sub_C_both	strictInterl_of_strictInterl_mul_pow_X_sub_C_both	4	2	lean_declaration	manual_semantic_rename	GarloffWagner,IteratedDerivativeShift.lean
prec_of_prec_mul_X_both_of_roots_nonpos	strictInterl_of_strictInterl_mul_X_both_of_roots_nonpos	5	2	lean_declaration	manual_semantic_rename	WagnerX
prec_of_prec_mul_X_of_nonneg	strictInterl_of_strictInterl_mul_X_of_nonneg	7	4	tactic_declaration	manual_alias_then_migrate	AffineFamily,AffineFamily.lean,SymmetricDecomposition,Tactic
prec_of_prec_mul_X_of_sameDegree_of_roots_nonpos	strictInterl_of_strictInterl_mul_X_of_sameDegree_of_roots_nonpos	3	3	lean_declaration	manual_semantic_rename	CombinatorialExamples,FolkloreLemma.lean,WagnerX
prec_of_prec_mul_X_sameDegree_of_roots_nonpos	strictInterl_of_strictInterl_mul_X_sameDegree_of_roots_nonpos	2	2	lean_declaration	manual_semantic_rename	PosCombo.lean,WagnerX
prec_of_prec_mul_X_sub_C_both	strictInterl_of_strictInterl_mul_X_sub_C_both	11	9	tactic_declaration	manual_alias_then_migrate	BrandenVecchi,Interlacing,IteratedDerivativeShift.lean,MaWang,ObreschkoffConverse,SymmetricDecomposition,Tactic,WagnerRightSum.lean,WagnerX
prec_of_prec_mul_X_sub_C_both_of_roots_le	strictInterl_of_strictInterl_mul_X_sub_C_both_of_roots_le	2	1	lean_declaration	manual_semantic_rename	WagnerX
prec_of_prec_mul_X_sub_C_of_sameDegree_of_roots_le	strictInterl_of_strictInterl_mul_X_sub_C_of_sameDegree_of_roots_le	4	3	lean_declaration	manual_semantic_rename	BrandenVecchi,PosCombo.lean,SymmetricDecomposition
prec_of_prec_or_revPrec_of_root_asymmetry	strictInterl_of_strictInterl_or_reverse_of_root_asymmetry	6	2	lean_declaration	manual_semantic_rename	PosCombo.lean,SymmetricDecomposition
prec_of_prec_shifted_pair_sameDegree	strictInterl_of_strictInterl_shifted_pair_sameDegree	3	1	lean_declaration	manual_semantic_rename	AffineFamily.lean
prec_of_prec_shifted_pair_sameDegree_nonneg	strictInterl_of_strictInterl_shifted_pair_sameDegree_nonneg	2	2	lean_declaration	manual_semantic_rename	AffineFamily.lean,CommonInterleaver
prec_of_prec_X_mul_of_nonneg	strictInterl_of_strictInterl_X_mul_of_nonneg	5	4	lean_declaration	manual_semantic_rename	AffineFamily,EulerOperator,WagnerX
prec_of_quadratic_derivative_bilinear	strictInterl_of_quadratic_derivative_bilinear	3	2	lean_declaration	manual_semantic_rename	DerivativeRecurrence
prec_of_quadratic_derivative_linear	strictInterl_of_quadratic_derivative_linear	2	1	lean_declaration	manual_semantic_rename	DerivativeRecurrence
prec_of_quadratic_derivative_linear_offset	strictInterl_of_quadratic_derivative_linear_offset	3	2	lean_declaration	manual_semantic_rename	DerivativeRecurrence
prec_of_quadratic_derivative_linear_quadratic_seed	strictInterl_of_quadratic_derivative_linear_quadratic_seed	1	1	lean_declaration	manual_semantic_rename	DerivativeRecurrence
prec_of_quadratic_derivative_shift	strictInterl_of_quadratic_derivative_shift	2	1	lean_declaration	manual_semantic_rename	DerivativeRecurrence
prec_of_reverse_prec_of_roots_sum_le	StrictInterl.of_reverse_of_roots_sum_le	1	1	deprecated_compatibility	use_canonical_keep_wrapper	Basic
prec_of_right_factor_combo_of_natDegree_ge	strictInterl_of_right_factor_combo_of_natDegree_ge	1	1	lean_declaration	manual_semantic_rename	ObreschkoffConverse
prec_of_slots_polyOfDescRoots	strictInterl_of_slots_polyOfDescRoots	5	3	lean_declaration	manual_semantic_rename	CommonInterleaver,CommonInterleaverSeq.lean
prec_of_slots_polyOfDescRootsDesc	strictInterl_of_slots_polyOfDescRootsDesc	2	1	lean_declaration	manual_semantic_rename	CommonInterleaverSeq.lean
prec_of_stable_general	strictInterl_of_stable_general	10	6	tactic_declaration	manual_alias_then_migrate	BorceaBranden,ClassicalHurwitzMatrix,HermiteBiehler,SamePhaseInterlacing.lean,Tactic
prec_of_stable_monic_two	strictInterl_of_stable_monic_two	1	1	lean_declaration	manual_semantic_rename	HermiteBiehler
prec_of_stable_same_degree	strictInterl_of_stable_same_degree	2	1	lean_declaration	manual_semantic_rename	HermiteBiehler
prec_of_stable_same_degree_no_common	strictInterl_of_stable_same_degree_no_common	3	2	lean_declaration	manual_semantic_rename	HermiteBiehler
prec_of_stable_succ_degree	strictInterl_of_stable_succ_degree	3	2	lean_declaration	manual_semantic_rename	HermiteBiehler
prec_of_stable_two	strictInterl_of_stable_two	2	1	lean_declaration	manual_semantic_rename	HermiteBiehler
prec_of_stable_two_one	strictInterl_of_stable_two_one	2	1	lean_declaration	manual_semantic_rename	HermiteBiehler
prec_of_strict_signs_of_endSigns_even	strictInterl_of_strict_signs_of_endSigns_even	4	3	lean_declaration	manual_semantic_rename	AffineFamily,MaWang
prec_of_strict_signs_of_endSigns_odd	strictInterl_of_strict_signs_of_endSigns_odd	4	3	lean_declaration	manual_semantic_rename	AffineFamily,MaWang
prec_of_strict_signs_of_strict_outer_roots	strictInterl_of_strict_signs_of_strict_outer_roots	6	1	lean_declaration	manual_semantic_rename	MaWang
prec_of_upperHalfPlaneStable_hermiteBiehler	strictInterl_of_upperHalfPlaneStable_hermiteBiehler	4	3	lean_declaration	manual_semantic_rename	MultivariateStability,PFPolynomial,SamePhaseInterlacing.lean
prec_of_wronskian_pos_succ	strictInterl_of_wronskian_pos_succ	3	3	lean_declaration	manual_semantic_rename	Bezoutian,HermiteBiehler,Wronskian
prec_one_add_X_quadratic_of_two_le	strictInterl_one_add_X_quadratic_of_two_le	4	2	lean_declaration	manual_semantic_rename	Applications,DerivativeRecurrence
prec_one_sub_X_derivative_right	strictInterl_one_sub_X_derivative_right	1	1	lean_declaration	manual_semantic_rename	CombinatorialExamples
prec_one_sub_X_mul_derivative_right_of_nonnegCoeffs	strictInterl_one_sub_X_mul_derivative_right_of_nonnegCoeffs	2	2	lean_declaration	manual_semantic_rename	AffineDerivative.lean,CombinatorialExamples
prec_one_X_add_C	strictInterl_one_X_add_C	3	1	lean_declaration	manual_semantic_rename	CombinatorialExamples
prec_or_revPrec_of_allComboRealRooted_ordered	strictInterl_or_reverse_of_allComboRealRooted_ordered	3	2	reference_or_local	migrate_with_declaration_owner	CommonInterleaver
prec_or_revPrec_of_eq_zero_or_simple_combo_sameDegree	strictInterl_or_reverse_of_eq_zero_or_simple_combo_sameDegree	2	1	lean_declaration	manual_semantic_rename	ObreschkoffConverse
prec_or_revPrec_of_natDegree_le_one	strictInterl_or_reverse_of_natDegree_le_one	6	2	lean_declaration	manual_semantic_rename	CommonInterleaver,HermiteBiehler
prec_or_revPrec_of_posComboRealRooted_of_no_common	strictInterl_or_reverse_of_posComboRealRooted_of_no_common	5	4	lean_declaration	manual_semantic_rename	CommonInterleaver,PosCombo.lean
prec_or_revPrec_of_same_degree_one	strictInterl_or_reverse_of_same_degree_one	4	3	lean_declaration	manual_semantic_rename	CommonInterleaver,ObreschkoffConverse,PosCombo.lean
prec_parts_of_evenShape	strictInterl_parts_of_evenShape	3	2	reference_or_local	migrate_with_declaration_owner	ClassicalHurwitzMatrix
prec_parts_of_oddShape	strictInterl_parts_of_oddShape	4	3	reference_or_local	migrate_with_declaration_owner	ClassicalHurwitzMatrix
prec_polarTheta_self	strictInterl_polarTheta_self	6	3	lean_declaration	manual_semantic_rename	EulerOperator,EulerianCompletion
prec_polarTheta_thetaPlusOne	strictInterl_polarTheta_thetaPlusOne	2	1	lean_declaration	manual_semantic_rename	EulerOperator
prec_polarTheta_thetaPlusOne_boundary	strictInterl_polarTheta_thetaPlusOne_boundary	1	1	lean_declaration	manual_semantic_rename	EulerOperator
prec_polyOfDescRootsDesc_of_ofFn_slots	strictInterl_polyOfDescRootsDesc_of_ofFn_slots	3	1	lean_declaration	manual_semantic_rename	CommonInterleaverSeq.lean
prec_pos_X_lag_combo_of_prec_nonneg	strictInterl_pos_X_lag_combo_of_strictInterl_nonneg	7	2	tactic_declaration	manual_alias_then_migrate	Tactic
prec_pos_X_lag_combo_sequence	strictInterl_pos_X_lag_combo_sequence	10	3	tactic_declaration	manual_alias_then_migrate	Tactic
prec_pos_X_sub_C_lag_combo_sequence	strictInterl_pos_X_sub_C_lag_combo_sequence	3	2	tactic_declaration	manual_alias_then_migrate	Tactic
prec_positive_euler_lag_sequence	strictInterl_positive_euler_lag_sequence	2	1	tactic_declaration	manual_alias_then_migrate	Tactic
prec_recurrenceCoreSturmDerangementsExc	strictInterl_recurrenceCoreSturmDerangementsExc	2	1	lean_declaration	manual_semantic_rename	CombinatorialExamples
prec_refl	StrictInterl.refl	1	1	deprecated_compatibility	use_canonical_keep_wrapper	Linear.lean
prec_right_pair_of_affine_family_degree_one	strictInterl_right_pair_of_affine_family_degree_one	4	2	reference_or_local	migrate_with_declaration_owner	AffineFamily,AffineFamily.lean
prec_right_pair_of_affine_family_high_degree	strictInterl_right_pair_of_affine_family_high_degree	3	1	lean_declaration	manual_semantic_rename	AffineFamily.lean
prec_right_pair_of_affine_family_high_degree_core	strictInterl_right_pair_of_affine_family_high_degree_core	3	1	lean_declaration	manual_semantic_rename	AffineFamily.lean
prec_right_pair_of_affine_family_high_degree_remaining	strictInterl_right_pair_of_affine_family_high_degree_remaining	2	1	lean_declaration	manual_semantic_rename	AffineFamily.lean
prec_right_pair_of_affine_family_nonneg	strictInterl_right_pair_of_affine_family_nonneg	2	2	lean_declaration	manual_semantic_rename	AffineFamily.lean,CommonInterleaver
prec_right_pair_of_affine_family_nonneg_degree_one	strictInterl_right_pair_of_affine_family_nonneg_degree_one	2	2	lean_declaration	manual_semantic_rename	AffineFamily,CommonInterleaver
prec_right_pair_of_affine_family_nonneg_sameDegree	strictInterl_right_pair_of_affine_family_nonneg_sameDegree	1	1	lean_declaration	manual_semantic_rename	AffineFamily.lean
prec_right_pair_of_common_root_factor	strictInterl_right_pair_of_common_root_factor	2	1	lean_declaration	manual_semantic_rename	AffineFamily.lean
prec_right_pair_of_prec_or_revPrec_of_no_common	strictInterl_right_pair_of_strictInterl_or_reverse_of_no_common	3	1	lean_declaration	manual_semantic_rename	AffineFamily
prec_right_pair_of_prec_or_revPrec_of_no_common_fg_of_not_isRoot_zero	strictInterl_right_pair_of_strictInterl_or_reverse_of_no_common_fg_of_not_isRoot_zero	1	1	lean_declaration	manual_semantic_rename	AffineFamily
prec_right_pair_of_prec_or_revPrec_of_no_common_nonneg	strictInterl_right_pair_of_strictInterl_or_reverse_of_no_common_nonneg	2	2	lean_declaration	manual_semantic_rename	AffineFamily,CommonInterleaver
prec_right_pair_of_prec_shifted_pair_sameDegree	strictInterl_right_pair_of_strictInterl_shifted_pair_sameDegree	4	1	lean_declaration	manual_semantic_rename	AffineFamily.lean
prec_right_pair_of_root_zero_factor	strictInterl_right_pair_of_root_zero_factor	1	1	lean_declaration	manual_semantic_rename	AffineFamily
prec_right_pair_sameDegree_no_common_of_end_sign_data	strictInterl_right_pair_sameDegree_no_common_of_end_sign_data	1	1	lean_declaration	manual_semantic_rename	AffineFamily
prec_right_pair_sameDegree_of_sign_data	strictInterl_right_pair_sameDegree_of_sign_data	2	1	lean_declaration	manual_semantic_rename	AffineFamily
prec_right_pair_succDegree_no_common_of_sign_data	strictInterl_right_pair_succDegree_no_common_of_sign_data	1	1	lean_declaration	manual_semantic_rename	AffineFamily
prec_right_shear_of_scaled_cancellation	strictInterl_right_shear_of_scaled_cancellation	1	1	lean_declaration	manual_semantic_rename	FolkloreLemma.lean
prec_rootPolynomial_cons_move	strictInterl_rootPolynomial_cons_move	3	1	lean_declaration	manual_semantic_rename	FiniteFreeRootCount.lean
prec_roots_deg1	strictInterl_roots_deg1	2	1	lean_declaration	manual_semantic_rename	HermiteBiehler
prec_rotatedParts_of_evenShape	strictInterl_rotatedParts_of_evenShape	6	3	reference_or_local	migrate_with_declaration_owner	ClassicalHurwitzMatrix
prec_rotatedParts_of_oddShape	strictInterl_rotatedParts_of_oddShape	6	3	reference_or_local	migrate_with_declaration_owner	ClassicalHurwitzMatrix
prec_rotatedParts_of_posLeading	strictInterl_rotatedParts_of_posLeading	1	1	reference_or_local	migrate_with_declaration_owner	ClassicalHurwitzMatrix
prec_rotatedParts_swapped_of_posLeading	strictInterl_rotatedParts_swapped_of_posLeading	1	1	reference_or_local	migrate_with_declaration_owner	ClassicalHurwitzMatrix
prec_routhReducedOddPart_of_evenShape	strictInterl_routhReducedOddPart_of_evenShape	4	3	reference_or_local	migrate_with_declaration_owner	ClassicalHurwitzMatrix
prec_routhReducedOddPart_of_oddShape	strictInterl_routhReducedOddPart_of_oddShape	6	2	reference_or_local	migrate_with_declaration_owner	ClassicalHurwitzMatrix
prec_same_of_root_sign_data	strictInterl_same_of_root_sign_data	2	2	lean_declaration	manual_semantic_rename	AffineFamily,PosCombo.lean
prec_same_of_strict_signs_of_right_root	strictInterl_same_of_strict_signs_of_right_root	4	3	lean_declaration	manual_semantic_rename	MaWang,PosCombo.lean
prec_sameDegree_shift_left_of_roots_le	strictInterl_sameDegree_shift_left_of_roots_le	1	1	lean_declaration	manual_semantic_rename	PosCombo.lean
prec_sameDegree_to_prec_mul_X_of_roots_nonpos	strictInterl_sameDegree_to_strictInterl_mul_X_of_roots_nonpos	4	3	lean_declaration	manual_semantic_rename	PosCombo.lean,ShiftLemma.lean,WagnerX
prec_sameDegree_to_prec_mul_X_sub_C_of_roots_le	strictInterl_sameDegree_to_strictInterl_mul_X_sub_C_of_roots_le	6	3	lean_declaration	manual_semantic_rename	Interlacing,PosCombo.lean,SymmetricDecomposition
prec_self_add_C_mul_theta_X_polarTheta_boundary	strictInterl_self_add_C_mul_theta_X_polarTheta_boundary	1	1	lean_declaration	manual_semantic_rename	EulerOperator
prec_self_mul_X_of_nonneg	strictInterl_self_mul_X_of_nonneg	9	6	tactic_declaration	manual_alias_then_migrate	AffineFamily,CommonInterleaver,LinearPowerFamily.lean,Tactic,ThresholdMatrix,VeroneseMatrix.lean
prec_self_mul_X_sub_C_of_roots_le	strictInterl_self_mul_X_sub_C_of_roots_le	2	1	lean_declaration	manual_semantic_rename	CombinatorialExamples
prec_self_theta	strictInterl_self_theta	3	2	lean_declaration	manual_semantic_rename	EulerOperator
prec_self_theta_of_natDegree_ne_zero	strictInterl_self_theta_of_natDegree_ne_zero	3	2	lean_declaration	manual_semantic_rename	EulerOperator,WangYeh
prec_self_thetac	strictInterl_self_thetac	2	1	lean_declaration	manual_semantic_rename	EulerOperator
prec_self_X_mul_of_nonneg	strictInterl_self_X_mul_of_nonneg	6	5	lean_declaration	manual_semantic_rename	AffineFamily,BrandenVecchi,EulerOperator,WagnerX
prec_self_X_sub_C_mul	strictInterl_self_X_sub_C_mul	4	3	lean_declaration	manual_semantic_rename	EulerianMixedCompatibility.lean,GarloffWagner
prec_sequence_of_affineFavardChainPackage	strictInterl_sequence_of_affineFavardChainPackage	2	1	lean_declaration	manual_semantic_rename	Favard
prec_sequence_of_base_and_degree_branches	strictInterl_sequence_of_base_and_degree_branches	5	2	tactic_declaration	manual_alias_then_migrate	SequenceClosure.lean,Tactic
prec_sequence_of_base_and_step	strictInterl_sequence_of_base_and_step	12	6	tactic_declaration	manual_alias_then_migrate	LiuWang,MaWang,SequenceClosure.lean,Tactic
prec_sequence_of_endpointPairPackage	strictInterl_sequence_of_endpointPairPackage	3	1	lean_declaration	manual_semantic_rename	ProductSequence
prec_shift	strictInterl_shift	3	1	lean_declaration	manual_semantic_rename	ShiftLemma.lean
prec_shift_of_interlaces	strictInterl_shift_of_interlaces	2	1	lean_declaration	manual_semantic_rename	ShiftLemma.lean
prec_shift_of_same_degree	strictInterl_shift_of_same_degree	2	1	lean_declaration	manual_semantic_rename	ShiftLemma.lean
prec_shifted_pair_of_affine_family_nonneg	strictInterl_shifted_pair_of_affine_family_nonneg	3	2	lean_declaration	manual_semantic_rename	AffineFamily.lean,GeneralizedSnakePosets
prec_shifted_pair_of_prec_or_revPrec	strictInterl_shifted_pair_of_strictInterl_or_reverse	1	1	lean_declaration	manual_semantic_rename	AffineFamily.lean
prec_simsun_succ	strictInterl_simsun_succ	8	2	tactic_declaration	manual_alias_then_migrate	CombinatorialExamples,Tactic
prec_singletonFreeSetPartitions_succ	strictInterl_singletonFreeSetPartitions_succ	6	2	tactic_declaration	manual_alias_then_migrate	CombinatorialExamples,Tactic
prec_singletonFreeSetPartitions_succ_of_prec_core	strictInterl_singletonFreeSetPartitions_succ_of_strictInterl_core	2	1	lean_declaration	manual_semantic_rename	CombinatorialExamples
prec_singletonFreeSetPartitions_three_four	strictInterl_singletonFreeSetPartitions_three_four	2	1	lean_declaration	manual_semantic_rename	CombinatorialExamples
prec_singletonFreeSetPartitions_two_three	strictInterl_singletonFreeSetPartitions_two_three	3	1	lean_declaration	manual_semantic_rename	CombinatorialExamples
prec_singletonFreeSetPartitionsCore_of_prec	strictInterl_singletonFreeSetPartitionsCore_of_strictInterl	2	1	lean_declaration	manual_semantic_rename	CombinatorialExamples
prec_step_of_quadratic_derivative_bilinear	strictInterl_step_of_quadratic_derivative_bilinear	2	1	lean_declaration	manual_semantic_rename	DerivativeRecurrence
prec_step_of_quadratic_derivative_linear	strictInterl_step_of_quadratic_derivative_linear	2	1	lean_declaration	manual_semantic_rename	DerivativeRecurrence
prec_step_of_quadratic_derivative_linear_offset	strictInterl_step_of_quadratic_derivative_linear_offset	3	1	lean_declaration	manual_semantic_rename	DerivativeRecurrence
prec_step_of_quadratic_derivative_shift	strictInterl_step_of_quadratic_derivative_shift	2	1	lean_declaration	manual_semantic_rename	DerivativeRecurrence
prec_stirlingPermutations_one_two	strictInterl_stirlingPermutations_one_two	2	1	lean_declaration	manual_semantic_rename	CombinatorialExamples
prec_stirlingPermutations_succ	strictInterl_stirlingPermutations_succ	7	2	tactic_declaration	manual_alias_then_migrate	CombinatorialExamples,Tactic
prec_sturmDerangementsExc_affine_mul_X	strictInterl_sturmDerangementsExc_affine_mul_X	1	1	lean_declaration	manual_semantic_rename	CombinatorialExamples
prec_sturmDerangementsExc_succ	strictInterl_sturmDerangementsExc_succ	5	2	tactic_declaration	manual_alias_then_migrate	CombinatorialExamples,Tactic
prec_sturmDerangementsExc_succ_of_prec_recurrenceCore	strictInterl_sturmDerangementsExc_succ_of_strictInterl_recurrenceCore	3	1	lean_declaration	manual_semantic_rename	CombinatorialExamples
prec_sub_C_mul_of_interlaces_evalCoeff_nonpos_of_no_common	strictInterl_sub_C_mul_of_interlaces_evalCoeff_nonpos_of_no_common	3	1	lean_declaration	manual_semantic_rename	MaWang
prec_sub_of_prec_triple_of_posLeadingCoeff	strictInterl_sub_of_strictInterl_triple_of_posLeadingCoeff	2	2	lean_declaration	manual_semantic_rename	BrandenVecchi,Interlacing
prec_sub_X_mul_left	strictInterl_sub_X_mul_left	3	1	lean_declaration	manual_semantic_rename	FolkloreLemma.lean
prec_sub_X_mul_pair_of_eq_posLeadingCoeff	strictInterl_sub_X_mul_pair_of_eq_posLeadingCoeff	5	2	lean_declaration	manual_semantic_rename	FolkloreLemma.lean,GeneralizedSnakePosets
prec_sub_X_mul_pair_of_posLeadingCoeff	strictInterl_sub_X_mul_pair_of_posLeadingCoeff	3	1	lean_declaration	manual_semantic_rename	FolkloreLemma.lean
prec_sub_X_mul_right	strictInterl_sub_X_mul_right	4	3	lean_declaration	manual_semantic_rename	AffineFamily.lean,FolkloreLemma.lean,SymmetricDecomposition
prec_succ	strictInterl_succ	5	3	reference_or_local	migrate_with_declaration_owner	Applications,DerivativeRecurrence
prec_sum	strictInterl_sum	3	1	lean_declaration	manual_semantic_rename	WagnerLeftSum.lean
prec_sum_	strictInterl_sum_	1	1	reference_or_local	migrate_with_declaration_owner	ConvexCombination.lean
prec_sum_left	strictInterl_sum_left	3	2	tactic_declaration	manual_alias_then_migrate	Tactic,WeightedSum.lean
prec_sum_left_of_common_left	strictInterl_sum_left_of_common_left	3	2	lean_declaration	manual_semantic_rename	PosCombo.lean,SymmetricDecomposition
prec_sum_left_of_common_left_signed	strictInterl_sum_left_of_common_left_signed	13	9	lean_declaration	manual_semantic_rename	CommonInterleaver,FolkloreLemma.lean,PosCombo.lean,SamePhaseInterlacing.lean,ShiftLemma.lean,StaircaseSum.lean,Wagner
prec_sum_left_of_prec_left_family_forward_sameDegree_nonneg	strictInterl_sum_left_of_strictInterl_left_family_forward_sameDegree_nonneg	2	1	lean_declaration	manual_semantic_rename	CommonInterleaver
prec_sum_left_of_prec_right_family_forward_sameDegree_nonneg	strictInterl_sum_left_of_strictInterl_right_family_forward_sameDegree_nonneg	3	1	lean_declaration	manual_semantic_rename	CommonInterleaver
prec_sum_of_compatible_left	strictInterl_sum_of_compatible_left	2	2	lean_declaration	manual_semantic_rename	WagnerLeftSum.lean,WeightedSum.lean
prec_sum_right	strictInterl_sum_right	6	5	tactic_declaration	manual_alias_then_migrate	Challenges,CommonInterleaver,StaircaseSum.lean,Tactic,WeightedSum.lean
prec_TDeriv	strictInterl_TDeriv	5	2	tactic_declaration	manual_alias_then_migrate	IteratedDerivativeShift.lean,Tactic
prec_thetaa_thetab	strictInterl_thetaa_thetab	1	1	lean_declaration	manual_semantic_rename	EulerOperator
prec_thetac_X_mul	strictInterl_thetac_X_mul	2	1	lean_declaration	manual_semantic_rename	EulerOperator
prec_thetaPlusOne_X_polarTheta_boundary	strictInterl_thetaPlusOne_X_polarTheta_boundary	2	1	lean_declaration	manual_semantic_rename	EulerOperator
prec_threshold_divX	strictInterl_threshold_divX	2	1	lean_declaration	manual_semantic_rename	LiuWangBenchmark.lean
prec_to_full	strictInterl_to_full	37	3	tactic_reference	migrate_with_tactic_owner	Tactic
prec_to_prec_mul_X_of_nonneg	strictInterl_to_strictInterl_mul_X_of_nonneg	15	8	lean_declaration	manual_semantic_rename	AffineFamily,AffineFamily.lean,CommonInterleaver,EulerianCompletion.lean,LinearPowerFamily.lean,PartialSumStep.lean,ThresholdMatrix
prec_to_X_mul_of_nonneg	strictInterl_to_X_mul_of_nonneg	3	3	lean_declaration	manual_semantic_rename	AffineFamily,ClassicalHurwitzMatrix,WagnerX
prec_touchard_one_two	strictInterl_touchard_one_two	2	1	lean_declaration	manual_semantic_rename	CombinatorialExamples
prec_touchard_succ	strictInterl_touchard_succ	9	3	tactic_declaration	manual_alias_then_migrate	CombinatorialExamples,Tactic
prec_typeBEulerian_succ	strictInterl_typeBEulerian_succ	7	2	tactic_declaration	manual_alias_then_migrate	CombinatorialExamples,Tactic
prec_veronesePairSectionPolynomial_fin_of_fullyInterlacingPair	strictInterl_veronesePairSectionPolynomial_fin_of_fullyInterlacingPair	3	1	lean_declaration	manual_semantic_rename	VeroneseSection.lean
prec_veronesePairSectionPolynomial_fin_of_nonneg_prec	strictInterl_veronesePairSectionPolynomial_fin_of_nonneg_strictInterl	1	1	lean_declaration	manual_semantic_rename	VeroneseSection.lean
prec_veronesePairSectionPolynomial_fin_of_pf_prec	strictInterl_veronesePairSectionPolynomial_fin_of_pf_strictInterl	1	1	lean_declaration	manual_semantic_rename	VeroneseSection.lean
prec_veronesePairSectionPolynomial_fin_of_prec	strictInterl_veronesePairSectionPolynomial_fin_of_strictInterl	3	2	tactic_declaration	manual_alias_then_migrate	Tactic,VeroneseSection.lean
prec_veronesePairSectionPolynomial_fin_sequence_of_prec	strictInterl_veronesePairSectionPolynomial_fin_sequence_of_strictInterl	2	1	tactic_declaration	manual_alias_then_migrate	Tactic
prec_veronesePairSectionPolynomial_of_fullyInterlacingPair	strictInterl_veronesePairSectionPolynomial_of_fullyInterlacingPair	5	1	lean_declaration	manual_semantic_rename	VeroneseSection.lean
prec_veronesePairSectionPolynomial_of_nonneg_prec	strictInterl_veronesePairSectionPolynomial_of_nonneg_strictInterl	1	1	lean_declaration	manual_semantic_rename	VeroneseSection.lean
prec_veronesePairSectionPolynomial_of_pf_prec	strictInterl_veronesePairSectionPolynomial_of_pf_strictInterl	1	1	lean_declaration	manual_semantic_rename	VeroneseSection.lean
prec_veronesePairSectionPolynomial_of_prec	strictInterl_veronesePairSectionPolynomial_of_strictInterl	5	2	tactic_declaration	manual_alias_then_migrate	Tactic,VeroneseSection.lean
prec_veronesePairSectionPolynomial_sequence_of_prec	strictInterl_veronesePairSectionPolynomial_sequence_of_strictInterl	2	1	tactic_declaration	manual_alias_then_migrate	Tactic
prec_veroneseSectionPolynomial_of_fullyInterlacingPair	strictInterl_veroneseSectionPolynomial_of_fullyInterlacingPair	4	1	lean_declaration	manual_semantic_rename	VeroneseSection.lean
prec_veroneseSectionPolynomial_of_nonneg_prec	strictInterl_veroneseSectionPolynomial_of_nonneg_strictInterl	1	1	lean_declaration	manual_semantic_rename	VeroneseSection.lean
prec_veroneseSectionPolynomial_of_pf_prec	strictInterl_veroneseSectionPolynomial_of_pf_strictInterl	1	1	lean_declaration	manual_semantic_rename	VeroneseSection.lean
prec_veroneseSectionPolynomial_of_prec	strictInterl_veroneseSectionPolynomial_of_strictInterl	3	2	tactic_declaration	manual_alias_then_migrate	Tactic,VeroneseSection.lean
prec_veroneseSectionPolynomial_of_residue_lt	strictInterl_veroneseSectionPolynomial_of_residue_lt	2	2	lean_declaration	manual_semantic_rename	VeroneseSectionPair,VeroneseSectionPair.lean
prec_veroneseSectionPolynomial_sequence_of_prec	strictInterl_veroneseSectionPolynomial_sequence_of_strictInterl	2	1	tactic_declaration	manual_alias_then_migrate	Tactic
prec_wagner_derivative_gap_lag_sequence	strictInterl_wagner_derivative_gap_lag_sequence	3	2	tactic_declaration	manual_alias_then_migrate	Tactic
prec_wagner_derivative_gap_lag_sequence_den	strictInterl_wagner_derivative_gap_lag_sequence_den	3	2	tactic_declaration	manual_alias_then_migrate	Tactic
prec_wagner_derivative_gap_lag_step	strictInterl_wagner_derivative_gap_lag_step	6	2	tactic_declaration	manual_alias_then_migrate	Tactic
prec_wagner_derivative_gap_lag_step_den	strictInterl_wagner_derivative_gap_lag_step_den	3	2	tactic_declaration	manual_alias_then_migrate	Tactic
prec_weightedSum_left	strictInterl_weightedSum_left	5	4	tactic_declaration	manual_alias_then_migrate	Challenges,GarloffWagner,Tactic,WeightedSum.lean
prec_weightedSum_left_of_common_left	strictInterl_weightedSum_left_of_common_left	6	2	tactic_declaration	manual_alias_then_migrate	PosCombo.lean,Tactic
prec_weightedSum_left_of_common_left_signed	strictInterl_weightedSum_left_of_common_left_signed	3	2	lean_declaration	manual_semantic_rename	CommonInterleaver,PosCombo.lean
prec_weightedSum_right	strictInterl_weightedSum_right	14	7	tactic_declaration	manual_alias_then_migrate	Challenges,CommonInterleaver,GarloffWagner,PosCombo.lean,Tactic,WeightedSum.lean
prec_X_add_C_iff	StrictInterl.X_add_C_iff	2	2	deprecated_compatibility	use_canonical_keep_wrapper	Challenges,Linear.lean
prec_X_add_C_pow_succ	strictInterl_X_add_C_pow_succ	2	1	lean_declaration	manual_semantic_rename	LinearPowerFamily.lean
prec_X_add_C_to_X_mul_X_add_C	strictInterl_X_add_C_to_X_mul_X_add_C	3	1	lean_declaration	manual_semantic_rename	CombinatorialExamples
prec_X_add_C_two_one	strictInterl_X_add_C_two_one	2	1	lean_declaration	manual_semantic_rename	VeroneseSection.lean
prec_X_derivative_X_self_of_splits_nonneg	strictInterl_X_derivative_X_self_of_splits_nonneg	2	2	lean_declaration	manual_semantic_rename	EulerOperator,WagnerX
prec_X_mul_affine_sturmDerangementsExc	strictInterl_X_mul_affine_sturmDerangementsExc	2	1	lean_declaration	manual_semantic_rename	CombinatorialExamples
prec_X_mul_derivative_X_mul_self_of_splits_nonneg	strictInterl_X_mul_derivative_X_mul_self_of_splits_nonneg	3	2	tactic_declaration	manual_alias_then_migrate	Tactic
prec_X_mul_lowerTerm_sturmDerangementsExc	strictInterl_X_mul_lowerTerm_sturmDerangementsExc	2	1	lean_declaration	manual_semantic_rename	CombinatorialExamples
prec_X_mul_recurrenceSummands_sturmDerangementsExc	strictInterl_X_mul_recurrenceSummands_sturmDerangementsExc	1	1	lean_declaration	manual_semantic_rename	CombinatorialExamples
prec_X_pow_mul_both_of_prec_nonneg	strictInterl_X_pow_mul_both_of_strictInterl_nonneg	2	1	lean_declaration	manual_semantic_rename	LinearPowerFamily.lean
prec_X_pow_mul_X_pow_succ_of_reverse_prec_nonneg	strictInterl_X_pow_mul_X_pow_succ_of_reverse_strictInterl_nonneg	2	2	tactic_declaration	manual_alias_then_migrate	LinearPowerFamily.lean,Tactic
prec_X_pow_succ	strictInterl_X_pow_succ	2	1	lean_declaration	manual_semantic_rename	LinearPowerFamily.lean
prec_X_X_mul_X_sub_C	strictInterl_X_X_mul_X_sub_C	7	1	lean_declaration	manual_semantic_rename	CommonInterleaver
prec_zipWith_sum_pair_of_2x2	strictInterl_zipWith_sum_pair_of_2x2	5	3	lean_declaration	manual_semantic_rename	GeneralizedSnakePosets,MatrixInterlacing
precede	precede	18	13	lexical_false_positive	keep_unchanged	ClassicalHurwitzMatrix,CombinatorialExamples,GarloffWagner,ParkingFunctions,Tactic,WagnerLeftSum.lean,WagnerRightSum,WagnerRightSum.lean,WangYeh
precedence	precedence	1	1	lexical_false_positive	keep_unchanged	Tactic
precedes	precedes	57	34	lexical_false_positive	keep_unchanged	Applications,BrandenVecchi,ClassicalHurwitzMatrix,CombinatorialExamples,Compatibility,Derivative,EulerOperator,EulerianCompletion,GarloffWagner,Interlacing,IteratedDerivativeShift.lean,PFPolynomial,PartialSumStep.lean,PosCombo.lean,Tactic,ThresholdMatrix,Transforms,UpperDerivativeInterlace.lean,WagnerLeftSum.lean,WagnerRightSum.lean,WagnerX,WeightedSum.lean
Preceding	Preceding	2	2	lexical_false_positive	keep_unchanged	Applications
preceding	preceding	53	27	lexical_false_positive	keep_unchanged	AffineFamily.lean,Applications,BrandenLeite,BrandenVecchi,Favard,GarloffWagner,GeneralizedSnakePosets,JacobiParameterInterlacing.lean,Mathlib,NarayanaTransformation,PFPolynomial,ParkingFunctions,PartialSymmetrization.lean,RootCounting,Transforms,UnitIntervalGraph,WagnerRightSum
precFPolynomialTransport	strictInterlFPolynomialTransport	6	3	tactic_declaration	manual_alias_then_migrate	BrandenLeite,SymmetricDecomposition,Tactic
precFPolynomialTransport_of_minimal	strictInterlFPolynomialTransport_of_minimal	2	1	lean_declaration	manual_semantic_rename	SymmetricDecomposition
precFPolynomialTransportMinimal	strictInterlFPolynomialTransportMinimal	2	1	lean_declaration	manual_semantic_rename	SymmetricDecomposition
precFPolynomialTransportMinimalStatement	strictInterlFPolynomialTransportMinimalStatement	3	1	statement_scaffold	manual_semantic_rename	SymmetricDecomposition
precFPolynomialTransportStatement	strictInterlFPolynomialTransportStatement	4	1	statement_scaffold	manual_semantic_rename	SymmetricDecomposition
precise	precise	6	5	lexical_false_positive	keep_unchanged	BooleanSwapOrbit.lean,BorceaBranden,CommonInterleaver,Hadamard
precisely	precisely	19	18	lexical_false_positive	keep_unchanged	ASWCubicDegreeThree.lean,Apolarity.lean,Applications,BrandenLeite,CombinatorialExamples,Compatibility,Favard,Mathlib,MatrixInterlacing,MultiplierSequence,ParkingFunctions,UnitIntervalGraph
precision	precision	1	1	lexical_false_positive	keep_unchanged	RootContinuity.lean
precLeftShiftedSlot	strictInterlLeftShiftedSlot	2	1	lean_declaration	manual_semantic_rename	CommonInterleaver
PrecLeftShiftedSlotStatement	StrictInterlLeftShiftedSlotStatement	3	1	statement_scaffold	manual_semantic_rename	CommonInterleaver
precomposing	precomposing	2	2	lexical_false_positive	keep_unchanged	BorceaBranden
Precomposition	Precomposition	1	1	lexical_false_positive	keep_unchanged	MultiplierSequence
precomposition	precomposition	1	1	lexical_false_positive	keep_unchanged	MultiplierSequence
preconnected	preconnected	2	1	lexical_false_positive	keep_unchanged	Mathlib
precOrRevPrecRegularized	strictInterlOrReverseRegularized	3	2	reference_or_local	migrate_with_declaration_owner	ObreschkoffConverse
PrecToReverseFullyInterlacingPairStatement	StrictInterlToReverseFullyInterlacingPairStatement	3	1	statement_scaffold	manual_semantic_rename	VeroneseSection.lean
precursor	precursor	4	1	lexical_false_positive	keep_unchanged	Applications
projectiveRegularizedChow_prec0_succ	projectiveRegularizedChow_interl_succ	3	2	lean_declaration	manual_semantic_rename	BrandenVecchi
rationalRodRows_pf_and_prec0	rationalRodRows_pf_and_interl	4	2	lean_declaration	manual_semantic_rename	BrandenLeite
reciprocalShift_reverses_prec	reciprocalShift_reverses_strictInterl	10	7	lean_declaration	manual_semantic_rename	Applications,BrandenVecchi,EulerOperator,ParkingFunctions,ReciprocalShift
reduced_prec	reduced_strictInterl	3	2	tactic_reference	migrate_with_tactic_owner	Tactic
reflect_reverses_prec0_of_pf	reflect_reverses_interl_of_pf	3	1	lean_declaration	manual_semantic_rename	BrandenVecchi
regularized_prec_no_common	regularized_strictInterl_no_common	2	1	lean_declaration	manual_semantic_rename	EulerianMixedCompatibility.lean
residual_prec	residual_strictInterl	3	3	tactic_reference	migrate_with_tactic_owner	Tactic
resolvedChowCombination_endpoint_prec0	resolvedChowCombination_endpoint_interl	4	2	lean_declaration	manual_semantic_rename	BrandenVecchi
resolvedChowCombination_endpoint_prec_of_ne	resolvedChowCombination_endpoint_strictInterl_of_ne	1	1	lean_declaration	manual_semantic_rename	BrandenVecchi
reverse_prec	reverse_strictInterl	3	2	tactic_reference	migrate_with_tactic_owner	Tactic
reverseHermiteTransform_prec0_of_weightedSum_right	reverseHermiteTransform_interl_of_weightedSum_right	2	1	lean_declaration	manual_semantic_rename	Transforms
reverseHermiteTransform_prec_to_prec0	reverseHermiteTransform_strictInterl_to_interl	1	1	lean_declaration	manual_semantic_rename	Transforms
reverseHermiteTransform_preserves_pf_and_prec0	reverseHermiteTransform_preserves_pf_and_interl	3	1	lean_declaration	manual_semantic_rename	Transforms
reverseHermiteTransform_preserves_prec0	reverseHermiteTransform_preserves_interl	2	1	lean_declaration	manual_semantic_rename	Transforms
revPrec_of_prec_or_revPrec_of_root_asymmetry	reverseStrictInterl_of_strictInterl_or_reverse_of_root_asymmetry	3	3	lean_declaration	manual_semantic_rename	AffineFamily,FolkloreLemma.lean,PosCombo.lean
right_eq_zero_or_splits_of_prec	right_eq_zero_or_splits_of_strictInterl	3	2	tactic_declaration	manual_alias_then_migrate	SequenceClosure.lean,Tactic
right_isRealRooted_of_prec	right_isRealRooted_of_strictInterl	8	2	tactic_declaration	manual_alias_then_migrate	SequenceClosure.lean,Tactic
right_isRealRooted_of_prec_sequence	right_isRealRooted_of_strictInterl_sequence	10	2	tactic_declaration	manual_alias_then_migrate	SequenceClosure.lean,Tactic
right_ne_zero_of_prec	right_ne_zero_of_strictInterl	12	6	tactic_declaration	manual_alias_then_migrate	ProductSequence,SequenceClosure.lean,Tactic
right_splits_of_prec	right_splits_of_strictInterl	9	7	tactic_declaration	manual_alias_then_migrate	LinearPowerFamily.lean,SequenceClosure.lean,Tactic
rightZeroDivX_package_of_prec_of_hasNonnegCoeffs_coeff_zero	rightZeroDivX_package_of_strictInterl_of_hasNonnegCoeffs_coeff_zero	5	1	lean_declaration	manual_semantic_rename	DegreeDropDivXPrec.lean
rightZeroDivX_prec0_of_prec_of_hasNonnegCoeffs_coeff_zero	rightZeroDivX_interl_of_strictInterl_of_hasNonnegCoeffs_coeff_zero	1	1	lean_declaration	manual_semantic_rename	DegreeDropDivXPrec.lean
rightZeroDivX_realRooted_of_prec_of_hasNonnegCoeffs_coeff_zero	rightZeroDivX_realRooted_of_strictInterl_of_hasNonnegCoeffs_coeff_zero	1	1	lean_declaration	manual_semantic_rename	DegreeDropDivXPrec.lean
rightZeroDivX_roots_nonpos_of_prec_of_hasNonnegCoeffs_coeff_zero	rightZeroDivX_roots_nonpos_of_strictInterl_of_hasNonnegCoeffs_coeff_zero	1	1	lean_declaration	manual_semantic_rename	DegreeDropDivXPrec.lean
rightZeroDivX_zero_mem_roots_of_prec_of_hasNonnegCoeffs_coeff_zero	rightZeroDivX_zero_mem_roots_of_strictInterl_of_hasNonnegCoeffs_coeff_zero	1	1	lean_declaration	manual_semantic_rename	DegreeDropDivXPrec.lean
risingFactorialStep_pf_shiftPrec	risingFactorialStep_pf_shiftStrictInterl	2	2	lean_declaration	manual_semantic_rename	NarayanaTransformation
root_lt_rightmost_of_prec_sameDegree_no_common	root_lt_rightmost_of_strictInterl_sameDegree_no_common	2	1	lean_declaration	manual_semantic_rename	ObreschkoffConverse
rootCountAboveOriented_of_prec	rootCountAboveOriented_of_strictInterl	4	2	lean_declaration	manual_semantic_rename	FiniteFreeRootCount.lean,LiuOppositeSigns
rootMultiplicity_bounds_of_prec	StrictInterl.rootMultiplicity_bounds	1	1	deprecated_compatibility	use_canonical_keep_wrapper	Basic
rootMultiplicity_sub_one_le_of_prec_right	rootMultiplicity_sub_one_le_of_strictInterl_right	3	1	lean_declaration	manual_semantic_rename	GarloffWagner
roots_le_of_prec_of_left_roots_lt_of_right_root	roots_le_of_strictInterl_of_left_roots_lt_of_right_root	2	1	lean_declaration	manual_semantic_rename	BrandenVecchi
roots_le_of_prec_right	StrictInterl.roots_le_of_right	1	1	deprecated_compatibility	use_canonical_keep_wrapper	Basic
roots_neg_of_prec_sameDegree_of_roots_neg	roots_neg_of_strictInterl_sameDegree_of_roots_neg	3	3	lean_declaration	manual_semantic_rename	ClassicalHurwitzMatrix,Interlacing,LiuWangBenchmark.lean
roots_nonpos_of_prec_sameDegree_of_zero_root_of_left_roots_neg	roots_nonpos_of_strictInterl_sameDegree_of_zero_root_of_left_roots_neg	2	2	lean_declaration	manual_semantic_rename	ClassicalHurwitzMatrix,Interlacing
roots_sum_le_of_prec_sameDegree	StrictInterl.roots_sum_le_of_sameDegree	1	1	deprecated_compatibility	use_canonical_keep_wrapper	Basic
rPolynomial_exceptional_prec	rPolynomial_exceptional_strictInterl	5	2	lean_declaration	manual_semantic_rename	ParkingFunctions
rPolynomial_finite_prec_of_lt	rPolynomial_finite_strictInterl_of_lt	2	1	lean_declaration	manual_semantic_rename	ParkingFunctions
rPolynomial_prec_rPolynomial_of_lt	rPolynomial_strictInterl_rPolynomial_of_lt	2	2	lean_declaration	manual_semantic_rename	ParkingFunctions
rr_base_prec	rr_base_strict_interl	15	5	tactic_reference	migrate_with_tactic_owner	Tactic
rr_bezout_pos_def_of_strict_prec_same_degree	rr_bezout_pos_def_of_strict_interl_same_degree	4	2	tactic_reference	migrate_with_tactic_owner	Tactic
rr_bezout_pos_def_of_strict_prec_same_degree_named	rr_bezout_pos_def_of_strict_interl_same_degree_named	1	1	tactic_reference	migrate_with_tactic_owner	Tactic
rr_bezout_prec_of_pos_def	rr_bezout_strict_interl_of_pos_def	3	2	tactic_reference	migrate_with_tactic_owner	Tactic
rr_bezout_prec_of_pos_def_named	rr_bezout_strict_interl_of_pos_def_named	1	1	tactic_reference	migrate_with_tactic_owner	Tactic
rr_bezout_sequence_pos_def_of_strict_prec_same_degree	rr_bezout_sequence_pos_def_of_strict_interl_same_degree	3	2	tactic_reference	migrate_with_tactic_owner	Tactic
rr_bezout_sequence_pos_def_of_strict_prec_same_degree_named	rr_bezout_sequence_pos_def_of_strict_interl_same_degree_named	1	1	tactic_reference	migrate_with_tactic_owner	Tactic
rr_bezout_sequence_prec_of_pos_def	rr_bezout_sequence_strict_interl_of_pos_def	3	2	tactic_reference	migrate_with_tactic_owner	Tactic
rr_bezout_sequence_prec_of_pos_def_named	rr_bezout_sequence_strict_interl_of_pos_def_named	1	1	tactic_reference	migrate_with_tactic_owner	Tactic
rr_bezout_sequence_strict_prec_same_degree_of_pos_def	rr_bezout_sequence_strict_interl_same_degree_of_pos_def	3	2	tactic_reference	migrate_with_tactic_owner	Tactic
rr_bezout_sequence_strict_prec_same_degree_of_pos_def_named	rr_bezout_sequence_strict_interl_same_degree_of_pos_def_named	1	1	tactic_reference	migrate_with_tactic_owner	Tactic
rr_bezout_strict_prec_same_degree_iff	rr_bezout_strict_interl_same_degree_iff	3	2	tactic_reference	migrate_with_tactic_owner	Tactic
rr_bezout_strict_prec_same_degree_iff_named	rr_bezout_strict_interl_same_degree_iff_named	1	1	tactic_reference	migrate_with_tactic_owner	Tactic
rr_bezout_strict_prec_same_degree_of_pos_def	rr_bezout_strict_interl_same_degree_of_pos_def	3	2	tactic_reference	migrate_with_tactic_owner	Tactic
rr_bezout_strict_prec_same_degree_of_pos_def_named	rr_bezout_strict_interl_same_degree_of_pos_def_named	1	1	tactic_reference	migrate_with_tactic_owner	Tactic
rr_derivative_prec	rr_derivative_strict_interl	6	2	tactic_reference	migrate_with_tactic_owner	Tactic
rr_derivative_prec_auto	rr_derivative_strict_interl_auto	1	1	tactic_reference	migrate_with_tactic_owner	Tactic
rr_derivative_prec_named	rr_derivative_strict_interl_named	1	1	tactic_reference	migrate_with_tactic_owner	Tactic
rr_derivative_sequence_prec	rr_derivative_sequence_strict_interl	5	4	tactic_reference	migrate_with_tactic_owner	Tactic
rr_derivative_sequence_prec_named	rr_derivative_sequence_strict_interl_named	1	1	tactic_reference	migrate_with_tactic_owner	Tactic
rr_exact_pf_prec0_sequence_or_projection	rr_exact_pf_interl_sequence_or_projection	6	1	tactic_reference	migrate_with_tactic_owner	Tactic
rr_finish_sequence_prec	rr_finish_sequence_strict_interl	1	1	tactic_reference	migrate_with_tactic_owner	Tactic
rr_finish_sequence_prec_degree	rr_finish_sequence_strict_interl_degree	1	1	tactic_reference	migrate_with_tactic_owner	Tactic
rr_finish_using_prec0	rr_finish_using_interl	1	1	tactic_reference	migrate_with_tactic_owner	Tactic
rr_fPolynomial_prec	rr_fPolynomial_strict_interl	3	2	tactic_reference	migrate_with_tactic_owner	Tactic
rr_fPolynomial_prec_iff	rr_fPolynomial_strict_interl_iff	3	2	tactic_reference	migrate_with_tactic_owner	Tactic
rr_fPolynomial_prec_iff_named	rr_fPolynomial_strict_interl_iff_named	1	1	tactic_reference	migrate_with_tactic_owner	Tactic
rr_fPolynomial_prec_named	rr_fPolynomial_strict_interl_named	1	1	tactic_reference	migrate_with_tactic_owner	Tactic
rr_fPolynomial_sequence_prec	rr_fPolynomial_sequence_strict_interl	5	4	tactic_reference	migrate_with_tactic_owner	Tactic
rr_fPolynomial_sequence_prec_named	rr_fPolynomial_sequence_strict_interl_named	1	1	tactic_reference	migrate_with_tactic_owner	Tactic
rr_hadamard_pf_prec0	rr_hadamard_pf_interl	6	2	tactic_reference	migrate_with_tactic_owner	Tactic
rr_hadamard_pf_prec0_named	rr_hadamard_pf_interl_named	1	1	tactic_reference	migrate_with_tactic_owner	Tactic
rr_hadamard_prec0	rr_hadamard_interl	3	2	tactic_reference	migrate_with_tactic_owner	Tactic
rr_hadamard_prec0_named	rr_hadamard_interl_named	1	1	tactic_reference	migrate_with_tactic_owner	Tactic
rr_hadamard_sequence_prec0	rr_hadamard_sequence_interl	5	4	tactic_reference	migrate_with_tactic_owner	Tactic
rr_hadamard_sequence_prec0_named	rr_hadamard_sequence_interl_named	1	1	tactic_reference	migrate_with_tactic_owner	Tactic
rr_hermite_biehler_prec	rr_hermite_biehler_strict_interl	3	2	tactic_reference	migrate_with_tactic_owner	Tactic
rr_hermite_biehler_prec_named	rr_hermite_biehler_strict_interl_named	1	1	tactic_reference	migrate_with_tactic_owner	Tactic
rr_hermite_biehler_prec_sequence	rr_hermite_biehler_strict_interl_sequence	3	2	tactic_reference	migrate_with_tactic_owner	Tactic
rr_hermite_biehler_prec_sequence_named	rr_hermite_biehler_strict_interl_sequence_named	1	1	tactic_reference	migrate_with_tactic_owner	Tactic
rr_interlacingSeq0_prec0	rr_interlacingSeq0_interl	3	2	tactic_reference	migrate_with_tactic_owner	Tactic
rr_interlacingSeq0_prec0_named	rr_interlacingSeq0_interl_named	1	1	tactic_reference	migrate_with_tactic_owner	Tactic
rr_interlacingSeq_prec	rr_interlacingSeq_strict_interl	3	2	tactic_reference	migrate_with_tactic_owner	Tactic
rr_interlacingSeq_prec_named	rr_interlacingSeq_strict_interl_named	1	1	tactic_reference	migrate_with_tactic_owner	Tactic
rr_iterateTDeriv_prec_succ	rr_iterateTDeriv_strict_interl_succ	3	2	tactic_reference	migrate_with_tactic_owner	Tactic
rr_iterateTDeriv_prec_succ_named	rr_iterateTDeriv_strict_interl_succ_named	1	1	tactic_reference	migrate_with_tactic_owner	Tactic
rr_iterateTDeriv_sequence_prec_succ	rr_iterateTDeriv_sequence_strict_interl_succ	5	4	tactic_reference	migrate_with_tactic_owner	Tactic
rr_iterateTDeriv_sequence_prec_succ_named	rr_iterateTDeriv_sequence_strict_interl_succ_named	1	1	tactic_reference	migrate_with_tactic_owner	Tactic
rr_iterateThetaPlusOne_prec0	rr_iterateThetaPlusOne_interl	3	2	tactic_reference	migrate_with_tactic_owner	Tactic
rr_iterateThetaPlusOne_prec0_named	rr_iterateThetaPlusOne_interl_named	1	1	tactic_reference	migrate_with_tactic_owner	Tactic
rr_iterateThetaPlusOne_sequence_prec0	rr_iterateThetaPlusOne_sequence_interl	5	4	tactic_reference	migrate_with_tactic_owner	Tactic
rr_iterateThetaPlusOne_sequence_prec0_named	rr_iterateThetaPlusOne_sequence_interl_named	1	1	tactic_reference	migrate_with_tactic_owner	Tactic
rr_model_lag_one_pf_prec0_sequence	rr_model_lag_one_pf_interl_sequence	8	2	tactic_reference	migrate_with_tactic_owner	Tactic
rr_model_lag_one_pf_prec0_sequence_named	rr_model_lag_one_pf_interl_sequence_named	1	1	tactic_reference	migrate_with_tactic_owner	Tactic
rr_model_lag_one_pf_prec0_sequence_update_inferred	rr_model_lag_one_pf_interl_sequence_update_inferred	1	1	tactic_reference	migrate_with_tactic_owner	Tactic
rr_model_lag_three_pf_prec0_sequence	rr_model_lag_three_pf_interl_sequence	7	2	tactic_reference	migrate_with_tactic_owner	Tactic
rr_model_lag_three_pf_prec0_sequence_named	rr_model_lag_three_pf_interl_sequence_named	1	1	tactic_reference	migrate_with_tactic_owner	Tactic
rr_model_lag_three_pf_prec0_sequence_update_inferred	rr_model_lag_three_pf_interl_sequence_update_inferred	1	1	tactic_reference	migrate_with_tactic_owner	Tactic
rr_model_lag_two_pf_prec0_sequence	rr_model_lag_two_pf_interl_sequence	8	2	tactic_reference	migrate_with_tactic_owner	Tactic
rr_model_lag_two_pf_prec0_sequence_named	rr_model_lag_two_pf_interl_sequence_named	1	1	tactic_reference	migrate_with_tactic_owner	Tactic
rr_model_lag_two_pf_prec0_sequence_update_inferred	rr_model_lag_two_pf_interl_sequence_update_inferred	1	1	tactic_reference	migrate_with_tactic_owner	Tactic
rr_narayana_polynomial_prec_succ	rr_narayana_polynomial_strict_interl_succ	3	2	tactic_reference	migrate_with_tactic_owner	Tactic
rr_narayana_polynomial_prec_succ_named	rr_narayana_polynomial_strict_interl_succ_named	1	1	tactic_reference	migrate_with_tactic_owner	Tactic
rr_of_fPolynomial_prec	rr_of_fPolynomial_strict_interl	3	2	tactic_reference	migrate_with_tactic_owner	Tactic
rr_of_fPolynomial_prec_named	rr_of_fPolynomial_strict_interl_named	1	1	tactic_reference	migrate_with_tactic_owner	Tactic
rr_of_fPolynomial_sequence_prec	rr_of_fPolynomial_sequence_strict_interl	4	3	tactic_reference	migrate_with_tactic_owner	Tactic
rr_of_fPolynomial_sequence_prec_named	rr_of_fPolynomial_sequence_strict_interl_named	1	1	tactic_reference	migrate_with_tactic_owner	Tactic
rr_operator_prec0_sequence_of_preserver	rr_operator_interl_sequence_of_preserver	3	2	tactic_reference	migrate_with_tactic_owner	Tactic
rr_operator_prec0_sequence_of_preserver_named	rr_operator_interl_sequence_of_preserver_named	1	1	tactic_reference	migrate_with_tactic_owner	Tactic
rr_operator_prec0_sequence_up_to_order	rr_operator_interl_sequence_up_to_order	5	4	tactic_reference	migrate_with_tactic_owner	Tactic
rr_operator_prec0_sequence_up_to_order_named	rr_operator_interl_sequence_up_to_order_named	1	1	tactic_reference	migrate_with_tactic_owner	Tactic
rr_operator_prec0_up_to_order	rr_operator_interl_up_to_order	3	2	tactic_reference	migrate_with_tactic_owner	Tactic
rr_operator_prec0_up_to_order_named	rr_operator_interl_up_to_order_named	1	1	tactic_reference	migrate_with_tactic_owner	Tactic
rr_pf_prec0_self	rr_pf_interl_self	3	2	tactic_reference	migrate_with_tactic_owner	Tactic
rr_pf_prec0_self_named	rr_pf_interl_self_named	1	1	tactic_reference	migrate_with_tactic_owner	Tactic
rr_pf_prec0_X_mul_both	rr_pf_interl_X_mul_both	3	2	tactic_reference	migrate_with_tactic_owner	Tactic
rr_pf_prec0_X_mul_both_named	rr_pf_interl_X_mul_both_named	1	1	tactic_reference	migrate_with_tactic_owner	Tactic
rr_pf_sequence_prec0_self	rr_pf_sequence_interl_self	3	2	tactic_reference	migrate_with_tactic_owner	Tactic
rr_pf_sequence_prec0_self_named	rr_pf_sequence_interl_self_named	1	1	tactic_reference	migrate_with_tactic_owner	Tactic
rr_pf_sequence_prec0_X_mul_both	rr_pf_sequence_interl_X_mul_both	3	2	tactic_reference	migrate_with_tactic_owner	Tactic
rr_pf_sequence_prec0_X_mul_both_named	rr_pf_sequence_interl_X_mul_both_named	1	1	tactic_reference	migrate_with_tactic_owner	Tactic
rr_pos_combo_convex_left_common_factor_prec	rr_pos_combo_convex_left_common_factor_strict_interl	3	2	tactic_reference	migrate_with_tactic_owner	Tactic
rr_pos_combo_convex_left_common_factor_prec_named	rr_pos_combo_convex_left_common_factor_strict_interl_named	1	1	tactic_reference	migrate_with_tactic_owner	Tactic
rr_pos_combo_convex_left_prec	rr_pos_combo_convex_left_strict_interl	3	2	tactic_reference	migrate_with_tactic_owner	Tactic
rr_pos_combo_convex_left_prec_named	rr_pos_combo_convex_left_strict_interl_named	1	1	tactic_reference	migrate_with_tactic_owner	Tactic
rr_pos_combo_convex_right_prec	rr_pos_combo_convex_right_strict_interl	3	2	tactic_reference	migrate_with_tactic_owner	Tactic
rr_pos_combo_convex_right_prec_named	rr_pos_combo_convex_right_strict_interl_named	1	1	tactic_reference	migrate_with_tactic_owner	Tactic
rr_pos_combo_nonneg_left_prec	rr_pos_combo_nonneg_left_strict_interl	3	2	tactic_reference	migrate_with_tactic_owner	Tactic
rr_pos_combo_nonneg_left_prec_named	rr_pos_combo_nonneg_left_strict_interl_named	1	1	tactic_reference	migrate_with_tactic_owner	Tactic
rr_pos_combo_nonneg_right_prec	rr_pos_combo_nonneg_right_strict_interl	3	2	tactic_reference	migrate_with_tactic_owner	Tactic
rr_pos_combo_nonneg_right_prec_named	rr_pos_combo_nonneg_right_strict_interl_named	1	1	tactic_reference	migrate_with_tactic_owner	Tactic
rr_pos_combo_of_prec	rr_pos_combo_of_strict_interl	3	2	tactic_reference	migrate_with_tactic_owner	Tactic
rr_pos_combo_of_prec_named	rr_pos_combo_of_strict_interl_named	1	1	tactic_reference	migrate_with_tactic_owner	Tactic
rr_pos_combo_sequence_nonneg_right_prec	rr_pos_combo_sequence_nonneg_right_strict_interl	3	2	tactic_reference	migrate_with_tactic_owner	Tactic
rr_pos_combo_sequence_nonneg_right_prec_named	rr_pos_combo_sequence_nonneg_right_strict_interl_named	1	1	tactic_reference	migrate_with_tactic_owner	Tactic
rr_pos_combo_sequence_of_prec	rr_pos_combo_sequence_of_strict_interl	5	4	tactic_reference	migrate_with_tactic_owner	Tactic
rr_pos_combo_sequence_of_prec_named	rr_pos_combo_sequence_of_strict_interl_named	1	1	tactic_reference	migrate_with_tactic_owner	Tactic
rr_prec	rr_strict_interl	8	2	tactic_reference	migrate_with_tactic_owner	Tactic
rr_prec0	rr_interl	5	2	tactic_reference	migrate_with_tactic_owner	Tactic
rr_prec_affine_derivative	rr_strict_interl_affine_derivative	3	2	tactic_reference	migrate_with_tactic_owner	Tactic
rr_prec_affine_derivative_degree_one	rr_strict_interl_affine_derivative_degree_one	3	2	tactic_reference	migrate_with_tactic_owner	Tactic
rr_prec_affine_derivative_degree_one_named	rr_strict_interl_affine_derivative_degree_one_named	1	1	tactic_reference	migrate_with_tactic_owner	Tactic
rr_prec_affine_derivative_named	rr_strict_interl_affine_derivative_named	1	1	tactic_reference	migrate_with_tactic_owner	Tactic
rr_prec_affine_derivative_nonneg	rr_strict_interl_affine_derivative_nonneg	3	2	tactic_reference	migrate_with_tactic_owner	Tactic
rr_prec_affine_derivative_nonneg_named	rr_strict_interl_affine_derivative_nonneg_named	1	1	tactic_reference	migrate_with_tactic_owner	Tactic
rr_prec_affine_derivative_nonneg_sequence	rr_strict_interl_affine_derivative_nonneg_sequence	5	4	tactic_reference	migrate_with_tactic_owner	Tactic
rr_prec_affine_derivative_nonneg_sequence_named	rr_strict_interl_affine_derivative_nonneg_sequence_named	1	1	tactic_reference	migrate_with_tactic_owner	Tactic
rr_prec_affine_derivative_nonneg_sequence_realrooted	rr_strict_interl_affine_derivative_nonneg_sequence_realrooted	5	4	tactic_reference	migrate_with_tactic_owner	Tactic
rr_prec_affine_derivative_nonneg_sequence_realrooted_named	rr_strict_interl_affine_derivative_nonneg_sequence_realrooted_named	1	1	tactic_reference	migrate_with_tactic_owner	Tactic
rr_prec_affine_derivative_sequence	rr_strict_interl_affine_derivative_sequence	4	3	tactic_reference	migrate_with_tactic_owner	Tactic
rr_prec_affine_derivative_sequence_named	rr_strict_interl_affine_derivative_sequence_named	1	1	tactic_reference	migrate_with_tactic_owner	Tactic
rr_prec_affine_derivative_sequence_realrooted	rr_strict_interl_affine_derivative_sequence_realrooted	4	3	tactic_reference	migrate_with_tactic_owner	Tactic
rr_prec_affine_derivative_sequence_realrooted_named	rr_strict_interl_affine_derivative_sequence_realrooted_named	1	1	tactic_reference	migrate_with_tactic_owner	Tactic
rr_prec_affine_derivative_strong	rr_strict_interl_affine_derivative_strong	3	2	tactic_reference	migrate_with_tactic_owner	Tactic
rr_prec_affine_derivative_strong_named	rr_strict_interl_affine_derivative_strong_named	1	1	tactic_reference	migrate_with_tactic_owner	Tactic
rr_prec_C_mul_both	rr_strict_interl_C_mul_both	7	2	tactic_reference	migrate_with_tactic_owner	Tactic
rr_prec_C_mul_both_auto	rr_strict_interl_C_mul_both_auto	1	1	tactic_reference	migrate_with_tactic_owner	Tactic
rr_prec_C_mul_both_named	rr_strict_interl_C_mul_both_named	1	1	tactic_reference	migrate_with_tactic_owner	Tactic
rr_prec_C_mul_both_sequence	rr_strict_interl_C_mul_both_sequence	8	4	tactic_reference	migrate_with_tactic_owner	Tactic
rr_prec_C_mul_both_sequence_auto	rr_strict_interl_C_mul_both_sequence_auto	1	1	tactic_reference	migrate_with_tactic_owner	Tactic
rr_prec_C_mul_both_sequence_named	rr_strict_interl_C_mul_both_sequence_named	1	1	tactic_reference	migrate_with_tactic_owner	Tactic
rr_prec_C_mul_left	rr_strict_interl_C_mul_left	6	2	tactic_reference	migrate_with_tactic_owner	Tactic
rr_prec_C_mul_left_auto	rr_strict_interl_C_mul_left_auto	1	1	tactic_reference	migrate_with_tactic_owner	Tactic
rr_prec_C_mul_left_named	rr_strict_interl_C_mul_left_named	1	1	tactic_reference	migrate_with_tactic_owner	Tactic
rr_prec_C_mul_left_sequence	rr_strict_interl_C_mul_left_sequence	8	4	tactic_reference	migrate_with_tactic_owner	Tactic
rr_prec_C_mul_left_sequence_auto	rr_strict_interl_C_mul_left_sequence_auto	1	1	tactic_reference	migrate_with_tactic_owner	Tactic
rr_prec_C_mul_left_sequence_named	rr_strict_interl_C_mul_left_sequence_named	1	1	tactic_reference	migrate_with_tactic_owner	Tactic
rr_prec_C_mul_right	rr_strict_interl_C_mul_right	5	2	tactic_reference	migrate_with_tactic_owner	Tactic
rr_prec_C_mul_right_auto	rr_strict_interl_C_mul_right_auto	1	1	tactic_reference	migrate_with_tactic_owner	Tactic
rr_prec_C_mul_right_named	rr_strict_interl_C_mul_right_named	1	1	tactic_reference	migrate_with_tactic_owner	Tactic
rr_prec_C_mul_right_sequence	rr_strict_interl_C_mul_right_sequence	6	3	tactic_reference	migrate_with_tactic_owner	Tactic
rr_prec_C_mul_right_sequence_auto	rr_strict_interl_C_mul_right_sequence_auto	1	1	tactic_reference	migrate_with_tactic_owner	Tactic
rr_prec_C_mul_right_sequence_named	rr_strict_interl_C_mul_right_sequence_named	1	1	tactic_reference	migrate_with_tactic_owner	Tactic
rr_prec_C_mul_X	rr_strict_interl_C_mul_X	14	3	tactic_reference	migrate_with_tactic_owner	Tactic
rr_prec_C_mul_X_inferred	rr_strict_interl_C_mul_X_inferred	1	1	tactic_reference	migrate_with_tactic_owner	Tactic
rr_prec_C_mul_X_pos	rr_strict_interl_C_mul_X_pos	1	1	tactic_reference	migrate_with_tactic_owner	Tactic
rr_prec_C_mul_X_pos_inferred	rr_strict_interl_C_mul_X_pos_inferred	1	1	tactic_reference	migrate_with_tactic_owner	Tactic
rr_prec_cancel_common_linear_factor	rr_strict_interl_cancel_common_linear_factor	6	2	tactic_reference	migrate_with_tactic_owner	Tactic
rr_prec_cancel_common_linear_factor_inferred	rr_strict_interl_cancel_common_linear_factor_inferred	1	1	tactic_reference	migrate_with_tactic_owner	Tactic
rr_prec_cancel_common_linear_factor_named	rr_strict_interl_cancel_common_linear_factor_named	1	1	tactic_reference	migrate_with_tactic_owner	Tactic
rr_prec_evalCoeff_nonpos	rr_strict_interl_evalCoeff_nonpos	15	3	tactic_reference	migrate_with_tactic_owner	Tactic
rr_prec_evalCoeff_nonpos_degree_inferred	rr_strict_interl_evalCoeff_nonpos_degree_inferred	1	1	tactic_reference	migrate_with_tactic_owner	Tactic
rr_prec_evalCoeff_nonpos_degree_named	rr_strict_interl_evalCoeff_nonpos_degree_named	1	1	tactic_reference	migrate_with_tactic_owner	Tactic
rr_prec_evalCoeff_nonpos_inferred	rr_strict_interl_evalCoeff_nonpos_inferred	1	1	tactic_reference	migrate_with_tactic_owner	Tactic
rr_prec_evalCoeff_nonpos_named	rr_strict_interl_evalCoeff_nonpos_named	1	1	tactic_reference	migrate_with_tactic_owner	Tactic
rr_prec_mul_common_factor	rr_strict_interl_mul_common_factor	6	2	tactic_reference	migrate_with_tactic_owner	Tactic
rr_prec_mul_common_factor_inferred	rr_strict_interl_mul_common_factor_inferred	1	1	tactic_reference	migrate_with_tactic_owner	Tactic
rr_prec_mul_common_factor_named	rr_strict_interl_mul_common_factor_named	1	1	tactic_reference	migrate_with_tactic_owner	Tactic
rr_prec_mul_X	rr_strict_interl_mul_X	12	5	tactic_reference	migrate_with_tactic_owner	CombinatorialExamples,Tactic
rr_prec_mul_X_both	rr_strict_interl_mul_X_both	10	5	tactic_reference	migrate_with_tactic_owner	CombinatorialExamples,Tactic
rr_prec_mul_X_both_inferred	rr_strict_interl_mul_X_both_inferred	1	1	tactic_reference	migrate_with_tactic_owner	Tactic
rr_prec_mul_X_inferred	rr_strict_interl_mul_X_inferred	1	1	tactic_reference	migrate_with_tactic_owner	Tactic
rr_prec_of_interlaces	rr_strict_interl_of_interlaces	1	1	tactic_reference	migrate_with_tactic_owner	Tactic
rr_prec_of_prec0	rr_strict_interl_of_interl	1	1	tactic_reference	migrate_with_tactic_owner	Tactic
rr_prec_pos_X_lag_coeff_sequence_auto	rr_strict_interl_pos_X_lag_coeff_sequence_auto	5	3	tactic_reference	migrate_with_tactic_owner	Tactic
rr_prec_pos_X_lag_coeff_sequence_realrooted_auto	rr_strict_interl_pos_X_lag_coeff_sequence_realrooted_auto	4	3	tactic_reference	migrate_with_tactic_owner	Tactic
rr_prec_pos_X_lag_combo	rr_strict_interl_pos_X_lag_combo	10	3	tactic_reference	migrate_with_tactic_owner	Tactic
rr_prec_pos_X_lag_combo_lag_pos	rr_strict_interl_pos_X_lag_combo_lag_pos	1	1	tactic_reference	migrate_with_tactic_owner	Tactic
rr_prec_pos_X_lag_sequence	rr_strict_interl_pos_X_lag_sequence	4	3	tactic_reference	migrate_with_tactic_owner	Tactic
rr_prec_pos_X_lag_sequence_auto	rr_strict_interl_pos_X_lag_sequence_auto	6	5	tactic_reference	migrate_with_tactic_owner	Tactic
rr_prec_pos_X_lag_sequence_realrooted	rr_strict_interl_pos_X_lag_sequence_realrooted	4	3	tactic_reference	migrate_with_tactic_owner	Tactic
rr_prec_pos_X_lag_sequence_realrooted_auto	rr_strict_interl_pos_X_lag_sequence_realrooted_auto	7	5	tactic_reference	migrate_with_tactic_owner	Tactic
rr_prec_pos_X_same_coeff_sequence_auto	rr_strict_interl_pos_X_same_coeff_sequence_auto	4	3	tactic_reference	migrate_with_tactic_owner	Tactic
rr_prec_pos_X_same_coeff_sequence_realrooted_auto	rr_strict_interl_pos_X_same_coeff_sequence_realrooted_auto	4	3	tactic_reference	migrate_with_tactic_owner	Tactic
rr_prec_pos_X_sub_C_lag_sequence	rr_strict_interl_pos_X_sub_C_lag_sequence	4	3	tactic_reference	migrate_with_tactic_owner	Tactic
rr_prec_pos_X_sub_C_lag_sequence_realrooted	rr_strict_interl_pos_X_sub_C_lag_sequence_realrooted	4	3	tactic_reference	migrate_with_tactic_owner	Tactic
rr_prec_pos_X_sub_C_lag_sequence_realrooted_auto	rr_strict_interl_pos_X_sub_C_lag_sequence_realrooted_auto	4	3	tactic_reference	migrate_with_tactic_owner	Tactic
rr_prec_pos_X_unit_lag_sequence_auto	rr_strict_interl_pos_X_unit_lag_sequence_auto	4	3	tactic_reference	migrate_with_tactic_owner	Tactic
rr_prec_pos_X_unit_lag_sequence_realrooted_auto	rr_strict_interl_pos_X_unit_lag_sequence_realrooted_auto	4	3	tactic_reference	migrate_with_tactic_owner	Tactic
rr_prec_positive_euler_lag_sequence	rr_strict_interl_positive_euler_lag_sequence	3	2	tactic_reference	migrate_with_tactic_owner	Tactic
rr_prec_positive_euler_lag_sequence_named	rr_strict_interl_positive_euler_lag_sequence_named	1	1	tactic_reference	migrate_with_tactic_owner	Tactic
rr_prec_sequence	rr_strict_interl_sequence	4	2	tactic_reference	migrate_with_tactic_owner	Tactic
rr_prec_sequence_branches	rr_strict_interl_sequence_branches	7	3	tactic_reference	migrate_with_tactic_owner	Tactic
rr_prec_sequence_branches_degree_branch	rr_strict_interl_sequence_branches_degree_branch	1	1	tactic_reference	migrate_with_tactic_owner	Tactic
rr_prec_sequence_branches_realrooted	rr_strict_interl_sequence_branches_realrooted	8	2	tactic_reference	migrate_with_tactic_owner	Tactic
rr_prec_sequence_branches_realrooted_degree_branch	rr_strict_interl_sequence_branches_realrooted_degree_branch	1	1	tactic_reference	migrate_with_tactic_owner	Tactic
rr_prec_sequence_realrooted	rr_strict_interl_sequence_realrooted	6	2	tactic_reference	migrate_with_tactic_owner	Tactic
rr_prec_wagner_derivative_gap_lag	rr_strict_interl_wagner_derivative_gap_lag	10	3	tactic_reference	migrate_with_tactic_owner	Tactic
rr_prec_wagner_derivative_gap_lag_den	rr_strict_interl_wagner_derivative_gap_lag_den	4	3	tactic_reference	migrate_with_tactic_owner	Tactic
rr_prec_wagner_derivative_gap_lag_inferred	rr_strict_interl_wagner_derivative_gap_lag_inferred	1	1	tactic_reference	migrate_with_tactic_owner	Tactic
rr_prec_wagner_derivative_gap_lag_sequence	rr_strict_interl_wagner_derivative_gap_lag_sequence	7	4	tactic_reference	migrate_with_tactic_owner	Tactic
rr_prec_wagner_derivative_gap_lag_sequence_den	rr_strict_interl_wagner_derivative_gap_lag_sequence_den	5	4	tactic_reference	migrate_with_tactic_owner	Tactic
rr_prec_wagner_derivative_gap_lag_sequence_den_realrooted	rr_strict_interl_wagner_derivative_gap_lag_sequence_den_realrooted	5	4	tactic_reference	migrate_with_tactic_owner	Tactic
rr_prec_wagner_derivative_gap_lag_sequence_realrooted	rr_strict_interl_wagner_derivative_gap_lag_sequence_realrooted	9	4	tactic_reference	migrate_with_tactic_owner	Tactic
rr_prec_X_derivative_X_self	rr_strict_interl_X_derivative_X_self	7	3	tactic_reference	migrate_with_tactic_owner	Tactic
rr_prec_X_derivative_X_self_inferred	rr_strict_interl_X_derivative_X_self_inferred	1	1	tactic_reference	migrate_with_tactic_owner	Tactic
rr_prec_X_pow_mul_X_pow_succ	rr_strict_interl_X_pow_mul_X_pow_succ	3	2	tactic_reference	migrate_with_tactic_owner	Tactic
rr_prec_X_pow_mul_X_pow_succ_named	rr_strict_interl_X_pow_mul_X_pow_succ_named	1	1	tactic_reference	migrate_with_tactic_owner	Tactic
rr_staircaseSum_prec	rr_staircaseSum_strict_interl	3	2	tactic_reference	migrate_with_tactic_owner	Tactic
rr_staircaseSum_prec_named	rr_staircaseSum_strict_interl_named	1	1	tactic_reference	migrate_with_tactic_owner	Tactic
rr_staircaseSum_sequence_prec	rr_staircaseSum_sequence_strict_interl	4	3	tactic_reference	migrate_with_tactic_owner	Tactic
rr_staircaseSum_sequence_prec_named	rr_staircaseSum_sequence_strict_interl_named	1	1	tactic_reference	migrate_with_tactic_owner	Tactic
rr_succDegree_pair_common_interleaver_residual_bothNonzero_divXPrec	rr_succDegree_pair_common_interleaver_residual_bothNonzero_divXStrictInterl	3	3	tactic_reference	migrate_with_tactic_owner	Tactic
rr_succDegree_pair_common_interleaver_residual_bothNonzero_divXPrec_named	rr_succDegree_pair_common_interleaver_residual_bothNonzero_divXStrictInterl_named	1	1	tactic_reference	migrate_with_tactic_owner	Tactic
rr_succDegree_pair_common_interleaver_residualPrec_bothNonzero_divXPrec	rr_succDegree_pair_common_interleaver_residualStrictInterl_bothNonzero_divXStrictInterl	3	3	tactic_reference	migrate_with_tactic_owner	Tactic
rr_succDegree_pair_common_interleaver_residualPrec_bothNonzero_divXPrec_named	rr_succDegree_pair_common_interleaver_residualStrictInterl_bothNonzero_divXStrictInterl_named	1	1	tactic_reference	migrate_with_tactic_owner	Tactic
rr_succDegree_rootCountLead_of_bothNonzero_and_divXPrec	rr_succDegree_rootCountLead_of_bothNonzero_and_divXStrictInterl	3	3	tactic_reference	migrate_with_tactic_owner	Tactic
rr_succDegree_rootCountLead_of_bothNonzero_and_divXPrec_named	rr_succDegree_rootCountLead_of_bothNonzero_and_divXStrictInterl_named	1	1	tactic_reference	migrate_with_tactic_owner	Tactic
rr_succDegree_rootCountLeadRightZero_divXPrec_of_prec	rr_succDegree_rootCountLeadRightZero_divXStrictInterl_of_strict_interl	3	3	tactic_reference	migrate_with_tactic_owner	Tactic
rr_succDegree_rootCountLeadRightZero_divXPrec_of_prec_named	rr_succDegree_rootCountLeadRightZero_divXStrictInterl_of_strict_interl_named	1	1	tactic_reference	migrate_with_tactic_owner	Tactic
rr_succDegree_rootCountLeadRightZero_of_divXPrec	rr_succDegree_rootCountLeadRightZero_of_divXStrictInterl	3	3	tactic_reference	migrate_with_tactic_owner	Tactic
rr_succDegree_rootCountLeadRightZero_of_divXPrec_named	rr_succDegree_rootCountLeadRightZero_of_divXStrictInterl_named	1	1	tactic_reference	migrate_with_tactic_owner	Tactic
rr_succDegree_rootCountResidual_of_prec	rr_succDegree_rootCountResidual_of_strict_interl	3	3	tactic_reference	migrate_with_tactic_owner	Tactic
rr_succDegree_rootCountResidual_of_prec_named	rr_succDegree_rootCountResidual_of_strict_interl_named	1	1	tactic_reference	migrate_with_tactic_owner	Tactic
rr_sum_left_prec	rr_sum_left_strict_interl	3	2	tactic_reference	migrate_with_tactic_owner	Tactic
rr_sum_left_prec_named	rr_sum_left_strict_interl_named	1	1	tactic_reference	migrate_with_tactic_owner	Tactic
rr_sum_right_prec	rr_sum_right_strict_interl	3	2	tactic_reference	migrate_with_tactic_owner	Tactic
rr_sum_right_prec_named	rr_sum_right_strict_interl_named	1	1	tactic_reference	migrate_with_tactic_owner	Tactic
rr_sum_sequence_left_prec	rr_sum_sequence_left_strict_interl	4	3	tactic_reference	migrate_with_tactic_owner	Tactic
rr_sum_sequence_left_prec_named	rr_sum_sequence_left_strict_interl_named	1	1	tactic_reference	migrate_with_tactic_owner	Tactic
rr_sum_sequence_right_prec	rr_sum_sequence_right_strict_interl	5	4	tactic_reference	migrate_with_tactic_owner	Tactic
rr_sum_sequence_right_prec_named	rr_sum_sequence_right_strict_interl_named	1	1	tactic_reference	migrate_with_tactic_owner	Tactic
rr_TDeriv_prec	rr_TDeriv_strict_interl	3	2	tactic_reference	migrate_with_tactic_owner	Tactic
rr_TDeriv_prec_named	rr_TDeriv_strict_interl_named	1	1	tactic_reference	migrate_with_tactic_owner	Tactic
rr_TDeriv_sequence_prec	rr_TDeriv_sequence_strict_interl	4	3	tactic_reference	migrate_with_tactic_owner	Tactic
rr_TDeriv_sequence_prec_named	rr_TDeriv_sequence_strict_interl_named	1	1	tactic_reference	migrate_with_tactic_owner	Tactic
rr_thetaPlusOne_prec0	rr_thetaPlusOne_interl	3	2	tactic_reference	migrate_with_tactic_owner	Tactic
rr_thetaPlusOne_prec0_named	rr_thetaPlusOne_interl_named	1	1	tactic_reference	migrate_with_tactic_owner	Tactic
rr_thetaPlusOne_sequence_prec0	rr_thetaPlusOne_sequence_interl	4	3	tactic_reference	migrate_with_tactic_owner	Tactic
rr_thetaPlusOne_sequence_prec0_named	rr_thetaPlusOne_sequence_interl_named	1	1	tactic_reference	migrate_with_tactic_owner	Tactic
rr_veronese_pair_fin_prec	rr_veronese_pair_fin_strict_interl	3	2	tactic_reference	migrate_with_tactic_owner	Tactic
rr_veronese_pair_fin_prec0	rr_veronese_pair_fin_interl	3	2	tactic_reference	migrate_with_tactic_owner	Tactic
rr_veronese_pair_fin_prec0_named	rr_veronese_pair_fin_interl_named	1	1	tactic_reference	migrate_with_tactic_owner	Tactic
rr_veronese_pair_fin_prec_named	rr_veronese_pair_fin_strict_interl_named	1	1	tactic_reference	migrate_with_tactic_owner	Tactic
rr_veronese_pair_fin_sequence_prec	rr_veronese_pair_fin_sequence_strict_interl	4	3	tactic_reference	migrate_with_tactic_owner	Tactic
rr_veronese_pair_fin_sequence_prec0	rr_veronese_pair_fin_sequence_interl	4	3	tactic_reference	migrate_with_tactic_owner	Tactic
rr_veronese_pair_fin_sequence_prec0_named	rr_veronese_pair_fin_sequence_interl_named	1	1	tactic_reference	migrate_with_tactic_owner	Tactic
rr_veronese_pair_fin_sequence_prec_named	rr_veronese_pair_fin_sequence_strict_interl_named	1	1	tactic_reference	migrate_with_tactic_owner	Tactic
rr_veronese_pair_prec	rr_veronese_pair_strict_interl	3	2	tactic_reference	migrate_with_tactic_owner	Tactic
rr_veronese_pair_prec0	rr_veronese_pair_interl	3	2	tactic_reference	migrate_with_tactic_owner	Tactic
rr_veronese_pair_prec0_named	rr_veronese_pair_interl_named	1	1	tactic_reference	migrate_with_tactic_owner	Tactic
rr_veronese_pair_prec_named	rr_veronese_pair_strict_interl_named	1	1	tactic_reference	migrate_with_tactic_owner	Tactic
rr_veronese_pair_sequence_prec	rr_veronese_pair_sequence_strict_interl	5	4	tactic_reference	migrate_with_tactic_owner	Tactic
rr_veronese_pair_sequence_prec0	rr_veronese_pair_sequence_interl	4	3	tactic_reference	migrate_with_tactic_owner	Tactic
rr_veronese_pair_sequence_prec0_named	rr_veronese_pair_sequence_interl_named	1	1	tactic_reference	migrate_with_tactic_owner	Tactic
rr_veronese_pair_sequence_prec_named	rr_veronese_pair_sequence_strict_interl_named	1	1	tactic_reference	migrate_with_tactic_owner	Tactic
rr_veronese_section_prec	rr_veronese_section_strict_interl	3	2	tactic_reference	migrate_with_tactic_owner	Tactic
rr_veronese_section_prec0	rr_veronese_section_interl	3	2	tactic_reference	migrate_with_tactic_owner	Tactic
rr_veronese_section_prec0_named	rr_veronese_section_interl_named	1	1	tactic_reference	migrate_with_tactic_owner	Tactic
rr_veronese_section_prec_named	rr_veronese_section_strict_interl_named	1	1	tactic_reference	migrate_with_tactic_owner	Tactic
rr_veronese_section_sequence_prec	rr_veronese_section_sequence_strict_interl	4	3	tactic_reference	migrate_with_tactic_owner	Tactic
rr_veronese_section_sequence_prec0	rr_veronese_section_sequence_interl	4	3	tactic_reference	migrate_with_tactic_owner	Tactic
rr_veronese_section_sequence_prec0_named	rr_veronese_section_sequence_interl_named	1	1	tactic_reference	migrate_with_tactic_owner	Tactic
rr_veronese_section_sequence_prec_named	rr_veronese_section_sequence_strict_interl_named	1	1	tactic_reference	migrate_with_tactic_owner	Tactic
rr_weighted_compatible_left_prec	rr_weighted_compatible_left_strict_interl	3	2	tactic_reference	migrate_with_tactic_owner	Tactic
rr_weighted_compatible_left_prec_named	rr_weighted_compatible_left_strict_interl_named	1	1	tactic_reference	migrate_with_tactic_owner	Tactic
rr_weighted_compatible_left_sequence_prec	rr_weighted_compatible_left_sequence_strict_interl	3	2	tactic_reference	migrate_with_tactic_owner	Tactic
rr_weighted_compatible_left_sequence_prec_named	rr_weighted_compatible_left_sequence_strict_interl_named	1	1	tactic_reference	migrate_with_tactic_owner	Tactic
rr_weighted_sum_left_prec	rr_weighted_sum_left_strict_interl	3	2	tactic_reference	migrate_with_tactic_owner	Tactic
rr_weighted_sum_left_prec_named	rr_weighted_sum_left_strict_interl_named	1	1	tactic_reference	migrate_with_tactic_owner	Tactic
rr_weighted_sum_right_prec	rr_weighted_sum_right_strict_interl	3	2	tactic_reference	migrate_with_tactic_owner	Tactic
rr_weighted_sum_right_prec_named	rr_weighted_sum_right_strict_interl_named	1	1	tactic_reference	migrate_with_tactic_owner	Tactic
rr_weighted_sum_sequence_left_prec	rr_weighted_sum_sequence_left_strict_interl	5	4	tactic_reference	migrate_with_tactic_owner	Tactic
rr_weighted_sum_sequence_left_prec_named	rr_weighted_sum_sequence_left_strict_interl_named	1	1	tactic_reference	migrate_with_tactic_owner	Tactic
rr_weighted_sum_sequence_right_prec	rr_weighted_sum_sequence_right_strict_interl	4	3	tactic_reference	migrate_with_tactic_owner	Tactic
rr_weighted_sum_sequence_right_prec_named	rr_weighted_sum_sequence_right_strict_interl_named	1	1	tactic_reference	migrate_with_tactic_owner	Tactic
rrBasePrecAttr	rrBaseStrictInterlAttr	2	1	tactic_reference	migrate_with_tactic_owner	Tactic
sameDegreePair_divX_prec_backward_of_succDegree_of_coeff_zero	sameDegreePair_divX_strictInterl_backward_of_succDegree_of_coeff_zero	1	1	lean_declaration	manual_semantic_rename	DegreeDropDivXPrec.lean
sameDegreePair_divX_prec_forward_of_succDegree_of_coeff_zero	sameDegreePair_divX_strictInterl_forward_of_succDegree_of_coeff_zero	1	1	lean_declaration	manual_semantic_rename	DegreeDropDivXPrec.lean
sameDegreePair_divX_prec_iff_of_succDegree_of_coeff_zero	sameDegreePair_divX_strictInterl_iff_of_succDegree_of_coeff_zero	3	1	lean_declaration	manual_semantic_rename	DegreeDropDivXPrec.lean
sameDegreeRootCountOriented_of_prec	sameDegreeRootCountOriented_of_strictInterl	5	4	lean_declaration	manual_semantic_rename	CommonInterleaver,LiuOppositeSigns
schurPolyaWagnerHadamardPF_of_garloffWagner_nonnegPrec	schurPolyaWagnerHadamardPF_of_garloffWagner_nonnegStrictInterl	2	2	tactic_declaration	manual_alias_then_migrate	Hadamard,Tactic
schurSzegoComp_prec0_or_revPrec0	schurSzegoComp_interl_or_reverse	2	1	lean_declaration	manual_semantic_rename	FiniteFreeRootCount.lean
schurSzegoComp_prec_of_pred_coeff_pos	schurSzegoComp_strictInterl_of_pred_coeff_pos	2	1	lean_declaration	manual_semantic_rename	FiniteFreeRootCount.lean
schurSzegoComp_prec_of_reflect_pf_factor	schurSzegoComp_strictInterl_of_reflect_pf_factor	2	1	lean_declaration	manual_semantic_rename	FiniteFreeRootCount.lean
second_prec	second_strictInterl	7	3	tactic_reference	migrate_with_tactic_owner	Tactic
shiftedFiniteSupersymmetricCompositionRows_pf_and_prec0	shiftedFiniteSupersymmetricCompositionRows_pf_and_interl	4	1	lean_declaration	manual_semantic_rename	BrandenLeite
shiftedJacobi_prec_succ	shiftedJacobi_strictInterl_succ	3	2	lean_declaration	manual_semantic_rename	Jacobi.lean,Legendre
shiftedJacobiMonic_prec_alpha_add	shiftedJacobiMonic_strictInterl_alpha_add	4	2	lean_declaration	manual_semantic_rename	JacobiParameterInterlacing.lean,ParkingFunctions
shiftedJacobiMonic_prec_alpha_add_degree_one	shiftedJacobiMonic_strictInterl_alpha_add_degree_one	1	1	lean_declaration	manual_semantic_rename	JacobiParameterInterlacing.lean
shiftedJacobiMonic_prec_alpha_add_of_no_crossing	shiftedJacobiMonic_strictInterl_alpha_add_of_no_crossing	2	1	lean_declaration	manual_semantic_rename	JacobiParameterInterlacing.lean
shiftedJacobiMonic_prec_alpha_add_one	shiftedJacobiMonic_strictInterl_alpha_add_one	2	1	lean_declaration	manual_semantic_rename	JacobiParameterInterlacing.lean
shiftedJacobiMonic_prec_alpha_add_two	shiftedJacobiMonic_strictInterl_alpha_add_two	2	1	lean_declaration	manual_semantic_rename	JacobiParameterInterlacing.lean
shiftedJacobiMonic_prec_alpha_add_two_degree_pred	shiftedJacobiMonic_strictInterl_alpha_add_two_degree_pred	1	1	lean_declaration	manual_semantic_rename	JacobiParameterInterlacing.lean
shiftedJacobiMonic_prec_beta_add_one	shiftedJacobiMonic_strictInterl_beta_add_one	3	2	lean_declaration	manual_semantic_rename	JacobiParameterInterlacing.lean,ParkingFunctions
shiftedJacobiMonic_prec_succ	shiftedJacobiMonic_strictInterl_succ	6	2	lean_declaration	manual_semantic_rename	Jacobi.lean,JacobiParameterInterlacing.lean
shiftedJacobiMonic_prec_three_halves	shiftedJacobiMonic_strictInterl_three_halves	2	2	lean_declaration	manual_semantic_rename	JacobiParameterInterlacing.lean,ParkingFunctions
shiftedJacobiMonic_prec_three_halves_degree_three	shiftedJacobiMonic_strictInterl_three_halves_degree_three	1	1	lean_declaration	manual_semantic_rename	JacobiParameterInterlacing.lean
shiftedJacobiMonic_prec_three_halves_degree_two	shiftedJacobiMonic_strictInterl_three_halves_degree_two	1	1	lean_declaration	manual_semantic_rename	JacobiParameterInterlacing.lean
shiftedJacobiMonic_strictPrec_alpha_add_degree_one	shiftedJacobiMonic_strictInterlSameDegree_alpha_add_degree_one	2	1	lean_declaration	manual_semantic_rename	JacobiParameterInterlacing.lean
shiftedJacobiMonic_strictPrec_alpha_add_one	shiftedJacobiMonic_strictInterlSameDegree_alpha_add_one	2	1	lean_declaration	manual_semantic_rename	JacobiParameterInterlacing.lean
shiftedJacobiMonic_strictPrec_alpha_add_two	shiftedJacobiMonic_strictInterlSameDegree_alpha_add_two	3	1	lean_declaration	manual_semantic_rename	JacobiParameterInterlacing.lean
shiftedJacobiMonic_strictPrec_three_halves_degree_three	shiftedJacobiMonic_strictInterlSameDegree_three_halves_degree_three	2	1	lean_declaration	manual_semantic_rename	JacobiParameterInterlacing.lean
shiftedJacobiMonic_strictPrec_three_halves_degree_two	shiftedJacobiMonic_strictInterlSameDegree_three_halves_degree_two	2	1	lean_declaration	manual_semantic_rename	JacobiParameterInterlacing.lean
shiftedLegendreReal_comp_neg_X_prec_succ	shiftedLegendreReal_comp_neg_X_strictInterl_succ	2	1	lean_declaration	manual_semantic_rename	Legendre
shiftedLegendreReal_prec_succ	shiftedLegendreReal_strictInterl_succ	1	1	lean_declaration	manual_semantic_rename	Legendre
shiftedRationalRodRows_pf_and_prec0	shiftedRationalRodRows_pf_and_interl	2	2	lean_declaration	manual_semantic_rename	BrandenLeite
signedTriangleFamily_terminal_strictPrec_jPolynomial	signedTriangleFamily_terminal_strictInterlSameDegree_jPolynomial	2	1	lean_declaration	manual_semantic_rename	ParkingFunctions
smirnovDescentRefined_prec0	smirnovDescentRefined_interl	1	1	lean_declaration	manual_semantic_rename	BrandenVecchi
SourcePrec	SourceInterl	16	1	lean_declaration	manual_semantic_rename	HosterStumpInterlacing.lean
splits_add_of_prec0_of_nonneg	splits_add_of_interl_of_nonneg	2	1	lean_declaration	manual_semantic_rename	BrandenVecchi
staircaseSum_sequence_prec	staircaseSum_sequence_strictInterl	2	1	tactic_declaration	manual_alias_then_migrate	Tactic
strict_prec_same_degree	strict_interl_same_degree	7	2	tactic_reference	migrate_with_tactic_owner	Tactic
StrictPrecSameDegree	StrictInterlSameDegree	137	17	lean_declaration	manual_semantic_rename	Bezoutian,Bezoutian.lean,ClassicalHurwitzMatrix,HermiteBiehler,JacobiParameterInterlacing.lean,ParkingFunctions,Tactic,Wronskian
strictPrecSameDegree_iff_bezoutMatrix_posDef	strictInterlSameDegree_iff_bezoutMatrix_posDef	13	4	tactic_declaration	manual_alias_then_migrate	Bezoutian,JacobiParameterInterlacing.lean,Tactic,Wronskian
strictPrecSameDegree_toPrec	strictInterlSameDegree_toStrictInterl	1	1	deprecated_compatibility	use_canonical_then_rename_owner	Wronskian
strictPrecSameDegree_toStrictInterl	strictInterlSameDegree_toStrictInterl	3	1	lean_declaration	manual_semantic_rename	Wronskian
succDegreePairHasCommonInterleaver_nonneg_of_residual_bothNonzero_divX_prec	succDegreePairHasCommonInterleaver_nonneg_of_residual_bothNonzero_divX_strictInterl	2	2	tactic_declaration	manual_alias_then_migrate	CommonInterleaver,Tactic
succDegreePairHasCommonInterleaver_nonneg_of_residualPrec_bothNonzero_divX_prec	succDegreePairHasCommonInterleaver_nonneg_of_residualStrictInterl_bothNonzero_divX_strictInterl	2	2	tactic_declaration	manual_alias_then_migrate	CommonInterleaver,Tactic
succDegreeRootCount_of_prec	succDegreeRootCount_of_strictInterl	3	2	lean_declaration	manual_semantic_rename	CommonInterleaver
succDegreeRootCountAbove_of_prec	succDegreeRootCountAbove_of_strictInterl	5	3	lean_declaration	manual_semantic_rename	CommonInterleaver,LiuOppositeSigns
succDegreeRootCountAboveOriented_of_prec	succDegreeRootCountAboveOriented_of_strictInterl	3	2	lean_declaration	manual_semantic_rename	CommonInterleaver,LiuOppositeSigns
succDegreeRootCountLowerOriented_of_prec	succDegreeRootCountLowerOriented_of_strictInterl	4	3	lean_declaration	manual_semantic_rename	CommonInterleaver
sum_sequence_left_prec	sum_sequence_left_strictInterl	2	1	tactic_declaration	manual_alias_then_migrate	Tactic
sum_sequence_right_prec	sum_sequence_right_strictInterl	2	1	tactic_declaration	manual_alias_then_migrate	Tactic
TDeriv_sequence_prec	TDeriv_sequence_strictInterl	2	1	tactic_declaration	manual_alias_then_migrate	Tactic
ternaryRunPolynomial_prec	ternaryRunPolynomial_strictInterl	2	1	lean_declaration	manual_semantic_rename	Applications
theorem41_of_prec_step	theorem41_of_strictInterl_step	4	1	lean_declaration	manual_semantic_rename	GeneralizedSnakePosets
theorem41NonconstantStep_prec_of_claim7	theorem41NonconstantStep_strictInterl_of_claim7	3	1	lean_declaration	manual_semantic_rename	GeneralizedSnakePosets
theorem41NonconstantStep_prec_of_matrixClaim	theorem41NonconstantStep_strictInterl_of_matrixClaim	2	1	lean_declaration	manual_semantic_rename	GeneralizedSnakePosets
theorem41Step_difference_prec_of_matrixClaim	theorem41Step_difference_strictInterl_of_matrixClaim	2	1	lean_declaration	manual_semantic_rename	GeneralizedSnakePosets
theorem41Step_prec_of_claim7	theorem41Step_strictInterl_of_claim7	2	1	lean_declaration	manual_semantic_rename	GeneralizedSnakePosets
theorem41StepOne_prec_of_prec_nonneg	theorem41StepOne_strictInterl_of_strictInterl_nonneg	2	1	lean_declaration	manual_semantic_rename	GeneralizedSnakePosets
theorem41StepOne_prec_of_recurrence	theorem41StepOne_strictInterl_of_recurrence	3	1	lean_declaration	manual_semantic_rename	GeneralizedSnakePosets
thetaPlusOne_sequence_prec0	thetaPlusOne_sequence_interl	2	1	tactic_declaration	manual_alias_then_migrate	Tactic
thetaPlusOnePreservesPrec0	thetaPlusOnePreservesInterl	4	2	tactic_declaration	manual_alias_then_migrate	EulerOperator.lean,Tactic
thetaPlusOnePreservesPrec0_of_derivative	thetaPlusOnePreservesInterl_of_derivative	3	1	lean_declaration	manual_semantic_rename	EulerOperator.lean
thetaPlusOnePreservesPrec0Statement	thetaPlusOnePreservesInterlStatement	4	1	statement_scaffold	manual_semantic_rename	EulerOperator.lean
thetaPreservesPrec0	thetaPreservesInterl	1	1	lean_declaration	manual_semantic_rename	EulerOperator.lean
thetaPreservesPrec0_of_derivative	thetaPreservesInterl_of_derivative	2	1	lean_declaration	manual_semantic_rename	EulerOperator.lean
thetaPreservesPrec0Statement	thetaPreservesInterlStatement	3	1	statement_scaffold	manual_semantic_rename	EulerOperator.lean
to_prec	to_strictInterl	1	1	reference_or_local	migrate_with_declaration_owner	Bezoutian
toPrec	toStrictInterl	1	1	reference_or_local	migrate_with_declaration_owner	Basic
toPrec0	toInterl	1	1	reference_or_local	migrate_with_declaration_owner	Basic
toPrec_of_ne	toStrictInterl_of_ne	1	1	reference_or_local	migrate_with_declaration_owner	Basic
toricContribution_prec_of_lt	toricContribution_strictInterl_of_lt	2	1	lean_declaration	manual_semantic_rename	ParkingFunctions
transformed_prec	transformed_strictInterl	6	2	tactic_reference	migrate_with_tactic_owner	Tactic
twoKernelRows_pf_and_prec0	twoKernelRows_pf_and_interl	4	2	lean_declaration	manual_semantic_rename	BrandenLeite
weakPrec_liuWangRec_step	weakStrictInterl_liuWangRec_step	3	1	lean_declaration	manual_semantic_rename	LiuWangBenchmark.lean
weakQuadratic_not_prec0_self	weakQuadratic_not_interl_self	4	1	lean_declaration	manual_semantic_rename	HosterStumpInterlacing.lean
weakQuadratic_not_prec0_X_mul	weakQuadratic_not_interl_X_mul	2	1	lean_declaration	manual_semantic_rename	HosterStumpInterlacing.lean
weightedCompatibleLeft_sequence_prec	weightedCompatibleLeft_sequence_strictInterl	2	1	tactic_declaration	manual_alias_then_migrate	Tactic
weightedDecoEulerian_prec	weightedDecoEulerian_strictInterl	1	1	lean_declaration	manual_semantic_rename	Applications
weightedGreenKernel_markedShiftKernel_pf_and_prec0	weightedGreenKernel_markedShiftKernel_pf_and_interl	3	2	lean_declaration	manual_semantic_rename	BrandenLeite
weightedSum_sequence_left_prec	weightedSum_sequence_left_strictInterl	2	1	tactic_declaration	manual_alias_then_migrate	Tactic
weightedSum_sequence_right_prec	weightedSum_sequence_right_strictInterl	2	1	tactic_declaration	manual_alias_then_migrate	Tactic
wronskian_eval_nonneg_of_prec	wronskian_eval_nonneg_of_strictInterl	2	2	lean_declaration	manual_semantic_rename	MultivariateStability,Wronskian
wronskian_pos_of_prec_succ	wronskian_pos_of_strictInterl_succ	5	3	lean_declaration	manual_semantic_rename	ClassicalHurwitzMatrix,Wronskian
wronskian_pos_of_strictPrecSameDegree	wronskian_pos_of_strictInterlSameDegree	6	3	lean_declaration	manual_semantic_rename	ClassicalHurwitzMatrix,Wronskian
X_not_prec_xAddOne_xAddTwo	X_not_strictInterl_xAddOne_xAddTwo	2	1	lean_declaration	manual_semantic_rename	CommonInterleaverExamples.lean
xAddFiveHalves_prec_xAddOne	xAddFiveHalves_strictInterl_xAddOne	3	1	lean_declaration	manual_semantic_rename	CommonInterleaverExamples.lean
xAddFiveHalves_prec_xSq_add_fiveX_add_six	xAddFiveHalves_strictInterl_xSq_add_fiveX_add_six	3	1	lean_declaration	manual_semantic_rename	CommonInterleaverExamples.lean
xAddOne_xAddTwo_not_prec	xAddOne_xAddTwo_not_strictInterl	2	1	lean_declaration	manual_semantic_rename	CommonInterleaverExamples.lean
xAddOne_xSq_add_fiveX_add_six_not_prec	xAddOne_xSq_add_fiveX_add_six_not_strictInterl	3	1	lean_declaration	manual_semantic_rename	CommonInterleaverExamples.lean
xAddThreeHalves_prec_X	xAddThreeHalves_strictInterl_X	2	1	lean_declaration	manual_semantic_rename	CommonInterleaverExamples.lean
xAddThreeHalves_prec_xAddOne_xAddTwo	xAddThreeHalves_strictInterl_xAddOne_xAddTwo	2	1	lean_declaration	manual_semantic_rename	CommonInterleaverExamples.lean
xSub_splits_of_prec_of_nonneg	xSub_splits_of_strictInterl_of_nonneg	1	1	lean_declaration	manual_semantic_rename	LiuOppositeSigns
zero_mem_roots_of_prec_coeff_zero	zero_mem_roots_of_strictInterl_coeff_zero	2	1	lean_declaration	manual_semantic_rename	DegreeDropDivXPrec.lean
