identifier	occurrences	files	original_category	original_action	final_disposition	note
A144438_prec	1	1	lean_declaration	manual_semantic_rename	deprecated_api_compatibility	Retained dated compatibility identifier; canonical callers use Interl/StrictInterl terminology.
CompatibleSuccDegreePrecStatement	2	2	deprecated_compatibility	use_canonical_keep_wrapper	deprecated_api_compatibility	Retained dated compatibility identifier; canonical callers use Interl/StrictInterl terminology.
DegreeDropDivXPrec	6	6	reference_or_local	migrate_with_declaration_owner	module_path_compatibility	Legacy module/import path retained to avoid breaking imports.
Deprecated	82	66	lexical_false_positive	keep_unchanged	lexical_false_positive	Unrelated English or mathematical token; not an interlacing API name.
FullyInterlacingPairToPrec0Statement	1	1	statement_scaffold	manual_semantic_rename	deprecated_statement_compatibility	Deprecated statement alias retained; canonical statement and checked witness remain authoritative.
FullyInterlacingPairToPrecStatement	1	1	statement_scaffold	manual_semantic_rename	deprecated_statement_compatibility	Deprecated statement alias retained; canonical statement and checked witness remain authoritative.
HurwitzStableOddEvenToPrecStatement	1	1	statement_scaffold	manual_semantic_rename	deprecated_statement_compatibility	Deprecated statement alias retained; canonical statement and checked witness remain authoritative.
IsPreconnected	3	2	lexical_false_positive	keep_unchanged	lexical_false_positive	Unrelated English or mathematical token; not an interlacing API name.
LegacyNonnegPrecToFullyInterlacingPairStatement	1	1	statement_scaffold	manual_semantic_rename	deprecated_statement_compatibility	Deprecated statement alias retained; canonical statement and checked witness remain authoritative.
LegacyPfPrecToFullyInterlacingPairStatement	1	1	statement_scaffold	manual_semantic_rename	deprecated_statement_compatibility	Deprecated statement alias retained; canonical statement and checked witness remain authoritative.
LegacyPrecToFullyInterlacingPairStatement	1	1	statement_scaffold	manual_semantic_rename	deprecated_statement_compatibility	Deprecated statement alias retained; canonical statement and checked witness remain authoritative.
NonnegPrecToHurwitzOddEvenStatement	1	1	statement_scaffold	manual_semantic_rename	deprecated_statement_compatibility	Deprecated statement alias retained; canonical statement and checked witness remain authoritative.
NonnegPrecToReverseFullyInterlacingPairStatement	1	1	statement_scaffold	manual_semantic_rename	deprecated_statement_compatibility	Deprecated statement alias retained; canonical statement and checked witness remain authoritative.
PfPrecToHurwitzOddEvenStatement	1	1	statement_scaffold	manual_semantic_rename	deprecated_statement_compatibility	Deprecated statement alias retained; canonical statement and checked witness remain authoritative.
PfPrecToReverseFullyInterlacingPairStatement	1	1	statement_scaffold	manual_semantic_rename	deprecated_statement_compatibility	Deprecated statement alias retained; canonical statement and checked witness remain authoritative.
PosComboNoCommonSuccDegreeRootCountLeadRightZeroDivXPrecStatement	1	1	deprecated_compatibility	use_canonical_keep_wrapper	deprecated_api_compatibility	Retained dated compatibility identifier; canonical callers use Interl/StrictInterl terminology.
PosComboNoCommonSuccDegreeRootCountResidualPrecStatement	4	2	deprecated_compatibility	use_canonical_keep_wrapper	deprecated_api_compatibility	Retained dated compatibility identifier; canonical callers use Interl/StrictInterl terminology.
Prec	46	37	deprecated_compatibility	use_canonical_keep_wrapper	foundation_compatibility	Deprecated predicate alias retained at the foundational compatibility boundary.
Prec0	30	29	deprecated_compatibility	use_canonical_keep_wrapper	foundation_compatibility	Deprecated predicate alias retained at the foundational compatibility boundary.
PrecLeftShiftedSlotStatement	1	1	deprecated_compatibility	keep_deprecated_alias	deprecated_api_compatibility	Retained dated compatibility identifier; canonical callers use Interl/StrictInterl terminology.
PrecToReverseFullyInterlacingPairStatement	1	1	statement_scaffold	manual_semantic_rename	deprecated_statement_compatibility	Deprecated statement alias retained; canonical statement and checked witness remain authoritative.
Preceding	2	2	lexical_false_positive	keep_unchanged	lexical_false_positive	Unrelated English or mathematical token; not an interlacing API name.
Precomposition	1	1	lexical_false_positive	keep_unchanged	lexical_false_positive	Unrelated English or mathematical token; not an interlacing API name.
RRLookupLocalPrecedenceRel	5	1	new_compatibility_name	introduced_by_compatibility_batch	lexical_false_positive	Unrelated English or mathematical token; not an interlacing API name.
SourcePrec	3	1	deprecated_compatibility	use_canonical_keep_wrapper	deprecated_api_compatibility	Retained dated compatibility identifier; canonical callers use Interl/StrictInterl terminology.
StrictPrecSameDegree	26	5	deprecated_compatibility	use_canonical_keep_wrapper	deprecated_api_compatibility	Retained dated compatibility identifier; canonical callers use Interl/StrictInterl terminology.
TDeriv_sequence_prec	2	1	tactic_declaration	manual_alias_then_migrate	legacy_tactic_compatibility	Retained parser/declaration compatibility; canonical tactic surface uses interl/strict_interl names.
_hFullToPrec0	2	1	reference_or_local	migrate_with_declaration_owner	deprecated_api_compatibility	Retained dated compatibility identifier; canonical callers use Interl/StrictInterl terminology.
a116088Rows_pf_and_prec0	1	1	deprecated_compatibility	keep_deprecated_alias	deprecated_api_compatibility	Retained dated compatibility identifier; canonical callers use Interl/StrictInterl terminology.
a116089Rows_pf_and_prec0	1	1	deprecated_compatibility	keep_deprecated_alias	deprecated_api_compatibility	Retained dated compatibility identifier; canonical callers use Interl/StrictInterl terminology.
a144696Auxiliary_eval_mul_derivative_pos_of_prec	1	1	lean_declaration	manual_semantic_rename	deprecated_api_compatibility	Retained dated compatibility identifier; canonical callers use Interl/StrictInterl terminology.
a144696Auxiliary_interlaces_of_prec	1	1	lean_declaration	manual_semantic_rename	deprecated_api_compatibility	Retained dated compatibility identifier; canonical callers use Interl/StrictInterl terminology.
a144696BernsteinImage_horizontal_prec	1	1	lean_declaration	manual_semantic_rename	deprecated_api_compatibility	Retained dated compatibility identifier; canonical callers use Interl/StrictInterl terminology.
a144696BernsteinImage_prec	1	1	lean_declaration	manual_semantic_rename	deprecated_api_compatibility	Retained dated compatibility identifier; canonical callers use Interl/StrictInterl terminology.
a144696BernsteinImage_shifted_prec	1	1	lean_declaration	manual_semantic_rename	deprecated_api_compatibility	Retained dated compatibility identifier; canonical callers use Interl/StrictInterl terminology.
a144696BernsteinImage_vertical_prec	1	1	lean_declaration	manual_semantic_rename	deprecated_api_compatibility	Retained dated compatibility identifier; canonical callers use Interl/StrictInterl terminology.
a144696Polynomial_reciprocal_prec	1	1	lean_declaration	manual_semantic_rename	deprecated_api_compatibility	Retained dated compatibility identifier; canonical callers use Interl/StrictInterl terminology.
a206294Rows_pf_and_prec0	1	1	deprecated_compatibility	keep_deprecated_alias	deprecated_api_compatibility	Retained dated compatibility identifier; canonical callers use Interl/StrictInterl terminology.
a207327Rows_pf_and_prec0	1	1	deprecated_compatibility	keep_deprecated_alias	deprecated_api_compatibility	Retained dated compatibility identifier; canonical callers use Interl/StrictInterl terminology.
a358623Shifted_prec	1	1	tactic_declaration	manual_alias_then_migrate	legacy_tactic_compatibility	Retained parser/declaration compatibility; canonical tactic surface uses interl/strict_interl names.
a358623_activeOffset_prec	1	1	tactic_declaration	manual_alias_then_migrate	legacy_tactic_compatibility	Retained parser/declaration compatibility; canonical tactic surface uses interl/strict_interl names.
allComboRealRooted_of_prec	1	1	deprecated_compatibility	use_canonical_keep_wrapper	deprecated_api_compatibility	Retained dated compatibility identifier; canonical callers use Interl/StrictInterl terminology.
allComboRealRooted_of_prec_or_revPrec	1	1	deprecated_compatibility	use_canonical_keep_wrapper	deprecated_api_compatibility	Retained dated compatibility identifier; canonical callers use Interl/StrictInterl terminology.
all_prec	8	1	tactic_reference	migrate_with_tactic_owner	legacy_tactic_compatibility	Retained parser/declaration compatibility; canonical tactic surface uses interl/strict_interl names.
aswEdreiChowDerangement_prec0_succ	1	1	lean_declaration	manual_semantic_rename	deprecated_api_compatibility	Retained dated compatibility identifier; canonical callers use Interl/StrictInterl terminology.
aswEdreiChow_prec0_derangement	1	1	lean_declaration	manual_semantic_rename	deprecated_api_compatibility	Retained dated compatibility identifier; canonical callers use Interl/StrictInterl terminology.
aswEdreiChow_prec0_succ	1	1	lean_declaration	manual_semantic_rename	deprecated_api_compatibility	Retained dated compatibility identifier; canonical callers use Interl/StrictInterl terminology.
auxiliaryG_prec_succ_of_narayanaTwoModel	1	1	lean_declaration	manual_semantic_rename	deprecated_api_compatibility	Retained dated compatibility identifier; canonical callers use Interl/StrictInterl terminology.
bezout_sequence_prec_of_posDef	2	1	tactic_declaration	manual_alias_then_migrate	legacy_tactic_compatibility	Retained parser/declaration compatibility; canonical tactic surface uses interl/strict_interl names.
bidiagonalOperator_prec_of_affineSymbol_stable	1	1	deprecated_compatibility	keep_deprecated_alias	deprecated_api_compatibility	Retained dated compatibility identifier; canonical callers use Interl/StrictInterl terminology.
binomialCompositionRows_pf_and_prec0	1	1	deprecated_compatibility	keep_deprecated_alias	deprecated_api_compatibility	Retained dated compatibility identifier; canonical callers use Interl/StrictInterl terminology.
binomialShiftedRodRows_pf_and_prec0	1	1	deprecated_compatibility	keep_deprecated_alias	deprecated_api_compatibility	Retained dated compatibility identifier; canonical callers use Interl/StrictInterl terminology.
binomialSymbolChow_prec0_succ	1	1	lean_declaration	manual_semantic_rename	deprecated_api_compatibility	Retained dated compatibility identifier; canonical callers use Interl/StrictInterl terminology.
brandenBasisImage_adjacent_prec	1	1	deprecated_compatibility	keep_deprecated_alias	deprecated_api_compatibility	Retained dated compatibility identifier; canonical callers use Interl/StrictInterl terminology.
brandenBasisImage_endpoint_prec	1	1	deprecated_compatibility	keep_deprecated_alias	deprecated_api_compatibility	Retained dated compatibility identifier; canonical callers use Interl/StrictInterl terminology.
brandenBasisImage_first_prec	1	1	deprecated_compatibility	keep_deprecated_alias	deprecated_api_compatibility	Retained dated compatibility identifier; canonical callers use Interl/StrictInterl terminology.
brandenBasisImage_prec	1	1	deprecated_compatibility	keep_deprecated_alias	deprecated_api_compatibility	Retained dated compatibility identifier; canonical callers use Interl/StrictInterl terminology.
brandenBasisImage_zero_prec	1	1	deprecated_compatibility	keep_deprecated_alias	deprecated_api_compatibility	Retained dated compatibility identifier; canonical callers use Interl/StrictInterl terminology.
brandenBasisWeightedSum_prec	1	1	deprecated_compatibility	keep_deprecated_alias	deprecated_api_compatibility	Retained dated compatibility identifier; canonical callers use Interl/StrictInterl terminology.
brandenBasisWeightedSum_prec0	1	1	deprecated_compatibility	keep_deprecated_alias	deprecated_api_compatibility	Retained dated compatibility identifier; canonical callers use Interl/StrictInterl terminology.
brandenBasisWeightedSum_prec0_of_le	1	1	deprecated_compatibility	keep_deprecated_alias	deprecated_api_compatibility	Retained dated compatibility identifier; canonical callers use Interl/StrictInterl terminology.
brandenBasisWeightedSum_prec_of_le	1	1	deprecated_compatibility	keep_deprecated_alias	deprecated_api_compatibility	Retained dated compatibility identifier; canonical callers use Interl/StrictInterl terminology.
brandenEulerStep_prec	1	1	deprecated_compatibility	keep_deprecated_alias	deprecated_api_compatibility	Retained dated compatibility identifier; canonical callers use Interl/StrictInterl terminology.
brandenSolusTheorem26_forward_of_prec_a_p_top_degree	1	1	lean_declaration	manual_semantic_rename	deprecated_api_compatibility	Retained dated compatibility identifier; canonical callers use Interl/StrictInterl terminology.
brandenSolusTheorem26_forward_of_prec_b_a	1	1	lean_declaration	manual_semantic_rename	deprecated_api_compatibility	Retained dated compatibility identifier; canonical callers use Interl/StrictInterl terminology.
brandenSolusTheorem26_last_equiv_of_precFPolynomialTransport	1	1	deprecated_compatibility	keep_deprecated_alias	deprecated_api_compatibility	Retained dated compatibility identifier; canonical callers use Interl/StrictInterl terminology.
chowDerangement_prec0_succ_of_isTotallyNonneg	1	1	lean_declaration	manual_semantic_rename	deprecated_api_compatibility	Retained dated compatibility identifier; canonical callers use Interl/StrictInterl terminology.
chowDerangement_prec_succ_of_isTotallyNonneg_of_ne	1	1	lean_declaration	manual_semantic_rename	deprecated_api_compatibility	Retained dated compatibility identifier; canonical callers use Interl/StrictInterl terminology.
chowPolynomial_prec0_chowDerangement_of_isTotallyNonneg	1	1	lean_declaration	manual_semantic_rename	deprecated_api_compatibility	Retained dated compatibility identifier; canonical callers use Interl/StrictInterl terminology.
chowPolynomial_prec0_succ_of_isTotallyNonneg	1	1	lean_declaration	manual_semantic_rename	deprecated_api_compatibility	Retained dated compatibility identifier; canonical callers use Interl/StrictInterl terminology.
chowPolynomial_prec_chowDerangement_of_isTotallyNonneg_of_ne	1	1	lean_declaration	manual_semantic_rename	deprecated_api_compatibility	Retained dated compatibility identifier; canonical callers use Interl/StrictInterl terminology.
chowPolynomial_prec_succ_of_isTotallyNonneg_of_ne	1	1	lean_declaration	manual_semantic_rename	deprecated_api_compatibility	Retained dated compatibility identifier; canonical callers use Interl/StrictInterl terminology.
chowPolynomial_resolvingRowCombination_endpoint_prec0	1	1	lean_declaration	manual_semantic_rename	deprecated_api_compatibility	Retained dated compatibility identifier; canonical callers use Interl/StrictInterl terminology.
chowPolynomial_resolvingRowCombination_endpoint_prec_of_ne	1	1	lean_declaration	manual_semantic_rename	deprecated_api_compatibility	Retained dated compatibility identifier; canonical callers use Interl/StrictInterl terminology.
chowRowTransform_prec0_of_lt	1	1	lean_declaration	manual_semantic_rename	deprecated_api_compatibility	Retained dated compatibility identifier; canonical callers use Interl/StrictInterl terminology.
chowS_nonnegCoeffs_and_prec	1	1	reference_or_local	migrate_with_declaration_owner	deprecated_api_compatibility	Retained dated compatibility identifier; canonical callers use Interl/StrictInterl terminology.
chowS_nonnegCoeffs_and_prec0	1	1	reference_or_local	migrate_with_declaration_owner	deprecated_api_compatibility	Retained dated compatibility identifier; canonical callers use Interl/StrictInterl terminology.
chowS_nonnegCoeffs_and_prec0_self_reflect	1	1	reference_or_local	migrate_with_declaration_owner	deprecated_api_compatibility	Retained dated compatibility identifier; canonical callers use Interl/StrictInterl terminology.
chowS_nonnegCoeffs_and_prec_of_triple	1	1	lean_declaration	manual_semantic_rename	deprecated_api_compatibility	Retained dated compatibility identifier; canonical callers use Interl/StrictInterl terminology.
chowS_prec0	1	1	reference_or_local	migrate_with_declaration_owner	deprecated_api_compatibility	Retained dated compatibility identifier; canonical callers use Interl/StrictInterl terminology.
coeff_zero_ne_of_prec_rotatedParts	1	1	deprecated_compatibility	keep_deprecated_alias	deprecated_api_compatibility	Retained dated compatibility identifier; canonical callers use Interl/StrictInterl terminology.
commonLeftInterleaverShiftedSlot_of_precLeft	1	1	deprecated_compatibility	keep_deprecated_alias	deprecated_api_compatibility	Retained dated compatibility identifier; canonical callers use Interl/StrictInterl terminology.
compatibleSuccDegreeEndpointSignLowerCountEq_of_prec	1	1	deprecated_compatibility	use_canonical_keep_wrapper	deprecated_api_compatibility	Retained dated compatibility identifier; canonical callers use Interl/StrictInterl terminology.
compatibleSuccDegreePrec_of_allCombo	1	1	deprecated_compatibility	use_canonical_keep_wrapper	deprecated_api_compatibility	Retained dated compatibility identifier; canonical callers use Interl/StrictInterl terminology.
compatibleSuccDegreePrec_of_allComboBridge	1	1	deprecated_compatibility	use_canonical_keep_wrapper	deprecated_api_compatibility	Retained dated compatibility identifier; canonical callers use Interl/StrictInterl terminology.
compatibleSuccDegreePrec_of_negativeRightFamily	1	1	deprecated_compatibility	use_canonical_keep_wrapper	deprecated_api_compatibility	Retained dated compatibility identifier; canonical callers use Interl/StrictInterl terminology.
compatibleSuccDegreePrec_of_negativeRightFamily_nonnegShift	1	1	deprecated_compatibility	use_canonical_keep_wrapper	deprecated_api_compatibility	Retained dated compatibility identifier; canonical callers use Interl/StrictInterl terminology.
compatibleSuccDegreePrec_of_noCommonOrientation	1	1	deprecated_compatibility	use_canonical_keep_wrapper	deprecated_api_compatibility	Retained dated compatibility identifier; canonical callers use Interl/StrictInterl terminology.
compatibleSuccDegreePrec_of_signedRightFamily	1	1	deprecated_compatibility	use_canonical_keep_wrapper	deprecated_api_compatibility	Retained dated compatibility identifier; canonical callers use Interl/StrictInterl terminology.
compositionRows_mk_pf_and_prec0_of_zero	1	1	deprecated_compatibility	keep_deprecated_alias	deprecated_api_compatibility	Retained dated compatibility identifier; canonical callers use Interl/StrictInterl terminology.
compositionRows_positivePartSeries_pf_and_prec0	1	1	deprecated_compatibility	keep_deprecated_alias	deprecated_api_compatibility	Retained dated compatibility identifier; canonical callers use Interl/StrictInterl terminology.
consecutive_signedTriangleFamily_prec	1	1	lean_declaration	manual_semantic_rename	deprecated_api_compatibility	Retained dated compatibility identifier; canonical callers use Interl/StrictInterl terminology.
consecutive_signedTriangleFamily_strictPrec	1	1	deprecated_compatibility	use_canonical_keep_wrapper	deprecated_api_compatibility	Retained dated compatibility identifier; canonical callers use Interl/StrictInterl terminology.
darbouxOperator_shift_prec	1	1	lean_declaration	manual_semantic_rename	deprecated_api_compatibility	Retained dated compatibility identifier; canonical callers use Interl/StrictInterl terminology.
decoEulerian_prec	1	1	lean_declaration	manual_semantic_rename	deprecated_api_compatibility	Retained dated compatibility identifier; canonical callers use Interl/StrictInterl terminology.
decoEulerian_prec_and_noCommonRoot	1	1	lean_declaration	manual_semantic_rename	deprecated_api_compatibility	Retained dated compatibility identifier; canonical callers use Interl/StrictInterl terminology.
decoLayerTotalTwoPrecursor	5	1	lexical_false_positive	keep_unchanged	lexical_false_positive	Unrelated English or mathematical token; not an interlacing API name.
decoLayerTotalTwoPrecursor_mvRealStable	2	1	lexical_false_positive	keep_unchanged	lexical_false_positive	Unrelated English or mathematical token; not an interlacing API name.
decoratedCycleEulerian_prec	1	1	lean_declaration	manual_semantic_rename	deprecated_api_compatibility	Retained dated compatibility identifier; canonical callers use Interl/StrictInterl terminology.
deprecated	1081	254	lexical_false_positive	keep_unchanged	lexical_false_positive	Unrelated English or mathematical token; not an interlacing API name.
derivativePreservesPrec0	1	1	deprecated_compatibility	use_canonical_keep_wrapper	deprecated_api_compatibility	Retained dated compatibility identifier; canonical callers use Interl/StrictInterl terminology.
derivativePreservesPrec0Statement	1	1	deprecated_compatibility	use_canonical_keep_wrapper	deprecated_api_compatibility	Retained dated compatibility identifier; canonical callers use Interl/StrictInterl terminology.
derivativePreservesPrec0_of_sameDegree	1	1	deprecated_compatibility	use_canonical_keep_wrapper	deprecated_api_compatibility	Retained dated compatibility identifier; canonical callers use Interl/StrictInterl terminology.
derivativePreservesPrecSameDegree	1	1	deprecated_compatibility	use_canonical_keep_wrapper	deprecated_api_compatibility	Retained dated compatibility identifier; canonical callers use Interl/StrictInterl terminology.
derivativePreservesPrecSameDegreeOfTwoLeNatDegreeMonic	1	1	deprecated_compatibility	use_canonical_keep_wrapper	deprecated_api_compatibility	Retained dated compatibility identifier; canonical callers use Interl/StrictInterl terminology.
derivativePreservesPrecSameDegreeOfTwoLeNatDegreeMonicPrecStatement	1	1	deprecated_compatibility	use_canonical_keep_wrapper	deprecated_api_compatibility	Retained dated compatibility identifier; canonical callers use Interl/StrictInterl terminology.
derivativePreservesPrecSameDegreeOfTwoLeNatDegreeMonicStatement	1	1	deprecated_compatibility	use_canonical_keep_wrapper	deprecated_api_compatibility	Retained dated compatibility identifier; canonical callers use Interl/StrictInterl terminology.
derivativePreservesPrecSameDegreeOfTwoLeNatDegreePosLeadingStatement	1	1	deprecated_compatibility	use_canonical_keep_wrapper	deprecated_api_compatibility	Retained dated compatibility identifier; canonical callers use Interl/StrictInterl terminology.
derivativePreservesPrecSameDegreeOfTwoLeNatDegreeStatement	1	1	deprecated_compatibility	use_canonical_keep_wrapper	deprecated_api_compatibility	Retained dated compatibility identifier; canonical callers use Interl/StrictInterl terminology.
derivativePreservesPrecSameDegreeStatement	1	1	deprecated_compatibility	use_canonical_keep_wrapper	deprecated_api_compatibility	Retained dated compatibility identifier; canonical callers use Interl/StrictInterl terminology.
derivativePreservesPrecSameDegree_monicPrec_of_monic	1	1	deprecated_compatibility	use_canonical_keep_wrapper	deprecated_api_compatibility	Retained dated compatibility identifier; canonical callers use Interl/StrictInterl terminology.
derivativePreservesPrecSameDegree_of_monic	1	1	deprecated_compatibility	use_canonical_keep_wrapper	deprecated_api_compatibility	Retained dated compatibility identifier; canonical callers use Interl/StrictInterl terminology.
derivativePreservesPrecSameDegree_of_monicPrec	1	1	deprecated_compatibility	use_canonical_keep_wrapper	deprecated_api_compatibility	Retained dated compatibility identifier; canonical callers use Interl/StrictInterl terminology.
derivativePreservesPrecSameDegree_of_posLeading	1	1	deprecated_compatibility	use_canonical_keep_wrapper	deprecated_api_compatibility	Retained dated compatibility identifier; canonical callers use Interl/StrictInterl terminology.
derivativePreservesPrecSameDegree_of_two_le_natDegree	1	1	deprecated_compatibility	use_canonical_keep_wrapper	deprecated_api_compatibility	Retained dated compatibility identifier; canonical callers use Interl/StrictInterl terminology.
derivative_common_factor_quotient_prec	1	1	deprecated_compatibility	keep_deprecated_alias	deprecated_api_compatibility	Retained dated compatibility identifier; canonical callers use Interl/StrictInterl terminology.
derivative_prec	3	1	tactic_declaration	manual_alias_then_migrate	legacy_tactic_compatibility	Retained parser/declaration compatibility; canonical tactic surface uses interl/strict_interl names.
derivative_prec0_of_prec	2	1	deprecated_compatibility	use_canonical_keep_wrapper	deprecated_api_compatibility	Retained dated compatibility identifier; canonical callers use Interl/StrictInterl terminology.
derivative_prec0_of_prec0	2	1	deprecated_compatibility	use_canonical_keep_wrapper	deprecated_api_compatibility	Retained dated compatibility identifier; canonical callers use Interl/StrictInterl terminology.
derivative_prec0_of_prec_sameDegree	2	1	deprecated_compatibility	use_canonical_keep_wrapper	deprecated_api_compatibility	Retained dated compatibility identifier; canonical callers use Interl/StrictInterl terminology.
derivative_prec0_of_prec_succDegree	1	1	deprecated_compatibility	use_canonical_keep_wrapper	deprecated_api_compatibility	Retained dated compatibility identifier; canonical callers use Interl/StrictInterl terminology.
derivative_prec0_or_revPrec0_of_prec_sameDegree	1	1	deprecated_compatibility	use_canonical_keep_wrapper	deprecated_api_compatibility	Retained dated compatibility identifier; canonical callers use Interl/StrictInterl terminology.
derivative_prec0_self	1	1	deprecated_compatibility	keep_deprecated_alias	deprecated_api_compatibility	Retained dated compatibility identifier; canonical callers use Interl/StrictInterl terminology.
derivative_prec_TDeriv_of_natDegree_one	1	1	deprecated_compatibility	keep_deprecated_alias	deprecated_api_compatibility	Retained dated compatibility identifier; canonical callers use Interl/StrictInterl terminology.
derivative_prec_TDeriv_of_nonpos_of_common_factor	1	1	deprecated_compatibility	keep_deprecated_alias	deprecated_api_compatibility	Retained dated compatibility identifier; canonical callers use Interl/StrictInterl terminology.
derivative_prec_TDeriv_of_nonpos_of_common_factor_no_common	1	1	deprecated_compatibility	keep_deprecated_alias	deprecated_api_compatibility	Retained dated compatibility identifier; canonical callers use Interl/StrictInterl terminology.
derivative_prec_TDeriv_of_nonpos_of_coprime	1	1	deprecated_compatibility	keep_deprecated_alias	deprecated_api_compatibility	Retained dated compatibility identifier; canonical callers use Interl/StrictInterl terminology.
derivative_prec_TDeriv_of_nonpos_of_hasSimpleRootsExcept_zero	1	1	deprecated_compatibility	keep_deprecated_alias	deprecated_api_compatibility	Retained dated compatibility identifier; canonical callers use Interl/StrictInterl terminology.
derivative_prec_TDeriv_of_nonpos_of_pow_X_sub_C_factor_hasSimpleRoots	1	1	deprecated_compatibility	keep_deprecated_alias	deprecated_api_compatibility	Retained dated compatibility identifier; canonical callers use Interl/StrictInterl terminology.
derivative_prec_TDeriv_of_nonpos_of_pow_X_sub_C_factor_no_common	1	1	deprecated_compatibility	keep_deprecated_alias	deprecated_api_compatibility	Retained dated compatibility identifier; canonical callers use Interl/StrictInterl terminology.
derivative_prec_TDeriv_of_nonpos_of_rootMultiplicity_factor_hasSimpleRoots	1	1	deprecated_compatibility	keep_deprecated_alias	deprecated_api_compatibility	Retained dated compatibility identifier; canonical callers use Interl/StrictInterl terminology.
derivative_prec_TDeriv_of_nonpos_of_rootMultiplicity_factor_hasSimpleRootsExcept	1	1	deprecated_compatibility	keep_deprecated_alias	deprecated_api_compatibility	Retained dated compatibility identifier; canonical callers use Interl/StrictInterl terminology.
derivative_prec_TDeriv_of_splits	1	1	deprecated_compatibility	keep_deprecated_alias	deprecated_api_compatibility	Retained dated compatibility identifier; canonical callers use Interl/StrictInterl terminology.
derivative_prec_of_prec_sameDegree	2	1	deprecated_compatibility	use_canonical_keep_wrapper	deprecated_api_compatibility	Retained dated compatibility identifier; canonical callers use Interl/StrictInterl terminology.
derivative_prec_of_prec_succDegree	1	1	deprecated_compatibility	use_canonical_keep_wrapper	deprecated_api_compatibility	Retained dated compatibility identifier; canonical callers use Interl/StrictInterl terminology.
derivative_roots_sum_le_of_prec_sameDegree_monic	1	1	deprecated_compatibility	use_canonical_keep_wrapper	deprecated_api_compatibility	Retained dated compatibility identifier; canonical callers use Interl/StrictInterl terminology.
derivative_sequence_prec	2	1	tactic_declaration	manual_alias_then_migrate	legacy_tactic_compatibility	Retained parser/declaration compatibility; canonical tactic surface uses interl/strict_interl names.
diagonal_admissibleCodePolynomial_prec	1	1	lean_declaration	manual_semantic_rename	deprecated_api_compatibility	Retained dated compatibility identifier; canonical callers use Interl/StrictInterl terminology.
diagonal_normalizedFiberPolynomial_prec	1	1	lean_declaration	manual_semantic_rename	deprecated_api_compatibility	Retained dated compatibility identifier; canonical callers use Interl/StrictInterl terminology.
divX_realRooted_of_prec_coeff_zero	1	1	deprecated_compatibility	keep_deprecated_alias	deprecated_api_compatibility	Retained dated compatibility identifier; canonical callers use Interl/StrictInterl terminology.
divX_roots_nonpos_of_prec_hasNonnegCoeffs	1	1	deprecated_compatibility	keep_deprecated_alias	deprecated_api_compatibility	Retained dated compatibility identifier; canonical callers use Interl/StrictInterl terminology.
eqOn_zero_of_preconnected_of_frequently_eq_zero	1	1	lexical_false_positive	keep_unchanged	lexical_false_positive	Unrelated English or mathematical token; not an interlacing API name.
eq_of_prec_sameDegree_of_leadingCoeff_eq_of_roots_sum_eq	1	1	deprecated_compatibility	use_canonical_keep_wrapper	deprecated_api_compatibility	Retained dated compatibility identifier; canonical callers use Interl/StrictInterl terminology.
eulerBidiagonalStepWithConstant_prec	1	1	deprecated_compatibility	keep_deprecated_alias	deprecated_api_compatibility	Retained dated compatibility identifier; canonical callers use Interl/StrictInterl terminology.
eulerBidiagonalStep_prec	1	1	deprecated_compatibility	keep_deprecated_alias	deprecated_api_compatibility	Retained dated compatibility identifier; canonical callers use Interl/StrictInterl terminology.
eulerInsertionStep_derivative_prec_zeroStep	1	1	lean_declaration	manual_semantic_rename	deprecated_api_compatibility	Retained dated compatibility identifier; canonical callers use Interl/StrictInterl terminology.
eulerInsertionStep_one_prec	1	1	lean_declaration	manual_semantic_rename	deprecated_api_compatibility	Retained dated compatibility identifier; canonical callers use Interl/StrictInterl terminology.
eval_add_mul_eval_left_nonneg_of_prec_right	1	1	deprecated_compatibility	keep_deprecated_alias	deprecated_api_compatibility	Retained dated compatibility identifier; canonical callers use Interl/StrictInterl terminology.
eval_add_mul_eval_right_nonneg_of_prec_right	1	1	deprecated_compatibility	keep_deprecated_alias	deprecated_api_compatibility	Retained dated compatibility identifier; canonical callers use Interl/StrictInterl terminology.
eval_cross_le_of_prec_sameDegree_of_nonneg	1	1	lean_declaration	manual_semantic_rename	deprecated_api_compatibility	Retained dated compatibility identifier; canonical callers use Interl/StrictInterl terminology.
eval_mul_derivative_neg_of_prec_left_root_of_isCoprime	1	1	deprecated_compatibility	use_canonical_keep_wrapper	deprecated_api_compatibility	Retained dated compatibility identifier; canonical callers use Interl/StrictInterl terminology.
eval_mul_derivative_neg_of_prec_left_root_of_no_common	1	1	deprecated_compatibility	use_canonical_keep_wrapper	deprecated_api_compatibility	Retained dated compatibility identifier; canonical callers use Interl/StrictInterl terminology.
eval_mul_derivative_nonneg_of_prec_right_root	1	1	deprecated_compatibility	use_canonical_keep_wrapper	deprecated_api_compatibility	Retained dated compatibility identifier; canonical callers use Interl/StrictInterl terminology.
eval_mul_derivative_nonpos_of_prec_left_root	1	1	deprecated_compatibility	use_canonical_keep_wrapper	deprecated_api_compatibility	Retained dated compatibility identifier; canonical callers use Interl/StrictInterl terminology.
eval_mul_derivative_pos_of_prec_right_root_of_isCoprime	1	1	deprecated_compatibility	use_canonical_keep_wrapper	deprecated_api_compatibility	Retained dated compatibility identifier; canonical callers use Interl/StrictInterl terminology.
eval_mul_derivative_pos_of_prec_right_root_of_no_common	1	1	deprecated_compatibility	use_canonical_keep_wrapper	deprecated_api_compatibility	Retained dated compatibility identifier; canonical callers use Interl/StrictInterl terminology.
eval_mul_eval_neg_of_prec_sandwich_of_isCoprime	1	1	deprecated_compatibility	use_canonical_keep_wrapper	deprecated_api_compatibility	Retained dated compatibility identifier; canonical callers use Interl/StrictInterl terminology.
eval_mul_eval_neg_of_prec_sandwich_of_no_common	1	1	deprecated_compatibility	use_canonical_keep_wrapper	deprecated_api_compatibility	Retained dated compatibility identifier; canonical callers use Interl/StrictInterl terminology.
eval_mul_eval_nonneg_of_prec_right	1	1	deprecated_compatibility	keep_deprecated_alias	deprecated_api_compatibility	Retained dated compatibility identifier; canonical callers use Interl/StrictInterl terminology.
eval_mul_eval_nonpos_of_prec_sandwich	1	1	deprecated_compatibility	use_canonical_keep_wrapper	deprecated_api_compatibility	Retained dated compatibility identifier; canonical callers use Interl/StrictInterl terminology.
exceptionalEulerInverse_prec	1	1	lean_declaration	manual_semantic_rename	deprecated_api_compatibility	Retained dated compatibility identifier; canonical callers use Interl/StrictInterl terminology.
exceptionalEulerInverse_upper_prec_lower	1	1	lean_declaration	manual_semantic_rename	deprecated_api_compatibility	Retained dated compatibility identifier; canonical callers use Interl/StrictInterl terminology.
exists_precLeft_factor_of_right_isRoot	1	1	deprecated_compatibility	keep_deprecated_alias	deprecated_api_compatibility	Retained dated compatibility identifier; canonical callers use Interl/StrictInterl terminology.
exists_precResidual_factor_of_right_rootMultiplicity	1	1	deprecated_compatibility	keep_deprecated_alias	deprecated_api_compatibility	Retained dated compatibility identifier; canonical callers use Interl/StrictInterl terminology.
exists_rightmost_factor_interlaces_of_prec_sameDegree	1	1	deprecated_compatibility	keep_deprecated_alias	deprecated_api_compatibility	Retained dated compatibility identifier; canonical callers use Interl/StrictInterl terminology.
finiteSignedWordEnumerator_prec0_succ	1	1	lean_declaration	manual_semantic_rename	deprecated_api_compatibility	Retained dated compatibility identifier; canonical callers use Interl/StrictInterl terminology.
finiteSupersymmetricChowDerangement_prec0_succ	1	1	lean_declaration	manual_semantic_rename	deprecated_api_compatibility	Retained dated compatibility identifier; canonical callers use Interl/StrictInterl terminology.
finiteSupersymmetricChow_prec0_derangement	1	1	lean_declaration	manual_semantic_rename	deprecated_api_compatibility	Retained dated compatibility identifier; canonical callers use Interl/StrictInterl terminology.
finiteSupersymmetricChow_prec0_succ	1	1	lean_declaration	manual_semantic_rename	deprecated_api_compatibility	Retained dated compatibility identifier; canonical callers use Interl/StrictInterl terminology.
finiteToeplitz_kernelRows_pf_and_prec0	1	1	deprecated_compatibility	keep_deprecated_alias	deprecated_api_compatibility	Retained dated compatibility identifier; canonical callers use Interl/StrictInterl terminology.
first_prec	4	1	tactic_reference	migrate_with_tactic_owner	legacy_tactic_compatibility	Retained parser/declaration compatibility; canonical tactic surface uses interl/strict_interl names.
forall_isRoot_im_neg_of_isPreconnected	2	2	lexical_false_positive	keep_unchanged	lexical_false_positive	Unrelated English or mathematical token; not an interlacing API name.
forall_isRoot_mem_of_isPreconnected	3	2	lexical_false_positive	keep_unchanged	lexical_false_positive	Unrelated English or mathematical token; not an interlacing API name.
full_to_prec	12	1	tactic_reference	migrate_with_tactic_owner	legacy_tactic_compatibility	Retained parser/declaration compatibility; canonical tactic surface uses interl/strict_interl names.
full_to_prec0	12	1	tactic_reference	migrate_with_tactic_owner	legacy_tactic_compatibility	Retained parser/declaration compatibility; canonical tactic surface uses interl/strict_interl names.
fullyInterlacingPairInterlace_of_oddEvenStableToPrec	1	1	lean_declaration	manual_semantic_rename	deprecated_api_compatibility	Retained dated compatibility identifier; canonical callers use Interl/StrictInterl terminology.
fullyInterlacingPairToPrec0_of_forwardASW_interlace	1	1	lean_declaration	manual_semantic_rename	deprecated_api_compatibility	Retained dated compatibility identifier; canonical callers use Interl/StrictInterl terminology.
gammaOperator_prec0_or_revPrec0	1	1	deprecated_compatibility	keep_deprecated_alias	deprecated_api_compatibility	Retained dated compatibility identifier; canonical callers use Interl/StrictInterl terminology.
gammaSymbol_even_prec	1	1	deprecated_compatibility	keep_deprecated_alias	deprecated_api_compatibility	Retained dated compatibility identifier; canonical callers use Interl/StrictInterl terminology.
gammaSymbol_odd_prec	1	1	deprecated_compatibility	keep_deprecated_alias	deprecated_api_compatibility	Retained dated compatibility identifier; canonical callers use Interl/StrictInterl terminology.
gammaU_prec_gammaV	1	1	deprecated_compatibility	keep_deprecated_alias	deprecated_api_compatibility	Retained dated compatibility identifier; canonical callers use Interl/StrictInterl terminology.
garloffWagnerHadamardNonnegPrec	1	1	deprecated_compatibility	keep_deprecated_alias	deprecated_api_compatibility	Retained dated compatibility identifier; canonical callers use Interl/StrictInterl terminology.
garloffWagnerHadamardNonnegPrec_of_oddEven	1	1	deprecated_compatibility	keep_deprecated_alias	deprecated_api_compatibility	Retained dated compatibility identifier; canonical callers use Interl/StrictInterl terminology.
garloffWagnerHadamardNonnegRealRooted_of_nonnegPrec	1	1	deprecated_compatibility	keep_deprecated_alias	deprecated_api_compatibility	Retained dated compatibility identifier; canonical callers use Interl/StrictInterl terminology.
garloffWagnerHadamardPFPrec0Statement	1	1	deprecated_compatibility	keep_deprecated_alias	deprecated_api_compatibility	Retained dated compatibility identifier; canonical callers use Interl/StrictInterl terminology.
garloffWagnerHadamardPFPrec0_of_nonnegPrec	1	1	deprecated_compatibility	keep_deprecated_alias	deprecated_api_compatibility	Retained dated compatibility identifier; canonical callers use Interl/StrictInterl terminology.
garloffWagnerHadamardPFPrec0_of_prec	1	1	deprecated_compatibility	keep_deprecated_alias	deprecated_api_compatibility	Retained dated compatibility identifier; canonical callers use Interl/StrictInterl terminology.
garloffWagnerHadamardPFPrecStatement	1	1	deprecated_compatibility	keep_deprecated_alias	deprecated_api_compatibility	Retained dated compatibility identifier; canonical callers use Interl/StrictInterl terminology.
garloffWagnerHadamardPFPrec_of_nonnegPrec	1	1	deprecated_compatibility	keep_deprecated_alias	deprecated_api_compatibility	Retained dated compatibility identifier; canonical callers use Interl/StrictInterl terminology.
generalizedLaguerre_prec_succ	1	1	lean_declaration	manual_semantic_rename	deprecated_api_compatibility	Retained dated compatibility identifier; canonical callers use Interl/StrictInterl terminology.
gwHadamardProductNonnegPrec	1	1	deprecated_compatibility	keep_deprecated_alias	deprecated_api_compatibility	Retained dated compatibility identifier; canonical callers use Interl/StrictInterl terminology.
gwHadamardProductPrec0	1	1	deprecated_compatibility	keep_deprecated_alias	deprecated_api_compatibility	Retained dated compatibility identifier; canonical callers use Interl/StrictInterl terminology.
gwHadamardProductPrec0_left	1	1	deprecated_compatibility	keep_deprecated_alias	deprecated_api_compatibility	Retained dated compatibility identifier; canonical callers use Interl/StrictInterl terminology.
gwHadamardProductPrec0_of_prec	1	1	deprecated_compatibility	keep_deprecated_alias	deprecated_api_compatibility	Retained dated compatibility identifier; canonical callers use Interl/StrictInterl terminology.
gwHadamardProduct_prec0	1	1	deprecated_compatibility	keep_deprecated_alias	deprecated_api_compatibility	Retained dated compatibility identifier; canonical callers use Interl/StrictInterl terminology.
gwHadamardProduct_prec0_of_doubleDeleted	1	1	deprecated_compatibility	keep_deprecated_alias	deprecated_api_compatibility	Retained dated compatibility identifier; canonical callers use Interl/StrictInterl terminology.
gwJL_factor_prec_of_nonpos	1	1	deprecated_compatibility	keep_deprecated_alias	deprecated_api_compatibility	Retained dated compatibility identifier; canonical callers use Interl/StrictInterl terminology.
gwJL_factor_prec_of_nonpos_of_common_factor	1	1	deprecated_compatibility	keep_deprecated_alias	deprecated_api_compatibility	Retained dated compatibility identifier; canonical callers use Interl/StrictInterl terminology.
gwJL_factor_prec_of_nonpos_of_common_factor_no_common	1	1	deprecated_compatibility	keep_deprecated_alias	deprecated_api_compatibility	Retained dated compatibility identifier; canonical callers use Interl/StrictInterl terminology.
gwJL_factor_prec_of_nonpos_of_coprime	1	1	deprecated_compatibility	keep_deprecated_alias	deprecated_api_compatibility	Retained dated compatibility identifier; canonical callers use Interl/StrictInterl terminology.
gwJL_factor_prec_of_nonpos_of_hasSimpleRootsExcept_zero	1	1	deprecated_compatibility	keep_deprecated_alias	deprecated_api_compatibility	Retained dated compatibility identifier; canonical callers use Interl/StrictInterl terminology.
gwJL_factor_prec_of_nonpos_of_pow_X_sub_C_factor_hasSimpleRoots	1	1	deprecated_compatibility	keep_deprecated_alias	deprecated_api_compatibility	Retained dated compatibility identifier; canonical callers use Interl/StrictInterl terminology.
gwJL_factor_prec_of_nonpos_of_rootMultiplicity_factor_hasSimpleRoots	1	1	deprecated_compatibility	keep_deprecated_alias	deprecated_api_compatibility	Retained dated compatibility identifier; canonical callers use Interl/StrictInterl terminology.
gwJL_factor_prec_of_nonpos_of_rootMultiplicity_factor_hasSimpleRootsExcept	1	1	deprecated_compatibility	keep_deprecated_alias	deprecated_api_compatibility	Retained dated compatibility identifier; canonical callers use Interl/StrictInterl terminology.
gwJL_factor_prec_of_splits	1	1	deprecated_compatibility	keep_deprecated_alias	deprecated_api_compatibility	Retained dated compatibility identifier; canonical callers use Interl/StrictInterl terminology.
gwJL_prec	1	1	deprecated_compatibility	keep_deprecated_alias	deprecated_api_compatibility	Retained dated compatibility identifier; canonical callers use Interl/StrictInterl terminology.
gwJL_prec_of_kreinSummandExpansion	1	1	deprecated_compatibility	keep_deprecated_alias	deprecated_api_compatibility	Retained dated compatibility identifier; canonical callers use Interl/StrictInterl terminology.
gwJL_prec_of_rightWeightedExpansion	1	1	deprecated_compatibility	keep_deprecated_alias	deprecated_api_compatibility	Retained dated compatibility identifier; canonical callers use Interl/StrictInterl terminology.
gwJL_prec_of_weightedCompatibleExpansion	1	1	deprecated_compatibility	keep_deprecated_alias	deprecated_api_compatibility	Retained dated compatibility identifier; canonical callers use Interl/StrictInterl terminology.
gwJL_weightedExpansion_prec_right	1	1	deprecated_compatibility	keep_deprecated_alias	deprecated_api_compatibility	Retained dated compatibility identifier; canonical callers use Interl/StrictInterl terminology.
gwL_prec	1	1	deprecated_compatibility	keep_deprecated_alias	deprecated_api_compatibility	Retained dated compatibility identifier; canonical callers use Interl/StrictInterl terminology.
gwL_prec0	1	1	deprecated_compatibility	keep_deprecated_alias	deprecated_api_compatibility	Retained dated compatibility identifier; canonical callers use Interl/StrictInterl terminology.
gwL_sub_C_mul_gwD_gwL_prec0_self	1	1	deprecated_compatibility	keep_deprecated_alias	deprecated_api_compatibility	Retained dated compatibility identifier; canonical callers use Interl/StrictInterl terminology.
gwSchurProductPFAndPrec	1	1	deprecated_compatibility	keep_deprecated_alias	deprecated_api_compatibility	Retained dated compatibility identifier; canonical callers use Interl/StrictInterl terminology.
gwSchurProductPF_of_prec	1	1	deprecated_compatibility	keep_deprecated_alias	deprecated_api_compatibility	Retained dated compatibility identifier; canonical callers use Interl/StrictInterl terminology.
gwSchurProductPrec	1	1	deprecated_compatibility	keep_deprecated_alias	deprecated_api_compatibility	Retained dated compatibility identifier; canonical callers use Interl/StrictInterl terminology.
gwSchurProductPrec0	1	1	deprecated_compatibility	keep_deprecated_alias	deprecated_api_compatibility	Retained dated compatibility identifier; canonical callers use Interl/StrictInterl terminology.
gwSchurProductPrec0_left	1	1	deprecated_compatibility	keep_deprecated_alias	deprecated_api_compatibility	Retained dated compatibility identifier; canonical callers use Interl/StrictInterl terminology.
gwSchurProductPrec0_of_prec	1	1	deprecated_compatibility	keep_deprecated_alias	deprecated_api_compatibility	Retained dated compatibility identifier; canonical callers use Interl/StrictInterl terminology.
gwSchurProductPrecStatement	1	1	deprecated_compatibility	keep_deprecated_alias	deprecated_api_compatibility	Retained dated compatibility identifier; canonical callers use Interl/StrictInterl terminology.
gwSchurProduct_derivative_prec0_self_of_prec	1	1	deprecated_compatibility	keep_deprecated_alias	deprecated_api_compatibility	Retained dated compatibility identifier; canonical callers use Interl/StrictInterl terminology.
gwSchurProduct_firstDoubleDeletedTerm_prec0	1	1	deprecated_compatibility	keep_deprecated_alias	deprecated_api_compatibility	Retained dated compatibility identifier; canonical callers use Interl/StrictInterl terminology.
gwSchurProduct_pf_right_linearFactor_of_derivative_prec0	1	1	deprecated_compatibility	keep_deprecated_alias	deprecated_api_compatibility	Retained dated compatibility identifier; canonical callers use Interl/StrictInterl terminology.
gwSchurProduct_prec0	1	1	deprecated_compatibility	keep_deprecated_alias	deprecated_api_compatibility	Retained dated compatibility identifier; canonical callers use Interl/StrictInterl terminology.
gwSchurProduct_prec0_left_linearFactor_of_derivative_prec0	1	1	deprecated_compatibility	keep_deprecated_alias	deprecated_api_compatibility	Retained dated compatibility identifier; canonical callers use Interl/StrictInterl terminology.
gwSchurProduct_prec0_of_derivative	1	1	deprecated_compatibility	keep_deprecated_alias	deprecated_api_compatibility	Retained dated compatibility identifier; canonical callers use Interl/StrictInterl terminology.
gwSchurProduct_prec0_of_doubleDeleted	1	1	deprecated_compatibility	keep_deprecated_alias	deprecated_api_compatibility	Retained dated compatibility identifier; canonical callers use Interl/StrictInterl terminology.
gwSchurProduct_prec0_of_kreinDeletedFactor	1	1	deprecated_compatibility	keep_deprecated_alias	deprecated_api_compatibility	Retained dated compatibility identifier; canonical callers use Interl/StrictInterl terminology.
gwSchurProduct_prec0_of_kreinSummandExpansion	1	1	deprecated_compatibility	keep_deprecated_alias	deprecated_api_compatibility	Retained dated compatibility identifier; canonical callers use Interl/StrictInterl terminology.
gwSchurProduct_prec0_of_kreinSummandExpansion_of_derivative	1	1	deprecated_compatibility	keep_deprecated_alias	deprecated_api_compatibility	Retained dated compatibility identifier; canonical callers use Interl/StrictInterl terminology.
gwSchurProduct_prec0_of_right_natDegree_eq_zero	1	1	deprecated_compatibility	keep_deprecated_alias	deprecated_api_compatibility	Retained dated compatibility identifier; canonical callers use Interl/StrictInterl terminology.
gwSchurProduct_prec0_of_weightedSum_right	1	1	deprecated_compatibility	keep_deprecated_alias	deprecated_api_compatibility	Retained dated compatibility identifier; canonical callers use Interl/StrictInterl terminology.
gwSchurProduct_prec0_right_linearFactor_of_derivative_prec0	1	1	deprecated_compatibility	keep_deprecated_alias	deprecated_api_compatibility	Retained dated compatibility identifier; canonical callers use Interl/StrictInterl terminology.
gwSchurProduct_secondDoubleDeletedTerm_prec0	1	1	deprecated_compatibility	keep_deprecated_alias	deprecated_api_compatibility	Retained dated compatibility identifier; canonical callers use Interl/StrictInterl terminology.
gwTheorem11Prec	1	1	deprecated_compatibility	keep_deprecated_alias	deprecated_api_compatibility	Retained dated compatibility identifier; canonical callers use Interl/StrictInterl terminology.
gwTheorem11PrecKreinSummandExpansion	1	1	deprecated_compatibility	keep_deprecated_alias	deprecated_api_compatibility	Retained dated compatibility identifier; canonical callers use Interl/StrictInterl terminology.
gwTheorem11PrecKreinSummandExpansionStatement	1	1	deprecated_compatibility	keep_deprecated_alias	deprecated_api_compatibility	Retained dated compatibility identifier; canonical callers use Interl/StrictInterl terminology.
gwTheorem11PrecRightWeightedExpansionStatement	1	1	deprecated_compatibility	keep_deprecated_alias	deprecated_api_compatibility	Retained dated compatibility identifier; canonical callers use Interl/StrictInterl terminology.
gwTheorem11PrecStatement	1	1	deprecated_compatibility	keep_deprecated_alias	deprecated_api_compatibility	Retained dated compatibility identifier; canonical callers use Interl/StrictInterl terminology.
gwTheorem11PrecWeightedExpansionStatement	1	1	deprecated_compatibility	keep_deprecated_alias	deprecated_api_compatibility	Retained dated compatibility identifier; canonical callers use Interl/StrictInterl terminology.
gwTheorem11Prec_of_kreinSummandExpansion	1	1	deprecated_compatibility	keep_deprecated_alias	deprecated_api_compatibility	Retained dated compatibility identifier; canonical callers use Interl/StrictInterl terminology.
gwTheorem11Prec_of_rightWeightedExpansion	1	1	deprecated_compatibility	keep_deprecated_alias	deprecated_api_compatibility	Retained dated compatibility identifier; canonical callers use Interl/StrictInterl terminology.
gwTheorem11Prec_of_weightedCompatibleExpansion	1	1	deprecated_compatibility	keep_deprecated_alias	deprecated_api_compatibility	Retained dated compatibility identifier; canonical callers use Interl/StrictInterl terminology.
gwTheorem11RevPrec_of_rightWeightedExpansion	1	1	deprecated_compatibility	keep_deprecated_alias	deprecated_api_compatibility	Retained dated compatibility identifier; canonical callers use Interl/StrictInterl terminology.
hFullToPrec	12	1	local_hypothesis	style_only_after_api_owner	legacy_tactic_compatibility	Retained parser/declaration compatibility; canonical tactic surface uses interl/strict_interl names.
hFullToPrec0	12	1	local_hypothesis	style_only_after_api_owner	legacy_tactic_compatibility	Retained parser/declaration compatibility; canonical tactic surface uses interl/strict_interl names.
hPrecToFull	24	1	local_hypothesis	style_only_after_api_owner	legacy_tactic_compatibility	Retained parser/declaration compatibility; canonical tactic surface uses interl/strict_interl names.
hadamardProduct_prec0_of_kreinSummandExpansion_left	1	1	deprecated_compatibility	keep_deprecated_alias	deprecated_api_compatibility	Retained dated compatibility identifier; canonical callers use Interl/StrictInterl terminology.
hadamardProduct_prec0_of_kreinSummandExpansions	1	1	deprecated_compatibility	keep_deprecated_alias	deprecated_api_compatibility	Retained dated compatibility identifier; canonical callers use Interl/StrictInterl terminology.
hadamardProduct_prec0_of_nonneg_prec	2	1	tactic_declaration	manual_alias_then_migrate	legacy_tactic_compatibility	Retained parser/declaration compatibility; canonical tactic surface uses interl/strict_interl names.
hadamardProduct_preserves_pf_of_nonnegPrec	1	1	deprecated_compatibility	keep_deprecated_alias	deprecated_api_compatibility	Retained dated compatibility identifier; canonical callers use Interl/StrictInterl terminology.
hadamardProduct_preserves_prec0_left	1	1	deprecated_compatibility	keep_deprecated_alias	deprecated_api_compatibility	Retained dated compatibility identifier; canonical callers use Interl/StrictInterl terminology.
hadamardProduct_preserves_prec0_right	1	1	deprecated_compatibility	keep_deprecated_alias	deprecated_api_compatibility	Retained dated compatibility identifier; canonical callers use Interl/StrictInterl terminology.
hadamardProduct_sequence_prec0	2	1	tactic_declaration	manual_alias_then_migrate	legacy_tactic_compatibility	Retained parser/declaration compatibility; canonical tactic surface uses interl/strict_interl names.
hadamardReciprocalConeClosure_of_garloffWagner_prec	1	1	deprecated_compatibility	keep_deprecated_alias	deprecated_api_compatibility	Retained dated compatibility identifier; canonical callers use Interl/StrictInterl terminology.
hadamardReciprocalConeClosure_of_garloffWagner_prec0	1	1	deprecated_compatibility	keep_deprecated_alias	deprecated_api_compatibility	Retained dated compatibility identifier; canonical callers use Interl/StrictInterl terminology.
has2x2InterlacingProperty_sameColumn_of_prec_nonneg	1	1	deprecated_compatibility	keep_deprecated_alias	deprecated_api_compatibility	Retained dated compatibility identifier; canonical callers use Interl/StrictInterl terminology.
hermiteBiehlerPrec_sequence	2	1	tactic_declaration	manual_alias_then_migrate	legacy_tactic_compatibility	Retained parser/declaration compatibility; canonical tactic surface uses interl/strict_interl names.
hermiteReal_prec_succ	1	1	lean_declaration	manual_semantic_rename	deprecated_api_compatibility	Retained dated compatibility identifier; canonical callers use Interl/StrictInterl terminology.
hprec	100	8	local_hypothesis	style_only_after_api_owner	documented_local_exclusion	Retained only in foundational implementation or legacy tactic parser patterns.
hprec0	2	1	local_hypothesis	style_only_after_api_owner	legacy_tactic_compatibility	Retained parser/declaration compatibility; canonical tactic surface uses interl/strict_interl names.
hprec_or	4	1	local_hypothesis	style_only_after_api_owner	documented_local_exclusion	Retained only in foundational implementation or legacy tactic parser patterns.
hurwitzOddEvenToHermiteBiehlerRotated_of_hurwitzStablePrec	1	1	lean_declaration	manual_semantic_rename	deprecated_api_compatibility	Retained dated compatibility identifier; canonical callers use Interl/StrictInterl terminology.
hurwitzStableOddEvenToPrec_of_converse	1	1	lean_declaration	manual_semantic_rename	deprecated_api_compatibility	Retained dated compatibility identifier; canonical callers use Interl/StrictInterl terminology.
hurwitzStableOddEvenToPrec_of_converse_natDegree_lt	1	1	lean_declaration	manual_semantic_rename	deprecated_api_compatibility	Retained dated compatibility identifier; canonical callers use Interl/StrictInterl terminology.
interlaces_of_prec_chain	1	1	deprecated_compatibility	use_canonical_keep_wrapper	deprecated_api_compatibility	Retained dated compatibility identifier; canonical callers use Interl/StrictInterl terminology.
interlaces_of_prec_sameDegree_rightmost_factor	1	1	deprecated_compatibility	keep_deprecated_alias	deprecated_api_compatibility	Retained dated compatibility identifier; canonical callers use Interl/StrictInterl terminology.
inversePeakEulerian_prec	1	1	lean_declaration	manual_semantic_rename	deprecated_api_compatibility	Retained dated compatibility identifier; canonical callers use Interl/StrictInterl terminology.
inversePeakEulerian_prec_and_noCommonRoot	1	1	lean_declaration	manual_semantic_rename	deprecated_api_compatibility	Retained dated compatibility identifier; canonical callers use Interl/StrictInterl terminology.
inversePeakTypeB_prec	1	1	lean_declaration	manual_semantic_rename	deprecated_api_compatibility	Retained dated compatibility identifier; canonical callers use Interl/StrictInterl terminology.
inversePeakTypeB_prec_and_noCommonRoot	1	1	lean_declaration	manual_semantic_rename	deprecated_api_compatibility	Retained dated compatibility identifier; canonical callers use Interl/StrictInterl terminology.
inversePowerCompositionRows_pf_and_prec0	1	1	deprecated_compatibility	keep_deprecated_alias	deprecated_api_compatibility	Retained dated compatibility identifier; canonical callers use Interl/StrictInterl terminology.
isPreconnected	1	1	lexical_false_positive	keep_unchanged	lexical_false_positive	Unrelated English or mathematical token; not an interlacing API name.
isPreconnected_Icc	1	1	lexical_false_positive	keep_unchanged	lexical_false_positive	Unrelated English or mathematical token; not an interlacing API name.
isPreconnected_univ	2	2	lexical_false_positive	keep_unchanged	lexical_false_positive	Unrelated English or mathematical token; not an interlacing API name.
isRealRooted_affine_combo_of_prec_nonneg	1	1	deprecated_compatibility	keep_deprecated_alias	deprecated_api_compatibility	Retained dated compatibility identifier; canonical callers use Interl/StrictInterl terminology.
isRealRooted_nonneg_combo_of_prec	1	1	deprecated_compatibility	use_canonical_keep_wrapper	deprecated_api_compatibility	Retained dated compatibility identifier; canonical callers use Interl/StrictInterl terminology.
isRealRooted_of_prec_affine_derivative_nonneg_sequence	2	1	tactic_declaration	manual_alias_then_migrate	legacy_tactic_compatibility	Retained parser/declaration compatibility; canonical tactic surface uses interl/strict_interl names.
isRealRooted_of_prec_affine_derivative_sequence	2	1	tactic_declaration	manual_alias_then_migrate	legacy_tactic_compatibility	Retained parser/declaration compatibility; canonical tactic surface uses interl/strict_interl names.
isRealRooted_of_prec_chain	1	1	deprecated_compatibility	use_canonical_keep_wrapper	deprecated_api_compatibility	Retained dated compatibility identifier; canonical callers use Interl/StrictInterl terminology.
isRealRooted_of_prec_chain_from_step	1	1	deprecated_compatibility	use_canonical_keep_wrapper	deprecated_api_compatibility	Retained dated compatibility identifier; canonical callers use Interl/StrictInterl terminology.
isRealRooted_of_prec_pos_X_lag_combo_sequence	7	2	tactic_declaration	manual_alias_then_migrate	legacy_tactic_compatibility	Retained parser/declaration compatibility; canonical tactic surface uses interl/strict_interl names.
isRealRooted_of_prec_pos_X_sub_C_lag_combo_sequence	3	2	tactic_declaration	manual_alias_then_migrate	legacy_tactic_compatibility	Retained parser/declaration compatibility; canonical tactic surface uses interl/strict_interl names.
isRealRooted_of_prec_sequence	1	1	deprecated_compatibility	use_canonical_keep_wrapper	deprecated_api_compatibility	Retained dated compatibility identifier; canonical callers use Interl/StrictInterl terminology.
isRealRooted_of_prec_sequence_degree_branches	1	1	deprecated_compatibility	use_canonical_keep_wrapper	deprecated_api_compatibility	Retained dated compatibility identifier; canonical callers use Interl/StrictInterl terminology.
isRealRooted_of_prec_wagner_derivative_gap_lag_sequence	2	2	tactic_declaration	manual_alias_then_migrate	legacy_tactic_compatibility	Retained parser/declaration compatibility; canonical tactic surface uses interl/strict_interl names.
isRealRooted_of_prec_wagner_derivative_gap_lag_sequence_den	2	2	tactic_declaration	manual_alias_then_migrate	legacy_tactic_compatibility	Retained parser/declaration compatibility; canonical tactic surface uses interl/strict_interl names.
isRealRooted_pair_sequence_of_prec_sequence	1	1	deprecated_compatibility	use_canonical_keep_wrapper	deprecated_api_compatibility	Retained dated compatibility identifier; canonical callers use Interl/StrictInterl terminology.
isRealRooted_pos_combo_of_prec	1	1	deprecated_compatibility	use_canonical_keep_wrapper	deprecated_api_compatibility	Retained dated compatibility identifier; canonical callers use Interl/StrictInterl terminology.
isUpperHalfPlaneStablePencil_of_prec	1	1	deprecated_compatibility	keep_deprecated_alias	deprecated_api_compatibility	Retained dated compatibility identifier; canonical callers use Interl/StrictInterl terminology.
isUpperHalfPlaneStablePencil_of_prec_of_natDegree_pos	1	1	deprecated_compatibility	keep_deprecated_alias	deprecated_api_compatibility	Retained dated compatibility identifier; canonical callers use Interl/StrictInterl terminology.
iterateTDeriv_sequence_prec_succ	2	1	tactic_declaration	manual_alias_then_migrate	legacy_tactic_compatibility	Retained parser/declaration compatibility; canonical tactic surface uses interl/strict_interl names.
iterateThetaPlusOneSelfPrec0Statement	1	1	statement_scaffold	manual_semantic_rename	deprecated_statement_compatibility	Deprecated statement alias retained; canonical statement and checked witness remain authoritative.
iterateThetaPlusOne_preserves_prec0	1	1	tactic_declaration	manual_alias_then_migrate	deprecated_api_compatibility	Retained dated compatibility identifier; canonical callers use Interl/StrictInterl terminology.
iterateThetaPlusOne_sequence_prec0	2	1	tactic_declaration	manual_alias_then_migrate	legacy_tactic_compatibility	Retained parser/declaration compatibility; canonical tactic surface uses interl/strict_interl names.
kernelRows_pf_and_prec0_of_tendsto	1	1	deprecated_compatibility	keep_deprecated_alias	deprecated_api_compatibility	Retained dated compatibility identifier; canonical callers use Interl/StrictInterl terminology.
leadingCoeff_cross_mul_eq_of_prec_sameDegree_of_nonneg_of_eval_cross_eq	1	1	lean_declaration	manual_semantic_rename	deprecated_api_compatibility	Retained dated compatibility identifier; canonical callers use Interl/StrictInterl terminology.
left_eq_zero_or_splits_of_prec	1	1	deprecated_compatibility	use_canonical_keep_wrapper	deprecated_api_compatibility	Retained dated compatibility identifier; canonical callers use Interl/StrictInterl terminology.
left_isRealRooted_of_prec	1	1	deprecated_compatibility	use_canonical_keep_wrapper	deprecated_api_compatibility	Retained dated compatibility identifier; canonical callers use Interl/StrictInterl terminology.
left_isRealRooted_of_prec_sequence	1	1	deprecated_compatibility	use_canonical_keep_wrapper	deprecated_api_compatibility	Retained dated compatibility identifier; canonical callers use Interl/StrictInterl terminology.
left_ne_zero_of_prec	1	1	deprecated_compatibility	use_canonical_keep_wrapper	deprecated_api_compatibility	Retained dated compatibility identifier; canonical callers use Interl/StrictInterl terminology.
left_splits_of_prec	1	1	deprecated_compatibility	use_canonical_keep_wrapper	deprecated_api_compatibility	Retained dated compatibility identifier; canonical callers use Interl/StrictInterl terminology.
linearMap_prec0_or_revPrec0_of_finiteSymbol_stable	1	1	deprecated_compatibility	keep_deprecated_alias	deprecated_api_compatibility	Retained dated compatibility identifier; canonical callers use Interl/StrictInterl terminology.
linearMap_prec_of_finiteSymbol_stable	1	1	deprecated_compatibility	keep_deprecated_alias	deprecated_api_compatibility	Retained dated compatibility identifier; canonical callers use Interl/StrictInterl terminology.
lowerReentrantCorner_prec	1	1	lean_declaration	manual_semantic_rename	deprecated_api_compatibility	Retained dated compatibility identifier; canonical callers use Interl/StrictInterl terminology.
loweringEulerStep_prec	1	1	lean_declaration	manual_semantic_rename	deprecated_api_compatibility	Retained dated compatibility identifier; canonical callers use Interl/StrictInterl terminology.
loweringEulerStep_prec_self_of_reflect	1	1	lean_declaration	manual_semantic_rename	deprecated_api_compatibility	Retained dated compatibility identifier; canonical callers use Interl/StrictInterl terminology.
matrix_preserves_interlacing_seq0_sparse_pair_prec0	1	1	deprecated_compatibility	keep_deprecated_alias	deprecated_api_compatibility	Retained dated compatibility identifier; canonical callers use Interl/StrictInterl terminology.
mem_rootSlotInterval_of_prec	1	1	deprecated_compatibility	keep_deprecated_alias	deprecated_api_compatibility	Retained dated compatibility identifier; canonical callers use Interl/StrictInterl terminology.
mem_rootSlotInterval_of_prec_desc	1	1	deprecated_compatibility	keep_deprecated_alias	deprecated_api_compatibility	Retained dated compatibility identifier; canonical callers use Interl/StrictInterl terminology.
mem_shifted_rootSlotInterval_of_prec	1	1	deprecated_compatibility	keep_deprecated_alias	deprecated_api_compatibility	Retained dated compatibility identifier; canonical callers use Interl/StrictInterl terminology.
model_pf_prec0	15	1	tactic_reference	migrate_with_tactic_owner	legacy_tactic_compatibility	Retained parser/declaration compatibility; canonical tactic surface uses interl/strict_interl names.
modifiedNarayanaCoeffPolynomial_one_prec_two	1	1	lean_declaration	manual_semantic_rename	deprecated_api_compatibility	Retained dated compatibility identifier; canonical callers use Interl/StrictInterl terminology.
modifiedNarayanaPolynomial_prec_succ	1	1	lean_declaration	manual_semantic_rename	deprecated_api_compatibility	Retained dated compatibility identifier; canonical callers use Interl/StrictInterl terminology.
modifiedNarayanaPolynomial_prec_succ_of_nonnegCoeffs	1	1	lean_declaration	manual_semantic_rename	deprecated_api_compatibility	Retained dated compatibility identifier; canonical callers use Interl/StrictInterl terminology.
modifiedNarayanaPolynomial_zero_prec_one	1	1	lean_declaration	manual_semantic_rename	deprecated_api_compatibility	Retained dated compatibility identifier; canonical callers use Interl/StrictInterl terminology.
monomerRodRows_pf_and_prec0	1	1	deprecated_compatibility	keep_deprecated_alias	deprecated_api_compatibility	Retained dated compatibility identifier; canonical callers use Interl/StrictInterl terminology.
natDegree_bounds_of_prec	1	1	deprecated_compatibility	use_canonical_keep_wrapper	deprecated_api_compatibility	Retained dated compatibility identifier; canonical callers use Interl/StrictInterl terminology.
nextCoeff_le_of_prec_sameDegree_monic	1	1	deprecated_compatibility	use_canonical_keep_wrapper	deprecated_api_compatibility	Retained dated compatibility identifier; canonical callers use Interl/StrictInterl terminology.
nonnegPrecToFullyInterlacingPair_of_hurwitzOddEven	1	1	lean_declaration	manual_semantic_rename	deprecated_api_compatibility	Retained dated compatibility identifier; canonical callers use Interl/StrictInterl terminology.
nonnegPrecToFullyInterlacingPair_of_hurwitzOddEvenDirect	1	1	lean_declaration	manual_semantic_rename	deprecated_api_compatibility	Retained dated compatibility identifier; canonical callers use Interl/StrictInterl terminology.
nonnegPrecToFullyInterlacingPair_of_pfPrec	1	1	lean_declaration	manual_semantic_rename	deprecated_api_compatibility	Retained dated compatibility identifier; canonical callers use Interl/StrictInterl terminology.
nonnegPrecToFullyInterlacingPair_of_precToFully	1	1	lean_declaration	manual_semantic_rename	deprecated_api_compatibility	Retained dated compatibility identifier; canonical callers use Interl/StrictInterl terminology.
nonnegPrecToHurwitzOddEven_of_hermiteBiehlerPos	1	1	lean_declaration	manual_semantic_rename	deprecated_api_compatibility	Retained dated compatibility identifier; canonical callers use Interl/StrictInterl terminology.
nonnegPrecToReverseFullyInterlacingPair_of_pfPrec	1	1	lean_declaration	manual_semantic_rename	deprecated_api_compatibility	Retained dated compatibility identifier; canonical callers use Interl/StrictInterl terminology.
nonnegPrecToReverseFullyInterlacingPair_of_precToReverseFully	1	1	lean_declaration	manual_semantic_rename	deprecated_api_compatibility	Retained dated compatibility identifier; canonical callers use Interl/StrictInterl terminology.
normalizedDecoratedCycleEulerian_prec_and_noCommonRoot	1	1	lean_declaration	manual_semantic_rename	deprecated_api_compatibility	Retained dated compatibility identifier; canonical callers use Interl/StrictInterl terminology.
normalizedRPolynomial_prec_of_lt	1	1	lean_declaration	manual_semantic_rename	deprecated_api_compatibility	Retained dated compatibility identifier; canonical callers use Interl/StrictInterl terminology.
normalizedReversedContribution_prec_of_lt	1	1	lean_declaration	manual_semantic_rename	deprecated_api_compatibility	Retained dated compatibility identifier; canonical callers use Interl/StrictInterl terminology.
not_compatibleSuccDegreePrecStatement	1	1	statement_scaffold	manual_semantic_rename	deprecated_statement_compatibility	Deprecated statement alias retained; canonical statement and checked witness remain authoritative.
not_legacyNonnegPrecToFullyInterlacingPairStatement	1	1	statement_scaffold	manual_semantic_rename	deprecated_statement_compatibility	Deprecated statement alias retained; canonical statement and checked witness remain authoritative.
not_legacyPfPrecToFullyInterlacingPairStatement	1	1	statement_scaffold	manual_semantic_rename	deprecated_statement_compatibility	Deprecated statement alias retained; canonical statement and checked witness remain authoritative.
not_posComboNoCommonSuccDegreeRootCountResidualPrecStatement	1	1	statement_scaffold	manual_semantic_rename	deprecated_statement_compatibility	Deprecated statement alias retained; canonical statement and checked witness remain authoritative.
not_positiveSplitLeftSuccDegreeTranslatedXPrec	1	1	lean_declaration	manual_semantic_rename	deprecated_api_compatibility	Retained dated compatibility identifier; canonical callers use Interl/StrictInterl terminology.
not_precToFullyInterlacingPairStatement	1	1	statement_scaffold	manual_semantic_rename	deprecated_statement_compatibility	Deprecated statement alias retained; canonical statement and checked witness remain authoritative.
not_prec_X_sq_mul_derivative_left	1	1	tactic_declaration	manual_alias_then_migrate	legacy_tactic_compatibility	Retained parser/declaration compatibility; canonical tactic surface uses interl/strict_interl names.
not_prec_X_sq_mul_derivative_right	1	1	tactic_declaration	manual_alias_then_migrate	legacy_tactic_compatibility	Retained parser/declaration compatibility; canonical tactic surface uses interl/strict_interl names.
not_prec_deg1_example	1	1	lean_declaration	manual_semantic_rename	deprecated_api_compatibility	Retained dated compatibility identifier; canonical callers use Interl/StrictInterl terminology.
not_prec_of_left_natDegree_succ_lt_right	1	1	deprecated_compatibility	use_canonical_keep_wrapper	deprecated_api_compatibility	Retained dated compatibility identifier; canonical callers use Interl/StrictInterl terminology.
not_prec_of_natDegree_eq_succ_left	1	1	lean_declaration	manual_semantic_rename	deprecated_api_compatibility	Retained dated compatibility identifier; canonical callers use Interl/StrictInterl terminology.
not_prec_of_right_natDegree_lt_left	1	1	deprecated_compatibility	use_canonical_keep_wrapper	deprecated_api_compatibility	Retained dated compatibility identifier; canonical callers use Interl/StrictInterl terminology.
not_translatedBoundaryPrec_of_twoDegree	1	1	reference_or_local	migrate_with_declaration_owner	deprecated_api_compatibility	Retained dated compatibility identifier; canonical callers use Interl/StrictInterl terminology.
not_translatedDeletionPrec_of_twoDegree	1	1	reference_or_local	migrate_with_declaration_owner	deprecated_api_compatibility	Retained dated compatibility identifier; canonical callers use Interl/StrictInterl terminology.
of_prec	3	3	deprecated_compatibility	use_canonical_keep_wrapper	deprecated_api_compatibility	Retained dated compatibility identifier; canonical callers use Interl/StrictInterl terminology.
of_prec0_self	1	1	deprecated_compatibility	keep_deprecated_alias	deprecated_api_compatibility	Retained dated compatibility identifier; canonical callers use Interl/StrictInterl terminology.
of_prec_of_no_common	1	1	reference_or_local	migrate_with_declaration_owner	deprecated_api_compatibility	Retained dated compatibility identifier; canonical callers use Interl/StrictInterl terminology.
of_prec_or_revPrec	1	1	deprecated_compatibility	use_canonical_keep_wrapper	deprecated_api_compatibility	Retained dated compatibility identifier; canonical callers use Interl/StrictInterl terminology.
of_prec_sameDegree	1	1	reference_or_local	migrate_with_declaration_owner	deprecated_api_compatibility	Retained dated compatibility identifier; canonical callers use Interl/StrictInterl terminology.
oneDescent_prec_gamma_one_adjacent	1	1	lean_declaration	manual_semantic_rename	deprecated_api_compatibility	Retained dated compatibility identifier; canonical callers use Interl/StrictInterl terminology.
oneDescent_prec_gamma_one_adjacent_chain	1	1	tactic_declaration	manual_alias_then_migrate	deprecated_api_compatibility	Retained dated compatibility identifier; canonical callers use Interl/StrictInterl terminology.
oneDescent_prec_gamma_one_terminal	1	1	lean_declaration	manual_semantic_rename	deprecated_api_compatibility	Retained dated compatibility identifier; canonical callers use Interl/StrictInterl terminology.
oneDescent_prec_gamma_one_terminal_chain	1	1	tactic_declaration	manual_alias_then_migrate	deprecated_api_compatibility	Retained dated compatibility identifier; canonical callers use Interl/StrictInterl terminology.
oneDescent_prec_gamma_one_top	1	1	lean_declaration	manual_semantic_rename	deprecated_api_compatibility	Retained dated compatibility identifier; canonical callers use Interl/StrictInterl terminology.
operator_prec0_sequence_of_interlacing_preserver	2	1	tactic_declaration	manual_alias_then_migrate	legacy_tactic_compatibility	Retained parser/declaration compatibility; canonical tactic surface uses interl/strict_interl names.
operator_prec0_sequence_up_to_order	2	1	tactic_declaration	manual_alias_then_migrate	legacy_tactic_compatibility	Retained parser/declaration compatibility; canonical tactic surface uses interl/strict_interl names.
pairHasCommonInterleaver_of_prec	1	1	deprecated_compatibility	use_canonical_keep_wrapper	deprecated_api_compatibility	Retained dated compatibility identifier; canonical callers use Interl/StrictInterl terminology.
pairHasCommonInterleaver_of_prec_or_revPrec	1	1	deprecated_compatibility	use_canonical_keep_wrapper	deprecated_api_compatibility	Retained dated compatibility identifier; canonical callers use Interl/StrictInterl terminology.
pairHasCommonInterleaver_of_prec_right_pair_nonneg	1	1	deprecated_compatibility	use_canonical_keep_wrapper	deprecated_api_compatibility	Retained dated compatibility identifier; canonical callers use Interl/StrictInterl terminology.
pairHasCommonInterleaver_of_revPrec	1	1	deprecated_compatibility	use_canonical_keep_wrapper	deprecated_api_compatibility	Retained dated compatibility identifier; canonical callers use Interl/StrictInterl terminology.
pairHasCommonLeftInterleaver_of_prec	1	1	deprecated_compatibility	use_canonical_keep_wrapper	deprecated_api_compatibility	Retained dated compatibility identifier; canonical callers use Interl/StrictInterl terminology.
pairHasCommonLeftInterleaver_of_prec_or_revPrec	1	1	deprecated_compatibility	use_canonical_keep_wrapper	deprecated_api_compatibility	Retained dated compatibility identifier; canonical callers use Interl/StrictInterl terminology.
pairHasCommonLeftInterleaver_of_revPrec	1	1	deprecated_compatibility	use_canonical_keep_wrapper	deprecated_api_compatibility	Retained dated compatibility identifier; canonical callers use Interl/StrictInterl terminology.
peakValueWeightedDiagonal_consecutive_prec	2	2	lean_declaration	manual_semantic_rename	deprecated_api_compatibility	Retained dated compatibility identifier; canonical callers use Interl/StrictInterl terminology.
peakValueWeightedDiagonal_consecutive_prec_of_stable	1	1	lean_declaration	manual_semantic_rename	deprecated_api_compatibility	Retained dated compatibility identifier; canonical callers use Interl/StrictInterl terminology.
peakValueWeightedDiagonal_consecutive_prec_of_stable_all_ranks	1	1	lean_declaration	manual_semantic_rename	deprecated_api_compatibility	Retained dated compatibility identifier; canonical callers use Interl/StrictInterl terminology.
pfPrecToFullyInterlacingPair_of_hurwitzOddEven	1	1	lean_declaration	manual_semantic_rename	deprecated_api_compatibility	Retained dated compatibility identifier; canonical callers use Interl/StrictInterl terminology.
pfPrecToFullyInterlacingPair_of_precToFully	1	1	lean_declaration	manual_semantic_rename	deprecated_api_compatibility	Retained dated compatibility identifier; canonical callers use Interl/StrictInterl terminology.
pfPrecToHurwitzOddEven_of_hermiteBiehlerPos	1	1	lean_declaration	manual_semantic_rename	deprecated_api_compatibility	Retained dated compatibility identifier; canonical callers use Interl/StrictInterl terminology.
pfPrecToHurwitzOddEven_of_hermiteBiehlerPosCoeffs	1	1	lean_declaration	manual_semantic_rename	deprecated_api_compatibility	Retained dated compatibility identifier; canonical callers use Interl/StrictInterl terminology.
pfPrecToReverseFullyInterlacingPair_of_precToReverseFully	1	1	lean_declaration	manual_semantic_rename	deprecated_api_compatibility	Retained dated compatibility identifier; canonical callers use Interl/StrictInterl terminology.
pf_and_prec0_of_model_sequence	4	2	tactic_declaration	manual_alias_then_migrate	legacy_tactic_compatibility	Retained parser/declaration compatibility; canonical tactic surface uses interl/strict_interl names.
pf_sequence_prec0_X_mul_both	2	1	tactic_declaration	manual_alias_then_migrate	legacy_tactic_compatibility	Retained parser/declaration compatibility; canonical tactic surface uses interl/strict_interl names.
pf_sequence_prec0_self	2	1	tactic_declaration	manual_alias_then_migrate	legacy_tactic_compatibility	Retained parser/declaration compatibility; canonical tactic surface uses interl/strict_interl names.
polarThetaPreservesPrec0Statement	1	1	statement_scaffold	manual_semantic_rename	deprecated_statement_compatibility	Deprecated statement alias retained; canonical statement and checked witness remain authoritative.
polarTheta_preserves_prec0	1	1	lean_declaration	manual_semantic_rename	deprecated_api_compatibility	Retained dated compatibility identifier; canonical callers use Interl/StrictInterl terminology.
posComboNoCommonSuccDegreeRootCountAbove_of_residualPrec_bothNonzero_divX_prec	1	1	deprecated_compatibility	keep_deprecated_alias	deprecated_api_compatibility	Retained dated compatibility identifier; canonical callers use Interl/StrictInterl terminology.
posComboNoCommonSuccDegreeRootCountAbove_of_residual_bothNonzero_divX_prec	1	1	deprecated_compatibility	keep_deprecated_alias	deprecated_api_compatibility	Retained dated compatibility identifier; canonical callers use Interl/StrictInterl terminology.
posComboNoCommonSuccDegreeRootCountLeadRightZeroDivXPrec_of_precFG	1	1	deprecated_compatibility	use_canonical_keep_wrapper	deprecated_api_compatibility	Retained dated compatibility identifier; canonical callers use Interl/StrictInterl terminology.
posComboNoCommonSuccDegreeRootCountLeadRightZeroPrecFG_iff_divXPrec	1	1	deprecated_compatibility	use_canonical_keep_wrapper	deprecated_api_compatibility	Retained dated compatibility identifier; canonical callers use Interl/StrictInterl terminology.
posComboNoCommonSuccDegreeRootCountLeadRightZeroPrecFG_of_divX	1	1	deprecated_compatibility	use_canonical_keep_wrapper	deprecated_api_compatibility	Retained dated compatibility identifier; canonical callers use Interl/StrictInterl terminology.
posComboNoCommonSuccDegreeRootCountLeadRightZero_of_divX_prec	1	1	deprecated_compatibility	keep_deprecated_alias	deprecated_api_compatibility	Retained dated compatibility identifier; canonical callers use Interl/StrictInterl terminology.
posComboNoCommonSuccDegreeRootCountLead_of_bothNonzero_and_divX_prec	1	1	deprecated_compatibility	keep_deprecated_alias	deprecated_api_compatibility	Retained dated compatibility identifier; canonical callers use Interl/StrictInterl terminology.
posComboNoCommonSuccDegreeRootCountResidual_of_prec	1	1	deprecated_compatibility	keep_deprecated_alias	deprecated_api_compatibility	Retained dated compatibility identifier; canonical callers use Interl/StrictInterl terminology.
posComboNoCommonSuccDegreeRootCount_of_residualPrec_bothNonzero_divX_prec	1	1	deprecated_compatibility	keep_deprecated_alias	deprecated_api_compatibility	Retained dated compatibility identifier; canonical callers use Interl/StrictInterl terminology.
posComboNoCommonSuccDegreeRootCount_of_residual_bothNonzero_divX_prec	1	1	deprecated_compatibility	keep_deprecated_alias	deprecated_api_compatibility	Retained dated compatibility identifier; canonical callers use Interl/StrictInterl terminology.
posComboNoCommonSuccDegreeRootCrossing_of_residualPrec_bothNonzero_divX_prec	1	1	deprecated_compatibility	keep_deprecated_alias	deprecated_api_compatibility	Retained dated compatibility identifier; canonical callers use Interl/StrictInterl terminology.
posComboNoCommonSuccDegreeRootCrossing_of_residual_bothNonzero_divX_prec	1	1	deprecated_compatibility	keep_deprecated_alias	deprecated_api_compatibility	Retained dated compatibility identifier; canonical callers use Interl/StrictInterl terminology.
posComboRealRooted_fPolynomial_of_prec	2	2	tactic_declaration	manual_alias_then_migrate	deprecated_api_compatibility	Retained dated compatibility identifier; canonical callers use Interl/StrictInterl terminology.
posComboRealRooted_fPolynomial_sequence_of_prec	2	1	tactic_declaration	manual_alias_then_migrate	legacy_tactic_compatibility	Retained parser/declaration compatibility; canonical tactic surface uses interl/strict_interl names.
posCombo_sequence_nonneg_right_prec	2	1	tactic_declaration	manual_alias_then_migrate	legacy_tactic_compatibility	Retained parser/declaration compatibility; canonical tactic surface uses interl/strict_interl names.
posCombo_sequence_of_prec	2	1	tactic_declaration	manual_alias_then_migrate	legacy_tactic_compatibility	Retained parser/declaration compatibility; canonical tactic surface uses interl/strict_interl names.
positiveSplitRootCountPair_of_prec	1	1	lean_declaration	manual_semantic_rename	deprecated_api_compatibility	Retained dated compatibility identifier; canonical callers use Interl/StrictInterl terminology.
prec	105	11	tactic_declaration	manual_alias_then_migrate	deprecated_api_compatibility	Retained dated compatibility identifier; canonical callers use Interl/StrictInterl terminology.
prec0	14	4	tactic_declaration	manual_alias_then_migrate	deprecated_api_compatibility	Retained dated compatibility identifier; canonical callers use Interl/StrictInterl terminology.
prec0_C_C	1	1	deprecated_compatibility	keep_deprecated_alias	deprecated_api_compatibility	Retained dated compatibility identifier; canonical callers use Interl/StrictInterl terminology.
prec0_C_affine_linear	1	1	deprecated_compatibility	keep_deprecated_alias	deprecated_api_compatibility	Retained dated compatibility identifier; canonical callers use Interl/StrictInterl terminology.
prec0_C_mul_affine_linear_X_mul_affine_linear	1	1	lean_declaration	manual_semantic_rename	deprecated_api_compatibility	Retained dated compatibility identifier; canonical callers use Interl/StrictInterl terminology.
prec0_C_mul_both	1	1	lean_declaration	manual_semantic_rename	deprecated_api_compatibility	Retained dated compatibility identifier; canonical callers use Interl/StrictInterl terminology.
prec0_C_mul_left_of_nonneg	1	1	deprecated_compatibility	use_canonical_keep_wrapper	deprecated_api_compatibility	Retained dated compatibility identifier; canonical callers use Interl/StrictInterl terminology.
prec0_C_mul_right_of_nonneg	1	1	deprecated_compatibility	use_canonical_keep_wrapper	deprecated_api_compatibility	Retained dated compatibility identifier; canonical callers use Interl/StrictInterl terminology.
prec0_X_mul_both_of_pf	1	1	deprecated_compatibility	keep_deprecated_alias	deprecated_api_compatibility	Retained dated compatibility identifier; canonical callers use Interl/StrictInterl terminology.
prec0_add_left_of_common_right_of_nonneg	1	1	deprecated_compatibility	keep_deprecated_alias	deprecated_api_compatibility	Retained dated compatibility identifier; canonical callers use Interl/StrictInterl terminology.
prec0_add_right_of_common_left_of_nonneg	1	1	deprecated_compatibility	keep_deprecated_alias	deprecated_api_compatibility	Retained dated compatibility identifier; canonical callers use Interl/StrictInterl terminology.
prec0_affine_add_X_self	1	1	deprecated_compatibility	keep_deprecated_alias	deprecated_api_compatibility	Retained dated compatibility identifier; canonical callers use Interl/StrictInterl terminology.
prec0_affine_add_one_affine_add_X	1	1	deprecated_compatibility	keep_deprecated_alias	deprecated_api_compatibility	Retained dated compatibility identifier; canonical callers use Interl/StrictInterl terminology.
prec0_affine_add_one_self	1	1	deprecated_compatibility	keep_deprecated_alias	deprecated_api_compatibility	Retained dated compatibility identifier; canonical callers use Interl/StrictInterl terminology.
prec0_affine_linear_affine_linear_of_cross	1	1	deprecated_compatibility	keep_deprecated_alias	deprecated_api_compatibility	Retained dated compatibility identifier; canonical callers use Interl/StrictInterl terminology.
prec0_affine_to_X_mul_affine	1	1	lean_declaration	manual_semantic_rename	deprecated_api_compatibility	Retained dated compatibility identifier; canonical callers use Interl/StrictInterl terminology.
prec0_chainPolynomial_succ	1	1	deprecated_compatibility	keep_deprecated_alias	deprecated_api_compatibility	Retained dated compatibility identifier; canonical callers use Interl/StrictInterl terminology.
prec0_chainPolynomial_succ_of_isTotallyNonneg	1	1	deprecated_compatibility	keep_deprecated_alias	deprecated_api_compatibility	Retained dated compatibility identifier; canonical callers use Interl/StrictInterl terminology.
prec0_chainPolynomial_succ_of_pos_constantDiagonal	1	1	deprecated_compatibility	keep_deprecated_alias	deprecated_api_compatibility	Retained dated compatibility identifier; canonical callers use Interl/StrictInterl terminology.
prec0_chainPolynomial_toLowerTriangularMatrix_succ	1	1	deprecated_compatibility	keep_deprecated_alias	deprecated_api_compatibility	Retained dated compatibility identifier; canonical callers use Interl/StrictInterl terminology.
prec0_comp_X_add_C_iff	1	1	deprecated_compatibility	use_canonical_keep_wrapper	deprecated_api_compatibility	Retained dated compatibility identifier; canonical callers use Interl/StrictInterl terminology.
prec0_compositionRow_mk_succ_of_zero	1	1	deprecated_compatibility	keep_deprecated_alias	deprecated_api_compatibility	Retained dated compatibility identifier; canonical callers use Interl/StrictInterl terminology.
prec0_compositionRow_positivePartSeries_succ	1	1	deprecated_compatibility	keep_deprecated_alias	deprecated_api_compatibility	Retained dated compatibility identifier; canonical callers use Interl/StrictInterl terminology.
prec0_congr	1	1	deprecated_compatibility	keep_deprecated_alias	deprecated_api_compatibility	Retained dated compatibility identifier; canonical callers use Interl/StrictInterl terminology.
prec0_const_entries_affine_of_det_nonneg	1	1	deprecated_compatibility	keep_deprecated_alias	deprecated_api_compatibility	Retained dated compatibility identifier; canonical callers use Interl/StrictInterl terminology.
prec0_const_entry_affine_plus_const_to_affine_plus_X	1	1	lean_declaration	manual_semantic_rename	deprecated_api_compatibility	Retained dated compatibility identifier; canonical callers use Interl/StrictInterl terminology.
prec0_derivative_polarTheta_boundary	1	1	lean_declaration	manual_semantic_rename	deprecated_api_compatibility	Retained dated compatibility identifier; canonical callers use Interl/StrictInterl terminology.
prec0_divX_left_of_prec_of_hasNonnegCoeffs_coeff_zero	1	1	deprecated_compatibility	keep_deprecated_alias	deprecated_api_compatibility	Retained dated compatibility identifier; canonical callers use Interl/StrictInterl terminology.
prec0_fPolynomial	1	1	deprecated_compatibility	keep_deprecated_alias	deprecated_api_compatibility	Retained dated compatibility identifier; canonical callers use Interl/StrictInterl terminology.
prec0_finsetSum_left_of_nonneg	1	1	deprecated_compatibility	use_canonical_keep_wrapper	deprecated_api_compatibility	Retained dated compatibility identifier; canonical callers use Interl/StrictInterl terminology.
prec0_finsetSum_pairwise_of_nonneg	1	1	deprecated_compatibility	use_canonical_keep_wrapper	deprecated_api_compatibility	Retained dated compatibility identifier; canonical callers use Interl/StrictInterl terminology.
prec0_finsetSum_right_of_nonneg	1	1	deprecated_compatibility	use_canonical_keep_wrapper	deprecated_api_compatibility	Retained dated compatibility identifier; canonical callers use Interl/StrictInterl terminology.
prec0_iff_prec0_mul_X_both_of_nonneg	1	1	deprecated_compatibility	use_canonical_keep_wrapper	deprecated_api_compatibility	Retained dated compatibility identifier; canonical callers use Interl/StrictInterl terminology.
prec0_iterateThetaPlusOne	2	1	tactic_declaration	manual_alias_then_migrate	legacy_tactic_compatibility	Retained parser/declaration compatibility; canonical tactic surface uses interl/strict_interl names.
prec0_linearFactorStep	1	1	lean_declaration	manual_semantic_rename	deprecated_api_compatibility	Retained dated compatibility identifier; canonical callers use Interl/StrictInterl terminology.
prec0_mul_X_both_of_nonneg	1	1	deprecated_compatibility	use_canonical_keep_wrapper	deprecated_api_compatibility	Retained dated compatibility identifier; canonical callers use Interl/StrictInterl terminology.
prec0_mul_X_of_prec0	1	1	deprecated_compatibility	keep_deprecated_alias	deprecated_api_compatibility	Retained dated compatibility identifier; canonical callers use Interl/StrictInterl terminology.
prec0_nonneg_combo_right_of_common_left_of_nonneg	1	1	deprecated_compatibility	keep_deprecated_alias	deprecated_api_compatibility	Retained dated compatibility identifier; canonical callers use Interl/StrictInterl terminology.
prec0_nonneg_combo_right_of_common_left_of_pf	1	1	deprecated_compatibility	keep_deprecated_alias	deprecated_api_compatibility	Retained dated compatibility identifier; canonical callers use Interl/StrictInterl terminology.
prec0_of_natDegree_eq_zero	1	1	deprecated_compatibility	keep_deprecated_alias	deprecated_api_compatibility	Retained dated compatibility identifier; canonical callers use Interl/StrictInterl terminology.
prec0_of_pf_coeff_tendsto_of_natDegree_le	1	1	deprecated_compatibility	keep_deprecated_alias	deprecated_api_compatibility	Retained dated compatibility identifier; canonical callers use Interl/StrictInterl terminology.
prec0_of_prec0_mul_X_both_of_nonneg	1	1	deprecated_compatibility	use_canonical_keep_wrapper	deprecated_api_compatibility	Retained dated compatibility identifier; canonical callers use Interl/StrictInterl terminology.
prec0_one_affine_linear	1	1	deprecated_compatibility	keep_deprecated_alias	deprecated_api_compatibility	Retained dated compatibility identifier; canonical callers use Interl/StrictInterl terminology.
prec0_or_revPrec0_map_of_pencil	1	1	deprecated_compatibility	keep_deprecated_alias	deprecated_api_compatibility	Retained dated compatibility identifier; canonical callers use Interl/StrictInterl terminology.
prec0_or_revPrec0_of_allComboRealRooted	1	1	deprecated_compatibility	keep_deprecated_alias	deprecated_api_compatibility	Retained dated compatibility identifier; canonical callers use Interl/StrictInterl terminology.
prec0_or_revPrec0_sequence_linear_change_of_pencil	1	1	deprecated_compatibility	keep_deprecated_alias	deprecated_api_compatibility	Retained dated compatibility identifier; canonical callers use Interl/StrictInterl terminology.
prec0_or_revPrec0_sequence_of_pencil	1	1	deprecated_compatibility	keep_deprecated_alias	deprecated_api_compatibility	Retained dated compatibility identifier; canonical callers use Interl/StrictInterl terminology.
prec0_or_revPrec0_triangular_sequence_of_certificates	1	1	deprecated_compatibility	keep_deprecated_alias	deprecated_api_compatibility	Retained dated compatibility identifier; canonical callers use Interl/StrictInterl terminology.
prec0_or_revPrec0_triangular_sequence_of_pencil	1	1	deprecated_compatibility	keep_deprecated_alias	deprecated_api_compatibility	Retained dated compatibility identifier; canonical callers use Interl/StrictInterl terminology.
prec0_refl_of_realRooted	1	1	deprecated_compatibility	use_canonical_keep_wrapper	deprecated_api_compatibility	Retained dated compatibility identifier; canonical callers use Interl/StrictInterl terminology.
prec0_regularizedKernelRow_succ	1	1	deprecated_compatibility	keep_deprecated_alias	deprecated_api_compatibility	Retained dated compatibility identifier; canonical callers use Interl/StrictInterl terminology.
prec0_self	1	1	deprecated_compatibility	keep_deprecated_alias	deprecated_api_compatibility	Retained dated compatibility identifier; canonical callers use Interl/StrictInterl terminology.
prec0_sum_left_of_common_left_of_nonneg	1	1	deprecated_compatibility	use_canonical_keep_wrapper	deprecated_api_compatibility	Retained dated compatibility identifier; canonical callers use Interl/StrictInterl terminology.
prec0_twoKernelRow_succ	1	1	deprecated_compatibility	keep_deprecated_alias	deprecated_api_compatibility	Retained dated compatibility identifier; canonical callers use Interl/StrictInterl terminology.
prec0_veronesePairSectionPolynomial_fin_of_fullyInterlacingPair	1	1	lean_declaration	manual_semantic_rename	deprecated_api_compatibility	Retained dated compatibility identifier; canonical callers use Interl/StrictInterl terminology.
prec0_veronesePairSectionPolynomial_fin_of_nonneg_prec	1	1	lean_declaration	manual_semantic_rename	deprecated_api_compatibility	Retained dated compatibility identifier; canonical callers use Interl/StrictInterl terminology.
prec0_veronesePairSectionPolynomial_fin_of_pf_prec	1	1	lean_declaration	manual_semantic_rename	deprecated_api_compatibility	Retained dated compatibility identifier; canonical callers use Interl/StrictInterl terminology.
prec0_veronesePairSectionPolynomial_fin_of_prec	2	2	tactic_declaration	manual_alias_then_migrate	deprecated_api_compatibility	Retained dated compatibility identifier; canonical callers use Interl/StrictInterl terminology.
prec0_veronesePairSectionPolynomial_fin_sequence_of_prec	2	1	tactic_declaration	manual_alias_then_migrate	legacy_tactic_compatibility	Retained parser/declaration compatibility; canonical tactic surface uses interl/strict_interl names.
prec0_veronesePairSectionPolynomial_of_fullyInterlacingPair	1	1	lean_declaration	manual_semantic_rename	deprecated_api_compatibility	Retained dated compatibility identifier; canonical callers use Interl/StrictInterl terminology.
prec0_veronesePairSectionPolynomial_of_nonneg_prec	1	1	lean_declaration	manual_semantic_rename	deprecated_api_compatibility	Retained dated compatibility identifier; canonical callers use Interl/StrictInterl terminology.
prec0_veronesePairSectionPolynomial_of_pf_prec	1	1	lean_declaration	manual_semantic_rename	deprecated_api_compatibility	Retained dated compatibility identifier; canonical callers use Interl/StrictInterl terminology.
prec0_veronesePairSectionPolynomial_of_prec	2	2	tactic_declaration	manual_alias_then_migrate	deprecated_api_compatibility	Retained dated compatibility identifier; canonical callers use Interl/StrictInterl terminology.
prec0_veronesePairSectionPolynomial_sequence_of_prec	2	1	tactic_declaration	manual_alias_then_migrate	legacy_tactic_compatibility	Retained parser/declaration compatibility; canonical tactic surface uses interl/strict_interl names.
prec0_veroneseSectionPolynomial_of_fullyInterlacingPair	1	1	lean_declaration	manual_semantic_rename	deprecated_api_compatibility	Retained dated compatibility identifier; canonical callers use Interl/StrictInterl terminology.
prec0_veroneseSectionPolynomial_of_nonneg_prec	1	1	lean_declaration	manual_semantic_rename	deprecated_api_compatibility	Retained dated compatibility identifier; canonical callers use Interl/StrictInterl terminology.
prec0_veroneseSectionPolynomial_of_pf_prec	1	1	lean_declaration	manual_semantic_rename	deprecated_api_compatibility	Retained dated compatibility identifier; canonical callers use Interl/StrictInterl terminology.
prec0_veroneseSectionPolynomial_of_prec	2	2	tactic_declaration	manual_alias_then_migrate	deprecated_api_compatibility	Retained dated compatibility identifier; canonical callers use Interl/StrictInterl terminology.
prec0_veroneseSectionPolynomial_sequence_of_prec	2	1	tactic_declaration	manual_alias_then_migrate	legacy_tactic_compatibility	Retained parser/declaration compatibility; canonical tactic surface uses interl/strict_interl names.
prec0_weightedShiftTilingRow_separated_succ	1	1	deprecated_compatibility	keep_deprecated_alias	deprecated_api_compatibility	Retained dated compatibility identifier; canonical callers use Interl/StrictInterl terminology.
prec0_weightedShiftTilingRow_succ	1	1	deprecated_compatibility	keep_deprecated_alias	deprecated_api_compatibility	Retained dated compatibility identifier; canonical callers use Interl/StrictInterl terminology.
prec0_weightedSum_cone	1	1	lean_declaration	manual_semantic_rename	deprecated_api_compatibility	Retained dated compatibility identifier; canonical callers use Interl/StrictInterl terminology.
prec0_weightedSum_right_of_nonneg	1	1	deprecated_compatibility	keep_deprecated_alias	deprecated_api_compatibility	Retained dated compatibility identifier; canonical callers use Interl/StrictInterl terminology.
prec0_zero_left	1	1	deprecated_compatibility	use_canonical_keep_wrapper	deprecated_api_compatibility	Retained dated compatibility identifier; canonical callers use Interl/StrictInterl terminology.
prec0_zero_right	1	1	deprecated_compatibility	use_canonical_keep_wrapper	deprecated_api_compatibility	Retained dated compatibility identifier; canonical callers use Interl/StrictInterl terminology.
prec0_zero_zero	1	1	deprecated_compatibility	use_canonical_keep_wrapper	deprecated_api_compatibility	Retained dated compatibility identifier; canonical callers use Interl/StrictInterl terminology.
prec0_zipWith_sum_pair_of_2x2	1	1	deprecated_compatibility	keep_deprecated_alias	deprecated_api_compatibility	Retained dated compatibility identifier; canonical callers use Interl/StrictInterl terminology.
prec0_zipWith_sum_pair_of_2x2_weak	1	1	deprecated_compatibility	keep_deprecated_alias	deprecated_api_compatibility	Retained dated compatibility identifier; canonical callers use Interl/StrictInterl terminology.
precFPolynomialTransport	1	1	deprecated_compatibility	keep_deprecated_alias	deprecated_api_compatibility	Retained dated compatibility identifier; canonical callers use Interl/StrictInterl terminology.
precFPolynomialTransportMinimal	1	1	deprecated_compatibility	keep_deprecated_alias	deprecated_api_compatibility	Retained dated compatibility identifier; canonical callers use Interl/StrictInterl terminology.
precFPolynomialTransportMinimalStatement	1	1	deprecated_compatibility	keep_deprecated_alias	deprecated_api_compatibility	Retained dated compatibility identifier; canonical callers use Interl/StrictInterl terminology.
precFPolynomialTransportStatement	1	1	deprecated_compatibility	keep_deprecated_alias	deprecated_api_compatibility	Retained dated compatibility identifier; canonical callers use Interl/StrictInterl terminology.
precFPolynomialTransport_of_minimal	1	1	deprecated_compatibility	keep_deprecated_alias	deprecated_api_compatibility	Retained dated compatibility identifier; canonical callers use Interl/StrictInterl terminology.
precLeftShiftedSlot	1	1	deprecated_compatibility	keep_deprecated_alias	deprecated_api_compatibility	Retained dated compatibility identifier; canonical callers use Interl/StrictInterl terminology.
prec_C_mul_X_of_prec_of_nonneg	1	1	deprecated_compatibility	keep_deprecated_alias	deprecated_api_compatibility	Retained dated compatibility identifier; canonical callers use Interl/StrictInterl terminology.
prec_C_mul_both_sequence	3	1	tactic_declaration	manual_alias_then_migrate	legacy_tactic_compatibility	Retained parser/declaration compatibility; canonical tactic surface uses interl/strict_interl names.
prec_C_mul_left	1	1	deprecated_compatibility	use_canonical_keep_wrapper	deprecated_api_compatibility	Retained dated compatibility identifier; canonical callers use Interl/StrictInterl terminology.
prec_C_mul_left_sequence	3	1	tactic_declaration	manual_alias_then_migrate	legacy_tactic_compatibility	Retained parser/declaration compatibility; canonical tactic surface uses interl/strict_interl names.
prec_C_mul_right	1	1	deprecated_compatibility	use_canonical_keep_wrapper	deprecated_api_compatibility	Retained dated compatibility identifier; canonical callers use Interl/StrictInterl terminology.
prec_C_mul_right_sequence	3	1	tactic_declaration	manual_alias_then_migrate	legacy_tactic_compatibility	Retained parser/declaration compatibility; canonical tactic surface uses interl/strict_interl names.
prec_C_mul_self	1	1	deprecated_compatibility	use_canonical_keep_wrapper	deprecated_api_compatibility	Retained dated compatibility identifier; canonical callers use Interl/StrictInterl terminology.
prec_TDeriv	1	1	deprecated_compatibility	keep_deprecated_alias	deprecated_api_compatibility	Retained dated compatibility identifier; canonical callers use Interl/StrictInterl terminology.
prec_X_add_C_iff	1	1	deprecated_compatibility	use_canonical_keep_wrapper	deprecated_api_compatibility	Retained dated compatibility identifier; canonical callers use Interl/StrictInterl terminology.
prec_X_add_C_pow_succ	1	1	lean_declaration	manual_semantic_rename	deprecated_api_compatibility	Retained dated compatibility identifier; canonical callers use Interl/StrictInterl terminology.
prec_X_add_C_to_X_mul_X_add_C	1	1	lean_declaration	manual_semantic_rename	deprecated_api_compatibility	Retained dated compatibility identifier; canonical callers use Interl/StrictInterl terminology.
prec_X_derivative_X_self_of_splits_nonneg	1	1	lean_declaration	manual_semantic_rename	deprecated_api_compatibility	Retained dated compatibility identifier; canonical callers use Interl/StrictInterl terminology.
prec_X_mul_affine_sturmDerangementsExc	1	1	lean_declaration	manual_semantic_rename	deprecated_api_compatibility	Retained dated compatibility identifier; canonical callers use Interl/StrictInterl terminology.
prec_X_mul_derivative_X_mul_self_of_splits_nonneg	3	2	tactic_declaration	manual_alias_then_migrate	legacy_tactic_compatibility	Retained parser/declaration compatibility; canonical tactic surface uses interl/strict_interl names.
prec_X_mul_lowerTerm_sturmDerangementsExc	1	1	lean_declaration	manual_semantic_rename	deprecated_api_compatibility	Retained dated compatibility identifier; canonical callers use Interl/StrictInterl terminology.
prec_X_mul_recurrenceSummands_sturmDerangementsExc	1	1	lean_declaration	manual_semantic_rename	deprecated_api_compatibility	Retained dated compatibility identifier; canonical callers use Interl/StrictInterl terminology.
prec_X_pow_mul_X_pow_succ_of_reverse_prec_nonneg	2	2	tactic_declaration	manual_alias_then_migrate	deprecated_api_compatibility	Retained dated compatibility identifier; canonical callers use Interl/StrictInterl terminology.
prec_X_pow_mul_both_of_prec_nonneg	1	1	lean_declaration	manual_semantic_rename	deprecated_api_compatibility	Retained dated compatibility identifier; canonical callers use Interl/StrictInterl terminology.
prec_X_pow_succ	1	1	lean_declaration	manual_semantic_rename	deprecated_api_compatibility	Retained dated compatibility identifier; canonical callers use Interl/StrictInterl terminology.
prec_add_X_mul_of_prec	1	1	lean_declaration	manual_semantic_rename	deprecated_api_compatibility	Retained dated compatibility identifier; canonical callers use Interl/StrictInterl terminology.
prec_add_mul_pair_of_2x2	1	1	deprecated_compatibility	keep_deprecated_alias	deprecated_api_compatibility	Retained dated compatibility identifier; canonical callers use Interl/StrictInterl terminology.
prec_add_of_prec_left	1	1	deprecated_compatibility	use_canonical_keep_wrapper	deprecated_api_compatibility	Retained dated compatibility identifier; canonical callers use Interl/StrictInterl terminology.
prec_add_of_prec_left_of_common_factor	1	1	deprecated_compatibility	use_canonical_keep_wrapper	deprecated_api_compatibility	Retained dated compatibility identifier; canonical callers use Interl/StrictInterl terminology.
prec_add_of_prec_right	1	1	deprecated_compatibility	use_canonical_keep_wrapper	deprecated_api_compatibility	Retained dated compatibility identifier; canonical callers use Interl/StrictInterl terminology.
prec_add_of_prec_right_mixed_of_natDegree	1	1	deprecated_compatibility	use_canonical_keep_wrapper	deprecated_api_compatibility	Retained dated compatibility identifier; canonical callers use Interl/StrictInterl terminology.
prec_add_of_prec_right_mixed_of_natDegree_of_common_factor	1	1	deprecated_compatibility	use_canonical_keep_wrapper	deprecated_api_compatibility	Retained dated compatibility identifier; canonical callers use Interl/StrictInterl terminology.
prec_add_of_prec_right_mixed_of_natDegree_of_common_factor_of_no_common_right	1	1	deprecated_compatibility	use_canonical_keep_wrapper	deprecated_api_compatibility	Retained dated compatibility identifier; canonical callers use Interl/StrictInterl terminology.
prec_add_of_prec_right_mixed_of_natDegree_of_no_common_right	1	1	deprecated_compatibility	use_canonical_keep_wrapper	deprecated_api_compatibility	Retained dated compatibility identifier; canonical callers use Interl/StrictInterl terminology.
prec_add_of_prec_right_of_common_factor	1	1	deprecated_compatibility	use_canonical_keep_wrapper	deprecated_api_compatibility	Retained dated compatibility identifier; canonical callers use Interl/StrictInterl terminology.
prec_add_of_prec_right_of_common_factor_of_no_common_right	1	1	deprecated_compatibility	use_canonical_keep_wrapper	deprecated_api_compatibility	Retained dated compatibility identifier; canonical callers use Interl/StrictInterl terminology.
prec_add_of_prec_right_of_no_common_right	1	1	deprecated_compatibility	use_canonical_keep_wrapper	deprecated_api_compatibility	Retained dated compatibility identifier; canonical callers use Interl/StrictInterl terminology.
prec_add_of_prec_right_of_posLeadingCoeff	1	1	deprecated_compatibility	use_canonical_keep_wrapper	deprecated_api_compatibility	Retained dated compatibility identifier; canonical callers use Interl/StrictInterl terminology.
prec_affineEulerianTilde	1	1	lean_declaration	manual_semantic_rename	deprecated_api_compatibility	Retained dated compatibility identifier; canonical callers use Interl/StrictInterl terminology.
prec_affine_derivative	4	2	tactic_declaration	manual_alias_then_migrate	deprecated_api_compatibility	Retained dated compatibility identifier; canonical callers use Interl/StrictInterl terminology.
prec_affine_derivative_deg_one	2	2	tactic_declaration	manual_alias_then_migrate	deprecated_api_compatibility	Retained dated compatibility identifier; canonical callers use Interl/StrictInterl terminology.
prec_affine_derivative_nonneg_sequence	2	1	tactic_declaration	manual_alias_then_migrate	legacy_tactic_compatibility	Retained parser/declaration compatibility; canonical tactic surface uses interl/strict_interl names.
prec_affine_derivative_of_nonnegCoeffs	2	2	tactic_declaration	manual_alias_then_migrate	deprecated_api_compatibility	Retained dated compatibility identifier; canonical callers use Interl/StrictInterl terminology.
prec_affine_derivative_sequence	2	1	tactic_declaration	manual_alias_then_migrate	legacy_tactic_compatibility	Retained parser/declaration compatibility; canonical tactic surface uses interl/strict_interl names.
prec_affine_linear_affine_linear_of_cross	1	1	deprecated_compatibility	keep_deprecated_alias	deprecated_api_compatibility	Retained dated compatibility identifier; canonical callers use Interl/StrictInterl terminology.
prec_affine_sturmDerangementsExc	1	1	lean_declaration	manual_semantic_rename	deprecated_api_compatibility	Retained dated compatibility identifier; canonical callers use Interl/StrictInterl terminology.
prec_and_hasSimpleRoots_of_auxiliary_sign_succ	1	1	deprecated_compatibility	keep_deprecated_alias	deprecated_api_compatibility	Retained dated compatibility identifier; canonical callers use Interl/StrictInterl terminology.
prec_and_hasSimpleRoots_of_auxiliary_sign_succ_add_tail	1	1	deprecated_compatibility	keep_deprecated_alias	deprecated_api_compatibility	Retained dated compatibility identifier; canonical callers use Interl/StrictInterl terminology.
prec_and_hasSimpleRoots_of_interlaces_eval_mul_neg_succ	1	1	deprecated_compatibility	use_canonical_keep_wrapper	deprecated_api_compatibility	Retained dated compatibility identifier; canonical callers use Interl/StrictInterl terminology.
prec_and_noCommonRoot_of_affine_lag_degree_step	1	1	deprecated_compatibility	keep_deprecated_alias	deprecated_api_compatibility	Retained dated compatibility identifier; canonical callers use Interl/StrictInterl terminology.
prec_and_noCommonRoot_of_affine_lag_second_order_derivative	1	1	deprecated_compatibility	keep_deprecated_alias	deprecated_api_compatibility	Retained dated compatibility identifier; canonical callers use Interl/StrictInterl terminology.
prec_and_noCommonRoot_of_affine_lag_second_order_derivative_of_nonneg_lag	1	1	deprecated_compatibility	keep_deprecated_alias	deprecated_api_compatibility	Retained dated compatibility identifier; canonical callers use Interl/StrictInterl terminology.
prec_and_noCommonRoot_of_quadratic_lag	1	1	deprecated_compatibility	keep_deprecated_alias	deprecated_api_compatibility	Retained dated compatibility identifier; canonical callers use Interl/StrictInterl terminology.
prec_and_noCommonRoot_of_quadratic_lag_degree_step	1	1	deprecated_compatibility	keep_deprecated_alias	deprecated_api_compatibility	Retained dated compatibility identifier; canonical callers use Interl/StrictInterl terminology.
prec_and_noCommonRoot_of_unit_affine_unit_lag	1	1	deprecated_compatibility	keep_deprecated_alias	deprecated_api_compatibility	Retained dated compatibility identifier; canonical callers use Interl/StrictInterl terminology.
prec_and_noCommonRoot_of_unit_affine_zero_lag	1	1	deprecated_compatibility	keep_deprecated_alias	deprecated_api_compatibility	Retained dated compatibility identifier; canonical callers use Interl/StrictInterl terminology.
prec_boundary_right_pair_of_orientation_succDegree_nonneg	1	1	deprecated_compatibility	use_canonical_keep_wrapper	deprecated_api_compatibility	Retained dated compatibility identifier; canonical callers use Interl/StrictInterl terminology.
prec_boundary_right_pair_of_prec_nonneg	1	1	deprecated_compatibility	use_canonical_keep_wrapper	deprecated_api_compatibility	Retained dated compatibility identifier; canonical callers use Interl/StrictInterl terminology.
prec_chainPolynomial_succ_of_isTotallyNonneg_of_ne	1	1	deprecated_compatibility	keep_deprecated_alias	deprecated_api_compatibility	Retained dated compatibility identifier; canonical callers use Interl/StrictInterl terminology.
prec_chainPolynomial_succ_of_ne	1	1	deprecated_compatibility	keep_deprecated_alias	deprecated_api_compatibility	Retained dated compatibility identifier; canonical callers use Interl/StrictInterl terminology.
prec_chain_of_consecutive_of_endpoint	1	1	deprecated_compatibility	keep_deprecated_alias	deprecated_api_compatibility	Retained dated compatibility identifier; canonical callers use Interl/StrictInterl terminology.
prec_cofactor_of_common_root	1	1	deprecated_compatibility	use_canonical_keep_wrapper	deprecated_api_compatibility	Retained dated compatibility identifier; canonical callers use Interl/StrictInterl terminology.
prec_coloredSetPartitions_one_two	1	1	lean_declaration	manual_semantic_rename	deprecated_api_compatibility	Retained dated compatibility identifier; canonical callers use Interl/StrictInterl terminology.
prec_coloredSetPartitions_succ	1	1	tactic_declaration	manual_alias_then_migrate	deprecated_api_compatibility	Retained dated compatibility identifier; canonical callers use Interl/StrictInterl terminology.
prec_commonPhaseRestriction_pderiv	1	1	reference_or_local	migrate_with_declaration_owner	deprecated_api_compatibility	Retained dated compatibility identifier; canonical callers use Interl/StrictInterl terminology.
prec_comp_C_mul_X	1	1	deprecated_compatibility	use_canonical_keep_wrapper	deprecated_api_compatibility	Retained dated compatibility identifier; canonical callers use Interl/StrictInterl terminology.
prec_comp_C_mul_X_iff	1	1	deprecated_compatibility	use_canonical_keep_wrapper	deprecated_api_compatibility	Retained dated compatibility identifier; canonical callers use Interl/StrictInterl terminology.
prec_comp_X_add_C	1	1	deprecated_compatibility	use_canonical_keep_wrapper	deprecated_api_compatibility	Retained dated compatibility identifier; canonical callers use Interl/StrictInterl terminology.
prec_comp_X_add_C_iff	1	1	deprecated_compatibility	use_canonical_keep_wrapper	deprecated_api_compatibility	Retained dated compatibility identifier; canonical callers use Interl/StrictInterl terminology.
prec_comp_neg_X_of_sameDegree	1	1	deprecated_compatibility	use_canonical_keep_wrapper	deprecated_api_compatibility	Retained dated compatibility identifier; canonical callers use Interl/StrictInterl terminology.
prec_comp_one_sub_X_of_sameDegree	1	1	deprecated_compatibility	use_canonical_keep_wrapper	deprecated_api_compatibility	Retained dated compatibility identifier; canonical callers use Interl/StrictInterl terminology.
prec_component_of_prec_mul_X_of_roots_nonpos	1	1	lean_declaration	manual_semantic_rename	deprecated_api_compatibility	Retained dated compatibility identifier; canonical callers use Interl/StrictInterl terminology.
prec_component_of_prec_next_eq_add_X_mul	1	1	lean_declaration	manual_semantic_rename	deprecated_api_compatibility	Retained dated compatibility identifier; canonical callers use Interl/StrictInterl terminology.
prec_component_of_prec_next_eq_add_X_mul_of_roots_sum_le	1	1	lean_declaration	manual_semantic_rename	deprecated_api_compatibility	Retained dated compatibility identifier; canonical callers use Interl/StrictInterl terminology.
prec_convex_left	1	1	deprecated_compatibility	use_canonical_keep_wrapper	deprecated_api_compatibility	Retained dated compatibility identifier; canonical callers use Interl/StrictInterl terminology.
prec_convex_left_of_common_factor	1	1	deprecated_compatibility	use_canonical_keep_wrapper	deprecated_api_compatibility	Retained dated compatibility identifier; canonical callers use Interl/StrictInterl terminology.
prec_convex_right	1	1	deprecated_compatibility	use_canonical_keep_wrapper	deprecated_api_compatibility	Retained dated compatibility identifier; canonical callers use Interl/StrictInterl terminology.
prec_countP_eq	1	1	deprecated_compatibility	use_canonical_keep_wrapper	deprecated_api_compatibility	Retained dated compatibility identifier; canonical callers use Interl/StrictInterl terminology.
prec_degree_zero_degree_zero	1	1	deprecated_compatibility	use_canonical_keep_wrapper	deprecated_api_compatibility	Retained dated compatibility identifier; canonical callers use Interl/StrictInterl terminology.
prec_degree_zero_right_of_degree_one	1	1	deprecated_compatibility	use_canonical_keep_wrapper	deprecated_api_compatibility	Retained dated compatibility identifier; canonical callers use Interl/StrictInterl terminology.
prec_deriv_eval_mul_deriv_nonneg	1	1	deprecated_compatibility	keep_deprecated_alias	deprecated_api_compatibility	Retained dated compatibility identifier; canonical callers use Interl/StrictInterl terminology.
prec_derivative_endpointProduct	1	1	lean_declaration	manual_semantic_rename	deprecated_api_compatibility	Retained dated compatibility identifier; canonical callers use Interl/StrictInterl terminology.
prec_derivative_endpointProduct_sequence	1	1	tactic_declaration	manual_alias_then_migrate	deprecated_api_compatibility	Retained dated compatibility identifier; canonical callers use Interl/StrictInterl terminology.
prec_derivative_polarTheta	1	1	lean_declaration	manual_semantic_rename	deprecated_api_compatibility	Retained dated compatibility identifier; canonical callers use Interl/StrictInterl terminology.
prec_derivative_polarTheta_boundary	1	1	lean_declaration	manual_semantic_rename	deprecated_api_compatibility	Retained dated compatibility identifier; canonical callers use Interl/StrictInterl terminology.
prec_divX_left_of_prec_of_hasNonnegCoeffs_coeff_zero	1	1	deprecated_compatibility	keep_deprecated_alias	deprecated_api_compatibility	Retained dated compatibility identifier; canonical callers use Interl/StrictInterl terminology.
prec_divX_left_of_prec_sameDegree_of_hasNonnegCoeffs_coeff_zero	1	1	deprecated_compatibility	keep_deprecated_alias	deprecated_api_compatibility	Retained dated compatibility identifier; canonical callers use Interl/StrictInterl terminology.
prec_divX_left_of_prec_sameDegree_of_roots_nonpos_coeff_zero	1	1	deprecated_compatibility	keep_deprecated_alias	deprecated_api_compatibility	Retained dated compatibility identifier; canonical callers use Interl/StrictInterl terminology.
prec_endpointDerivative	1	1	lean_declaration	manual_semantic_rename	deprecated_api_compatibility	Retained dated compatibility identifier; canonical callers use Interl/StrictInterl terminology.
prec_endpointDerivative_sequence	1	1	tactic_declaration	manual_alias_then_migrate	deprecated_api_compatibility	Retained dated compatibility identifier; canonical callers use Interl/StrictInterl terminology.
prec_endpoint_X_then_sum_pair_sequence	1	1	tactic_declaration	manual_alias_then_migrate	deprecated_api_compatibility	Retained dated compatibility identifier; canonical callers use Interl/StrictInterl terminology.
prec_endpoint_X_then_sum_step	1	1	lean_declaration	manual_semantic_rename	deprecated_api_compatibility	Retained dated compatibility identifier; canonical callers use Interl/StrictInterl terminology.
prec_endpoint_sum_then_X_pair_sequence	1	1	tactic_declaration	manual_alias_then_migrate	deprecated_api_compatibility	Retained dated compatibility identifier; canonical callers use Interl/StrictInterl terminology.
prec_endpoint_sum_then_X_step	1	1	lean_declaration	manual_semantic_rename	deprecated_api_compatibility	Retained dated compatibility identifier; canonical callers use Interl/StrictInterl terminology.
prec_eulerInsertionStep	1	1	lean_declaration	manual_semantic_rename	deprecated_api_compatibility	Retained dated compatibility identifier; canonical callers use Interl/StrictInterl terminology.
prec_eulerianTilde_succ	1	1	tactic_declaration	manual_alias_then_migrate	deprecated_api_compatibility	Retained dated compatibility identifier; canonical callers use Interl/StrictInterl terminology.
prec_eulerianTilde_succ_of_prec_affine	1	1	lean_declaration	manual_semantic_rename	deprecated_api_compatibility	Retained dated compatibility identifier; canonical callers use Interl/StrictInterl terminology.
prec_fPolynomial_of_prec	2	1	tactic_declaration	manual_alias_then_migrate	legacy_tactic_compatibility	Retained parser/declaration compatibility; canonical tactic surface uses interl/strict_interl names.
prec_fPolynomial_of_prec_of_hasNonnegCoeffs_of_minimal	1	1	lean_declaration	manual_semantic_rename	deprecated_api_compatibility	Retained dated compatibility identifier; canonical callers use Interl/StrictInterl terminology.
prec_fPolynomial_sequence_of_prec	2	1	tactic_declaration	manual_alias_then_migrate	legacy_tactic_compatibility	Retained parser/declaration compatibility; canonical tactic surface uses interl/strict_interl names.
prec_forward_of_orientation_of_succDegree	1	1	deprecated_compatibility	use_canonical_keep_wrapper	deprecated_api_compatibility	Retained dated compatibility identifier; canonical callers use Interl/StrictInterl terminology.
prec_gammaTransform_succ_iff	1	1	lean_declaration	manual_semantic_rename	deprecated_api_compatibility	Retained dated compatibility identifier; canonical callers use Interl/StrictInterl terminology.
prec_generalizedLiuWang_of_no_common	1	1	tactic_declaration	manual_alias_then_migrate	deprecated_api_compatibility	Retained dated compatibility identifier; canonical callers use Interl/StrictInterl terminology.
prec_generalizedLiuWang_strict	1	1	tactic_declaration	manual_alias_then_migrate	deprecated_api_compatibility	Retained dated compatibility identifier; canonical callers use Interl/StrictInterl terminology.
prec_generalizedLiuWang_strict_same	1	1	tactic_declaration	manual_alias_then_migrate	deprecated_api_compatibility	Retained dated compatibility identifier; canonical callers use Interl/StrictInterl terminology.
prec_generalizedLiuWang_strict_succ	1	1	tactic_declaration	manual_alias_then_migrate	deprecated_api_compatibility	Retained dated compatibility identifier; canonical callers use Interl/StrictInterl terminology.
prec_get_staircaseSum_of_isInterlacingSeqNonneg	2	2	tactic_declaration	manual_alias_then_migrate	deprecated_api_compatibility	Retained dated compatibility identifier; canonical callers use Interl/StrictInterl terminology.
prec_iff_orderedRoot_bounds	1	1	lean_declaration	manual_semantic_rename	deprecated_api_compatibility	Retained dated compatibility identifier; canonical callers use Interl/StrictInterl terminology.
prec_iff_prec_divX_left_of_hasNonnegCoeffs_coeff_zero	1	1	deprecated_compatibility	keep_deprecated_alias	deprecated_api_compatibility	Retained dated compatibility identifier; canonical callers use Interl/StrictInterl terminology.
prec_iff_prec_fPolynomial_of_minimal_of_isRealRooted_of_hasNonnegCoeffs	1	1	lean_declaration	manual_semantic_rename	deprecated_api_compatibility	Retained dated compatibility identifier; canonical callers use Interl/StrictInterl terminology.
prec_iff_prec_mul_X	1	1	deprecated_compatibility	keep_deprecated_alias	deprecated_api_compatibility	Retained dated compatibility identifier; canonical callers use Interl/StrictInterl terminology.
prec_iff_prec_mul_X_add_one_both	1	1	lean_declaration	manual_semantic_rename	deprecated_api_compatibility	Retained dated compatibility identifier; canonical callers use Interl/StrictInterl terminology.
prec_iff_prec_mul_X_add_one_pow_both	1	1	lean_declaration	manual_semantic_rename	deprecated_api_compatibility	Retained dated compatibility identifier; canonical callers use Interl/StrictInterl terminology.
prec_iff_prec_mul_X_both_of_hasNonnegCoeffs	1	1	lean_declaration	manual_semantic_rename	deprecated_api_compatibility	Retained dated compatibility identifier; canonical callers use Interl/StrictInterl terminology.
prec_iff_prec_mul_X_both_of_roots_nonpos	1	1	deprecated_compatibility	use_canonical_keep_wrapper	deprecated_api_compatibility	Retained dated compatibility identifier; canonical callers use Interl/StrictInterl terminology.
prec_iff_prec_mul_X_of_roots_nonpos	1	1	deprecated_compatibility	keep_deprecated_alias	deprecated_api_compatibility	Retained dated compatibility identifier; canonical callers use Interl/StrictInterl terminology.
prec_iff_prec_mul_X_sub_C_both_of_roots_le	1	1	deprecated_compatibility	use_canonical_keep_wrapper	deprecated_api_compatibility	Retained dated compatibility identifier; canonical callers use Interl/StrictInterl terminology.
prec_iff_prec_mul_X_sub_C_of_roots_le	1	1	deprecated_compatibility	keep_deprecated_alias	deprecated_api_compatibility	Retained dated compatibility identifier; canonical callers use Interl/StrictInterl terminology.
prec_iff_rootSeqDesc	1	1	deprecated_compatibility	keep_deprecated_alias	deprecated_api_compatibility	Retained dated compatibility identifier; canonical callers use Interl/StrictInterl terminology.
prec_imag_real	4	1	tactic_reference	migrate_with_tactic_owner	legacy_tactic_compatibility	Retained parser/declaration compatibility; canonical tactic surface uses interl/strict_interl names.
prec_iterateTDeriv_succ	1	1	deprecated_compatibility	keep_deprecated_alias	deprecated_api_compatibility	Retained dated compatibility identifier; canonical callers use Interl/StrictInterl terminology.
prec_left_of_shifted_slots_polyOfDescRoots	1	1	deprecated_compatibility	keep_deprecated_alias	deprecated_api_compatibility	Retained dated compatibility identifier; canonical callers use Interl/StrictInterl terminology.
prec_left_of_shifted_slots_polyOfDescRootsDesc	1	1	deprecated_compatibility	keep_deprecated_alias	deprecated_api_compatibility	Retained dated compatibility identifier; canonical callers use Interl/StrictInterl terminology.
prec_left_pos_X_lag_combo_of_prec_nonneg	1	1	tactic_declaration	manual_alias_then_migrate	legacy_tactic_compatibility	Retained parser/declaration compatibility; canonical tactic surface uses interl/strict_interl names.
prec_lowerTerm_sturmDerangementsExc	1	1	lean_declaration	manual_semantic_rename	deprecated_api_compatibility	Retained dated compatibility identifier; canonical callers use Interl/StrictInterl terminology.
prec_lw_C_add_X_lag_of_roots_upper	1	1	deprecated_compatibility	keep_deprecated_alias	deprecated_api_compatibility	Retained dated compatibility identifier; canonical callers use Interl/StrictInterl terminology.
prec_lw_C_add_X_lag_sequence	1	1	tactic_declaration	manual_alias_then_migrate	deprecated_api_compatibility	Retained dated compatibility identifier; canonical callers use Interl/StrictInterl terminology.
prec_lw_C_add_X_lag_sequence_of_shift_nonneg_coeffs	1	1	tactic_declaration	manual_alias_then_migrate	deprecated_api_compatibility	Retained dated compatibility identifier; canonical callers use Interl/StrictInterl terminology.
prec_lw_C_mul_X_mul_C_sub_C_mul_X_lag_of_nonneg_coeffs	1	1	deprecated_compatibility	keep_deprecated_alias	deprecated_api_compatibility	Retained dated compatibility identifier; canonical callers use Interl/StrictInterl terminology.
prec_lw_C_mul_X_mul_C_sub_C_mul_X_lag_of_roots_nonpos	1	1	deprecated_compatibility	keep_deprecated_alias	deprecated_api_compatibility	Retained dated compatibility identifier; canonical callers use Interl/StrictInterl terminology.
prec_lw_C_mul_X_mul_C_sub_C_mul_X_lag_sequence	1	1	tactic_declaration	manual_alias_then_migrate	deprecated_api_compatibility	Retained dated compatibility identifier; canonical callers use Interl/StrictInterl terminology.
prec_lw_C_mul_X_mul_one_add_X_lag_sequence_of_nonneg_coeffs	1	1	tactic_declaration	manual_alias_then_migrate	deprecated_api_compatibility	Retained dated compatibility identifier; canonical callers use Interl/StrictInterl terminology.
prec_lw_C_mul_X_mul_one_sub_X_mul_one_add_X_lag_sequence_of_nonneg_coeffs	1	1	tactic_declaration	manual_alias_then_migrate	deprecated_api_compatibility	Retained dated compatibility identifier; canonical callers use Interl/StrictInterl terminology.
prec_lw_C_mul_X_sq_sub_one_lag_sequence_of_nonneg_coeffs	1	1	tactic_declaration	manual_alias_then_migrate	deprecated_api_compatibility	Retained dated compatibility identifier; canonical callers use Interl/StrictInterl terminology.
prec_lw_C_mul_X_sub_C_lag_of_nonneg_coeffs	1	1	deprecated_compatibility	keep_deprecated_alias	deprecated_api_compatibility	Retained dated compatibility identifier; canonical callers use Interl/StrictInterl terminology.
prec_lw_C_mul_X_sub_C_lag_of_roots_nonpos	1	1	deprecated_compatibility	keep_deprecated_alias	deprecated_api_compatibility	Retained dated compatibility identifier; canonical callers use Interl/StrictInterl terminology.
prec_lw_C_mul_X_sub_C_lag_sequence	1	1	tactic_declaration	manual_alias_then_migrate	deprecated_api_compatibility	Retained dated compatibility identifier; canonical callers use Interl/StrictInterl terminology.
prec_lw_C_mul_X_sub_X_pow_three_lag_sequence_of_nonneg_coeffs	1	1	tactic_declaration	manual_alias_then_migrate	deprecated_api_compatibility	Retained dated compatibility identifier; canonical callers use Interl/StrictInterl terminology.
prec_lw_C_mul_one_add_X_mul_one_add_two_mul_X_lag_sequence	1	1	tactic_declaration	manual_alias_then_migrate	deprecated_api_compatibility	Retained dated compatibility identifier; canonical callers use Interl/StrictInterl terminology.
prec_lw_X_mul_C_sub_C_mul_X_lag_of_nonneg_coeffs	1	1	deprecated_compatibility	keep_deprecated_alias	deprecated_api_compatibility	Retained dated compatibility identifier; canonical callers use Interl/StrictInterl terminology.
prec_lw_X_mul_C_sub_C_mul_X_lag_of_roots_nonpos	1	1	deprecated_compatibility	keep_deprecated_alias	deprecated_api_compatibility	Retained dated compatibility identifier; canonical callers use Interl/StrictInterl terminology.
prec_lw_X_mul_C_sub_C_mul_X_lag_sequence	1	1	tactic_declaration	manual_alias_then_migrate	deprecated_api_compatibility	Retained dated compatibility identifier; canonical callers use Interl/StrictInterl terminology.
prec_lw_X_mul_one_add_X_lag_sequence_of_nonneg_coeffs	1	1	tactic_declaration	manual_alias_then_migrate	deprecated_api_compatibility	Retained dated compatibility identifier; canonical callers use Interl/StrictInterl terminology.
prec_lw_X_mul_one_sub_X_lag_of_nonneg_coeffs	1	1	deprecated_compatibility	keep_deprecated_alias	deprecated_api_compatibility	Retained dated compatibility identifier; canonical callers use Interl/StrictInterl terminology.
prec_lw_X_mul_one_sub_X_lag_of_roots_nonpos	1	1	deprecated_compatibility	keep_deprecated_alias	deprecated_api_compatibility	Retained dated compatibility identifier; canonical callers use Interl/StrictInterl terminology.
prec_lw_X_mul_one_sub_X_lag_sequence	1	1	tactic_declaration	manual_alias_then_migrate	deprecated_api_compatibility	Retained dated compatibility identifier; canonical callers use Interl/StrictInterl terminology.
prec_lw_X_mul_one_sub_X_mul_one_add_X_lag_sequence_of_nonneg_coeffs	1	1	tactic_declaration	manual_alias_then_migrate	deprecated_api_compatibility	Retained dated compatibility identifier; canonical callers use Interl/StrictInterl terminology.
prec_lw_X_sq_sub_one_lag_sequence_of_nonneg_coeffs	1	1	deprecated_compatibility	keep_deprecated_alias	deprecated_api_compatibility	Retained dated compatibility identifier; canonical callers use Interl/StrictInterl terminology.
prec_lw_X_sub_X_pow_three_lag_sequence_of_nonneg_coeffs	1	1	tactic_declaration	manual_alias_then_migrate	deprecated_api_compatibility	Retained dated compatibility identifier; canonical callers use Interl/StrictInterl terminology.
prec_lw_c_tR_lag_sequence	1	1	deprecated_compatibility	keep_deprecated_alias	deprecated_api_compatibility	Retained dated compatibility identifier; canonical callers use Interl/StrictInterl terminology.
prec_lw_current_CX_positive_t_lag_sequence	1	1	tactic_declaration	manual_alias_then_migrate	deprecated_api_compatibility	Retained dated compatibility identifier; canonical callers use Interl/StrictInterl terminology.
prec_lw_current_X_positive_t_lag_sequence	1	1	tactic_declaration	manual_alias_then_migrate	deprecated_api_compatibility	Retained dated compatibility identifier; canonical callers use Interl/StrictInterl terminology.
prec_lw_current_one_add_X_positive_t_lag_sequence	1	1	tactic_declaration	manual_alias_then_migrate	deprecated_api_compatibility	Retained dated compatibility identifier; canonical callers use Interl/StrictInterl terminology.
prec_lw_derivative_lag_of_nonpos	1	1	lean_declaration	manual_semantic_rename	deprecated_api_compatibility	Retained dated compatibility identifier; canonical callers use Interl/StrictInterl terminology.
prec_lw_derivative_lag_sequence	1	1	tactic_declaration	manual_alias_then_migrate	deprecated_api_compatibility	Retained dated compatibility identifier; canonical callers use Interl/StrictInterl terminology.
prec_lw_derivative_lag_sequence_of_root_signs	2	2	tactic_declaration	manual_alias_then_migrate	deprecated_api_compatibility	Retained dated compatibility identifier; canonical callers use Interl/StrictInterl terminology.
prec_lw_derivative_lag_sequence_of_root_window	1	1	tactic_declaration	manual_alias_then_migrate	deprecated_api_compatibility	Retained dated compatibility identifier; canonical callers use Interl/StrictInterl terminology.
prec_lw_inner_window_lag_sequence_of_nonneg_coeffs	1	1	deprecated_compatibility	keep_deprecated_alias	deprecated_api_compatibility	Retained dated compatibility identifier; canonical callers use Interl/StrictInterl terminology.
prec_lw_interval_lag_sequence	1	1	deprecated_compatibility	keep_deprecated_alias	deprecated_api_compatibility	Retained dated compatibility identifier; canonical callers use Interl/StrictInterl terminology.
prec_lw_neg_C_mul_affine_inner_lag_sequence_of_nonneg_coeffs	1	1	tactic_declaration	manual_alias_then_migrate	deprecated_api_compatibility	Retained dated compatibility identifier; canonical callers use Interl/StrictInterl terminology.
prec_lw_neg_C_mul_one_add_X_lag_sequence_den_coeff_of_nonneg_coeffs	1	1	tactic_declaration	manual_alias_then_migrate	deprecated_api_compatibility	Retained dated compatibility identifier; canonical callers use Interl/StrictInterl terminology.
prec_lw_neg_C_mul_one_add_X_lag_sequence_of_nonneg_coeffs	1	1	tactic_declaration	manual_alias_then_migrate	deprecated_api_compatibility	Retained dated compatibility identifier; canonical callers use Interl/StrictInterl terminology.
prec_lw_neg_C_mul_one_add_two_mul_X_lag_sequence_of_nonneg_coeffs	1	1	tactic_declaration	manual_alias_then_migrate	deprecated_api_compatibility	Retained dated compatibility identifier; canonical callers use Interl/StrictInterl terminology.
prec_lw_negative_const_C_neg_lag_sequence	1	1	tactic_declaration	manual_alias_then_migrate	deprecated_api_compatibility	Retained dated compatibility identifier; canonical callers use Interl/StrictInterl terminology.
prec_lw_negative_const_lag	1	1	tactic_declaration	manual_alias_then_migrate	deprecated_api_compatibility	Retained dated compatibility identifier; canonical callers use Interl/StrictInterl terminology.
prec_lw_negative_const_lag_C_neg	1	1	tactic_declaration	manual_alias_then_migrate	deprecated_api_compatibility	Retained dated compatibility identifier; canonical callers use Interl/StrictInterl terminology.
prec_lw_negative_const_lag_sequence	1	1	tactic_declaration	manual_alias_then_migrate	deprecated_api_compatibility	Retained dated compatibility identifier; canonical callers use Interl/StrictInterl terminology.
prec_lw_negative_monic_quadratic_lag	1	1	tactic_declaration	manual_alias_then_migrate	deprecated_api_compatibility	Retained dated compatibility identifier; canonical callers use Interl/StrictInterl terminology.
prec_lw_negative_monic_quadratic_lag_sequence	1	1	tactic_declaration	manual_alias_then_migrate	deprecated_api_compatibility	Retained dated compatibility identifier; canonical callers use Interl/StrictInterl terminology.
prec_lw_negative_quadratic_lag	1	1	tactic_declaration	manual_alias_then_migrate	deprecated_api_compatibility	Retained dated compatibility identifier; canonical callers use Interl/StrictInterl terminology.
prec_lw_negative_quadratic_lag_sequence	1	1	tactic_declaration	manual_alias_then_migrate	deprecated_api_compatibility	Retained dated compatibility identifier; canonical callers use Interl/StrictInterl terminology.
prec_lw_negative_quadratic_lag_sequence_den_coeff	1	1	tactic_declaration	manual_alias_then_migrate	deprecated_api_compatibility	Retained dated compatibility identifier; canonical callers use Interl/StrictInterl terminology.
prec_lw_negative_square_lag	1	1	tactic_declaration	manual_alias_then_migrate	deprecated_api_compatibility	Retained dated compatibility identifier; canonical callers use Interl/StrictInterl terminology.
prec_lw_negative_square_lag_sequence	1	1	tactic_declaration	manual_alias_then_migrate	deprecated_api_compatibility	Retained dated compatibility identifier; canonical callers use Interl/StrictInterl terminology.
prec_lw_negative_square_lag_sequence_den_coeff	1	1	tactic_declaration	manual_alias_then_migrate	deprecated_api_compatibility	Retained dated compatibility identifier; canonical callers use Interl/StrictInterl terminology.
prec_lw_negative_square_lag_sequence_unit	1	1	tactic_declaration	manual_alias_then_migrate	deprecated_api_compatibility	Retained dated compatibility identifier; canonical callers use Interl/StrictInterl terminology.
prec_lw_nonpos_lag_sequence	1	1	tactic_declaration	manual_alias_then_migrate	deprecated_api_compatibility	Retained dated compatibility identifier; canonical callers use Interl/StrictInterl terminology.
prec_lw_nonpos_lag_sequence_den	1	1	tactic_declaration	manual_alias_then_migrate	deprecated_api_compatibility	Retained dated compatibility identifier; canonical callers use Interl/StrictInterl terminology.
prec_lw_nonpos_lag_sequence_of_inductive_nonpos	1	1	deprecated_compatibility	keep_deprecated_alias	deprecated_api_compatibility	Retained dated compatibility identifier; canonical callers use Interl/StrictInterl terminology.
prec_lw_one_add_X_mul_one_add_two_mul_X_lag_sequence	1	1	tactic_declaration	manual_alias_then_migrate	deprecated_api_compatibility	Retained dated compatibility identifier; canonical callers use Interl/StrictInterl terminology.
prec_lw_positive_C_mul_X_mul_lag_of_nonneg_coeffs	1	1	tactic_declaration	manual_alias_then_migrate	deprecated_api_compatibility	Retained dated compatibility identifier; canonical callers use Interl/StrictInterl terminology.
prec_lw_positive_C_mul_X_mul_lag_of_roots_nonpos	1	1	tactic_declaration	manual_alias_then_migrate	deprecated_api_compatibility	Retained dated compatibility identifier; canonical callers use Interl/StrictInterl terminology.
prec_lw_positive_C_mul_X_mul_lag_sequence	1	1	tactic_declaration	manual_alias_then_migrate	deprecated_api_compatibility	Retained dated compatibility identifier; canonical callers use Interl/StrictInterl terminology.
prec_lw_positive_X_lag_of_roots_nonpos	1	1	tactic_declaration	manual_alias_then_migrate	deprecated_api_compatibility	Retained dated compatibility identifier; canonical callers use Interl/StrictInterl terminology.
prec_lw_positive_X_lag_sequence	1	1	tactic_declaration	manual_alias_then_migrate	deprecated_api_compatibility	Retained dated compatibility identifier; canonical callers use Interl/StrictInterl terminology.
prec_lw_positive_X_mul_lag_of_nonneg_coeffs	1	1	tactic_declaration	manual_alias_then_migrate	deprecated_api_compatibility	Retained dated compatibility identifier; canonical callers use Interl/StrictInterl terminology.
prec_lw_positive_X_mul_lag_of_roots_nonpos	1	1	tactic_declaration	manual_alias_then_migrate	deprecated_api_compatibility	Retained dated compatibility identifier; canonical callers use Interl/StrictInterl terminology.
prec_lw_positive_X_mul_lag_sequence	1	1	tactic_declaration	manual_alias_then_migrate	deprecated_api_compatibility	Retained dated compatibility identifier; canonical callers use Interl/StrictInterl terminology.
prec_lw_positive_affine_lag_of_roots_upper	1	1	deprecated_compatibility	keep_deprecated_alias	deprecated_api_compatibility	Retained dated compatibility identifier; canonical callers use Interl/StrictInterl terminology.
prec_lw_positive_affine_lag_sequence	1	1	tactic_declaration	manual_alias_then_migrate	deprecated_api_compatibility	Retained dated compatibility identifier; canonical callers use Interl/StrictInterl terminology.
prec_lw_positive_affine_lag_sequence_of_shift_nonneg_coeffs	1	1	tactic_declaration	manual_alias_then_migrate	deprecated_api_compatibility	Retained dated compatibility identifier; canonical callers use Interl/StrictInterl terminology.
prec_lw_positive_t_lag_of_nonneg_coeffs	1	1	tactic_declaration	manual_alias_then_migrate	deprecated_api_compatibility	Retained dated compatibility identifier; canonical callers use Interl/StrictInterl terminology.
prec_lw_positive_t_lag_of_nonneg_coeffs_of_recurrence	1	1	tactic_declaration	manual_alias_then_migrate	deprecated_api_compatibility	Retained dated compatibility identifier; canonical callers use Interl/StrictInterl terminology.
prec_lw_positive_t_lag_of_roots_nonpos	1	1	tactic_declaration	manual_alias_then_migrate	deprecated_api_compatibility	Retained dated compatibility identifier; canonical callers use Interl/StrictInterl terminology.
prec_lw_positive_t_lag_sequence	1	1	tactic_declaration	manual_alias_then_migrate	deprecated_api_compatibility	Retained dated compatibility identifier; canonical callers use Interl/StrictInterl terminology.
prec_lw_tR_lag_of_nonneg_coeffs	1	1	deprecated_compatibility	keep_deprecated_alias	deprecated_api_compatibility	Retained dated compatibility identifier; canonical callers use Interl/StrictInterl terminology.
prec_lw_tR_lag_of_roots_nonpos	1	1	deprecated_compatibility	keep_deprecated_alias	deprecated_api_compatibility	Retained dated compatibility identifier; canonical callers use Interl/StrictInterl terminology.
prec_lw_tR_lag_sequence	1	1	tactic_declaration	manual_alias_then_migrate	deprecated_api_compatibility	Retained dated compatibility identifier; canonical callers use Interl/StrictInterl terminology.
prec_lw_two_of_nonpos	1	1	tactic_declaration	manual_alias_then_migrate	deprecated_api_compatibility	Retained dated compatibility identifier; canonical callers use Interl/StrictInterl terminology.
prec_lw_two_of_nonpos_of_recurrence	1	1	tactic_declaration	manual_alias_then_migrate	deprecated_api_compatibility	Retained dated compatibility identifier; canonical callers use Interl/StrictInterl terminology.
prec_lw_two_strict_branch_of_neg	1	1	tactic_declaration	manual_alias_then_migrate	deprecated_api_compatibility	Retained dated compatibility identifier; canonical callers use Interl/StrictInterl terminology.
prec_lw_two_strict_of_neg	1	1	tactic_declaration	manual_alias_then_migrate	deprecated_api_compatibility	Retained dated compatibility identifier; canonical callers use Interl/StrictInterl terminology.
prec_lw_two_strict_same_of_neg	1	1	tactic_declaration	manual_alias_then_migrate	deprecated_api_compatibility	Retained dated compatibility identifier; canonical callers use Interl/StrictInterl terminology.
prec_lw_two_strict_succ_of_neg	1	1	tactic_declaration	manual_alias_then_migrate	deprecated_api_compatibility	Retained dated compatibility identifier; canonical callers use Interl/StrictInterl terminology.
prec_ma_wang	1	1	tactic_declaration	manual_alias_then_migrate	deprecated_api_compatibility	Retained dated compatibility identifier; canonical callers use Interl/StrictInterl terminology.
prec_ma_wang_same	1	1	tactic_declaration	manual_alias_then_migrate	deprecated_api_compatibility	Retained dated compatibility identifier; canonical callers use Interl/StrictInterl terminology.
prec_ma_wang_succ	1	1	tactic_declaration	manual_alias_then_migrate	deprecated_api_compatibility	Retained dated compatibility identifier; canonical callers use Interl/StrictInterl terminology.
prec_motzkin_shifted_succ	1	1	lean_declaration	manual_semantic_rename	deprecated_api_compatibility	Retained dated compatibility identifier; canonical callers use Interl/StrictInterl terminology.
prec_motzkin_succ	1	1	tactic_declaration	manual_alias_then_migrate	deprecated_api_compatibility	Retained dated compatibility identifier; canonical callers use Interl/StrictInterl terminology.
prec_motzkin_succ_and_roots_le	1	1	lean_declaration	manual_semantic_rename	deprecated_api_compatibility	Retained dated compatibility identifier; canonical callers use Interl/StrictInterl terminology.
prec_motzkin_succ_of_shifted_even	1	1	lean_declaration	manual_semantic_rename	deprecated_api_compatibility	Retained dated compatibility identifier; canonical callers use Interl/StrictInterl terminology.
prec_motzkin_succ_of_shifted_odd	1	1	lean_declaration	manual_semantic_rename	deprecated_api_compatibility	Retained dated compatibility identifier; canonical callers use Interl/StrictInterl terminology.
prec_motzkin_zero_one	1	1	lean_declaration	manual_semantic_rename	deprecated_api_compatibility	Retained dated compatibility identifier; canonical callers use Interl/StrictInterl terminology.
prec_mul_X_both_of_prec_of_nonneg	1	1	deprecated_compatibility	use_canonical_keep_wrapper	deprecated_api_compatibility	Retained dated compatibility identifier; canonical callers use Interl/StrictInterl terminology.
prec_mul_X_both_of_roots_nonpos	1	1	deprecated_compatibility	use_canonical_keep_wrapper	deprecated_api_compatibility	Retained dated compatibility identifier; canonical callers use Interl/StrictInterl terminology.
prec_mul_X_of_prec_of_nonneg	1	1	deprecated_compatibility	keep_deprecated_alias	deprecated_api_compatibility	Retained dated compatibility identifier; canonical callers use Interl/StrictInterl terminology.
prec_mul_X_sub_C_both	1	1	deprecated_compatibility	use_canonical_keep_wrapper	deprecated_api_compatibility	Retained dated compatibility identifier; canonical callers use Interl/StrictInterl terminology.
prec_mul_X_sub_C_both_of_roots_le	1	1	deprecated_compatibility	use_canonical_keep_wrapper	deprecated_api_compatibility	Retained dated compatibility identifier; canonical callers use Interl/StrictInterl terminology.
prec_mul_X_sub_C_of_linearCombo_quotient	1	1	deprecated_compatibility	keep_deprecated_alias	deprecated_api_compatibility	Retained dated compatibility identifier; canonical callers use Interl/StrictInterl terminology.
prec_mul_common_factor	1	1	deprecated_compatibility	use_canonical_keep_wrapper	deprecated_api_compatibility	Retained dated compatibility identifier; canonical callers use Interl/StrictInterl terminology.
prec_mw_derivative_C_mul_X_mul_of_nonneg_on_roots	1	1	tactic_declaration	manual_alias_then_migrate	deprecated_api_compatibility	Retained dated compatibility identifier; canonical callers use Interl/StrictInterl terminology.
prec_mw_derivative_C_mul_X_mul_one_add_X_sequence_of_nonneg_coeffs	1	1	tactic_declaration	manual_alias_then_migrate	deprecated_api_compatibility	Retained dated compatibility identifier; canonical callers use Interl/StrictInterl terminology.
prec_mw_derivative_C_mul_X_mul_one_sub_X_sequence	1	1	tactic_declaration	manual_alias_then_migrate	deprecated_api_compatibility	Retained dated compatibility identifier; canonical callers use Interl/StrictInterl terminology.
prec_mw_derivative_C_mul_X_mul_one_sub_X_sequence_of_nonneg_coeffs	1	1	tactic_declaration	manual_alias_then_migrate	deprecated_api_compatibility	Retained dated compatibility identifier; canonical callers use Interl/StrictInterl terminology.
prec_mw_derivative_C_mul_X_mul_sequence_den_coeff_of_nonneg_coeffs	1	1	tactic_declaration	manual_alias_then_migrate	deprecated_api_compatibility	Retained dated compatibility identifier; canonical callers use Interl/StrictInterl terminology.
prec_mw_derivative_C_mul_X_mul_sequence_of_nonneg_coeffs	1	1	tactic_declaration	manual_alias_then_migrate	deprecated_api_compatibility	Retained dated compatibility identifier; canonical callers use Interl/StrictInterl terminology.
prec_mw_derivative_C_mul_X_sequence_of_nonneg_coeffs	1	1	tactic_declaration	manual_alias_then_migrate	deprecated_api_compatibility	Retained dated compatibility identifier; canonical callers use Interl/StrictInterl terminology.
prec_mw_derivative_C_mul_X_sub_one_sequence	1	1	tactic_declaration	manual_alias_then_migrate	deprecated_api_compatibility	Retained dated compatibility identifier; canonical callers use Interl/StrictInterl terminology.
prec_mw_derivative_C_mul_one_add_X_sequence	1	1	tactic_declaration	manual_alias_then_migrate	deprecated_api_compatibility	Retained dated compatibility identifier; canonical callers use Interl/StrictInterl terminology.
prec_mw_derivative_C_neg_mul_X_sq_sequence	1	1	tactic_declaration	manual_alias_then_migrate	deprecated_api_compatibility	Retained dated compatibility identifier; canonical callers use Interl/StrictInterl terminology.
prec_mw_derivative_X_mul_of_nonneg_on_roots	1	1	tactic_declaration	manual_alias_then_migrate	deprecated_api_compatibility	Retained dated compatibility identifier; canonical callers use Interl/StrictInterl terminology.
prec_mw_derivative_X_mul_one_add_X_of_roots_in_Icc	1	1	tactic_declaration	manual_alias_then_migrate	deprecated_api_compatibility	Retained dated compatibility identifier; canonical callers use Interl/StrictInterl terminology.
prec_mw_derivative_X_mul_one_add_X_sequence_of_nonneg_coeffs	1	1	tactic_declaration	manual_alias_then_migrate	deprecated_api_compatibility	Retained dated compatibility identifier; canonical callers use Interl/StrictInterl terminology.
prec_mw_derivative_X_mul_sequence_of_nonneg_coeffs	1	1	tactic_declaration	manual_alias_then_migrate	deprecated_api_compatibility	Retained dated compatibility identifier; canonical callers use Interl/StrictInterl terminology.
prec_mw_derivative_X_sequence_of_nonneg_coeffs	1	1	tactic_declaration	manual_alias_then_migrate	deprecated_api_compatibility	Retained dated compatibility identifier; canonical callers use Interl/StrictInterl terminology.
prec_mw_derivative_X_sub_one_mul_C_sequence	1	1	tactic_declaration	manual_alias_then_migrate	deprecated_api_compatibility	Retained dated compatibility identifier; canonical callers use Interl/StrictInterl terminology.
prec_mw_derivative_X_sub_one_sequence	1	1	tactic_declaration	manual_alias_then_migrate	deprecated_api_compatibility	Retained dated compatibility identifier; canonical callers use Interl/StrictInterl terminology.
prec_mw_derivative_neg_C_mul_X_mul_one_add_X_of_roots_le_neg_one	1	1	tactic_declaration	manual_alias_then_migrate	deprecated_api_compatibility	Retained dated compatibility identifier; canonical callers use Interl/StrictInterl terminology.
prec_mw_derivative_neg_C_mul_X_mul_one_add_X_sequence	1	1	tactic_declaration	manual_alias_then_migrate	deprecated_api_compatibility	Retained dated compatibility identifier; canonical callers use Interl/StrictInterl terminology.
prec_mw_derivative_neg_C_mul_X_sq	1	1	tactic_declaration	manual_alias_then_migrate	deprecated_api_compatibility	Retained dated compatibility identifier; canonical callers use Interl/StrictInterl terminology.
prec_mw_derivative_neg_C_mul_X_sq_product_sequence	1	1	tactic_declaration	manual_alias_then_migrate	deprecated_api_compatibility	Retained dated compatibility identifier; canonical callers use Interl/StrictInterl terminology.
prec_mw_derivative_neg_C_mul_X_sq_sequence	1	1	tactic_declaration	manual_alias_then_migrate	deprecated_api_compatibility	Retained dated compatibility identifier; canonical callers use Interl/StrictInterl terminology.
prec_mw_derivative_neg_C_sequence	1	1	tactic_declaration	manual_alias_then_migrate	deprecated_api_compatibility	Retained dated compatibility identifier; canonical callers use Interl/StrictInterl terminology.
prec_mw_derivative_neg_const	1	1	tactic_declaration	manual_alias_then_migrate	deprecated_api_compatibility	Retained dated compatibility identifier; canonical callers use Interl/StrictInterl terminology.
prec_mw_derivative_neg_const_sequence	1	1	tactic_declaration	manual_alias_then_migrate	deprecated_api_compatibility	Retained dated compatibility identifier; canonical callers use Interl/StrictInterl terminology.
prec_mw_derivative_nonpos_sequence	1	1	tactic_declaration	manual_alias_then_migrate	deprecated_api_compatibility	Retained dated compatibility identifier; canonical callers use Interl/StrictInterl terminology.
prec_mw_derivative_nonpos_sequence_den_coeff_of_nonneg_coeffs	1	1	tactic_declaration	manual_alias_then_migrate	deprecated_api_compatibility	Retained dated compatibility identifier; canonical callers use Interl/StrictInterl terminology.
prec_mw_derivative_nonpos_sequence_of_nonneg_coeffs	1	1	tactic_declaration	manual_alias_then_migrate	deprecated_api_compatibility	Retained dated compatibility identifier; canonical callers use Interl/StrictInterl terminology.
prec_mw_derivative_nonpos_sequence_of_nonneg_coeffs_on_roots	1	1	tactic_declaration	manual_alias_then_migrate	deprecated_api_compatibility	Retained dated compatibility identifier; canonical callers use Interl/StrictInterl terminology.
prec_mw_derivative_of_nonpos	1	1	tactic_declaration	manual_alias_then_migrate	deprecated_api_compatibility	Retained dated compatibility identifier; canonical callers use Interl/StrictInterl terminology.
prec_mw_derivative_of_nonpos_of_pos_natDegree	1	1	deprecated_compatibility	keep_deprecated_alias	deprecated_api_compatibility	Retained dated compatibility identifier; canonical callers use Interl/StrictInterl terminology.
prec_mw_derivative_of_nonpos_of_recurrence	1	1	tactic_declaration	manual_alias_then_migrate	deprecated_api_compatibility	Retained dated compatibility identifier; canonical callers use Interl/StrictInterl terminology.
prec_mw_derivative_one_add_X_mul_C_sequence	1	1	tactic_declaration	manual_alias_then_migrate	deprecated_api_compatibility	Retained dated compatibility identifier; canonical callers use Interl/StrictInterl terminology.
prec_mw_derivative_one_add_X_mul_one_add_two_mul_X_of_roots_in_interval	1	1	tactic_declaration	manual_alias_then_migrate	deprecated_api_compatibility	Retained dated compatibility identifier; canonical callers use Interl/StrictInterl terminology.
prec_mw_derivative_one_add_X_mul_one_add_two_mul_X_sequence	1	1	tactic_declaration	manual_alias_then_migrate	deprecated_api_compatibility	Retained dated compatibility identifier; canonical callers use Interl/StrictInterl terminology.
prec_mw_derivative_one_add_X_sequence	1	1	tactic_declaration	manual_alias_then_migrate	deprecated_api_compatibility	Retained dated compatibility identifier; canonical callers use Interl/StrictInterl terminology.
prec_mw_lw_derivative_lag_sequence	1	1	tactic_declaration	manual_alias_then_migrate	deprecated_api_compatibility	Retained dated compatibility identifier; canonical callers use Interl/StrictInterl terminology.
prec_mw_lw_derivative_lag_sequence_den_coeff_of_nonneg_coeffs	1	1	tactic_declaration	manual_alias_then_migrate	deprecated_api_compatibility	Retained dated compatibility identifier; canonical callers use Interl/StrictInterl terminology.
prec_mw_lw_derivative_lag_sequence_den_coeff_of_root_window	1	1	tactic_declaration	manual_alias_then_migrate	deprecated_api_compatibility	Retained dated compatibility identifier; canonical callers use Interl/StrictInterl terminology.
prec_mw_lw_derivative_lag_sequence_of_nonneg_coeffs	1	1	deprecated_compatibility	keep_deprecated_alias	deprecated_api_compatibility	Retained dated compatibility identifier; canonical callers use Interl/StrictInterl terminology.
prec_mw_lw_derivative_lag_sequence_of_nonneg_coeffs_on_roots	1	1	tactic_declaration	manual_alias_then_migrate	deprecated_api_compatibility	Retained dated compatibility identifier; canonical callers use Interl/StrictInterl terminology.
prec_mw_lw_derivative_lag_sequence_of_root_signs	1	1	deprecated_compatibility	keep_deprecated_alias	deprecated_api_compatibility	Retained dated compatibility identifier; canonical callers use Interl/StrictInterl terminology.
prec_mw_lw_derivative_lag_sequence_of_root_window	1	1	tactic_declaration	manual_alias_then_migrate	deprecated_api_compatibility	Retained dated compatibility identifier; canonical callers use Interl/StrictInterl terminology.
prec_narayanaPolynomial_one_two	1	1	lean_declaration	manual_semantic_rename	deprecated_api_compatibility	Retained dated compatibility identifier; canonical callers use Interl/StrictInterl terminology.
prec_narayanaPolynomial_succ	2	2	tactic_declaration	manual_alias_then_migrate	deprecated_api_compatibility	Retained dated compatibility identifier; canonical callers use Interl/StrictInterl terminology.
prec_narayanaQuot_succ_of_nonnegCoeffs	1	1	tactic_declaration	manual_alias_then_migrate	deprecated_api_compatibility	Retained dated compatibility identifier; canonical callers use Interl/StrictInterl terminology.
prec_narayanaZeroGammaPolynomial_succ	1	1	lean_declaration	manual_semantic_rename	deprecated_api_compatibility	Retained dated compatibility identifier; canonical callers use Interl/StrictInterl terminology.
prec_neg_darbouxOperator_of_roots_mem_Icc	1	1	lean_declaration	manual_semantic_rename	deprecated_api_compatibility	Retained dated compatibility identifier; canonical callers use Interl/StrictInterl terminology.
prec_neg_insertionOperator	2	2	lean_declaration	manual_semantic_rename	deprecated_api_compatibility	Retained dated compatibility identifier; canonical callers use Interl/StrictInterl terminology.
prec_nonneg_combo_left	1	1	deprecated_compatibility	use_canonical_keep_wrapper	deprecated_api_compatibility	Retained dated compatibility identifier; canonical callers use Interl/StrictInterl terminology.
prec_nonneg_combo_right	1	1	deprecated_compatibility	use_canonical_keep_wrapper	deprecated_api_compatibility	Retained dated compatibility identifier; canonical callers use Interl/StrictInterl terminology.
prec_of_affine_family_nonneg	1	1	deprecated_compatibility	keep_deprecated_alias	deprecated_api_compatibility	Retained dated compatibility identifier; canonical callers use Interl/StrictInterl terminology.
prec_of_affine_family_nonneg_degree_one	1	1	reference_or_local	migrate_with_declaration_owner	deprecated_api_compatibility	Retained dated compatibility identifier; canonical callers use Interl/StrictInterl terminology.
prec_of_affine_segment_endpoint_pf_nonneg	1	1	deprecated_compatibility	keep_deprecated_alias	deprecated_api_compatibility	Retained dated compatibility identifier; canonical callers use Interl/StrictInterl terminology.
prec_of_affine_segment_endpoint_pf_sameDegree_nonneg	1	1	deprecated_compatibility	keep_deprecated_alias	deprecated_api_compatibility	Retained dated compatibility identifier; canonical callers use Interl/StrictInterl terminology.
prec_of_affine_segment_endpoint_tnn_nonneg	1	1	deprecated_compatibility	keep_deprecated_alias	deprecated_api_compatibility	Retained dated compatibility identifier; canonical callers use Interl/StrictInterl terminology.
prec_of_affine_segment_endpoint_tnn_sameDegree_nonneg	1	1	deprecated_compatibility	keep_deprecated_alias	deprecated_api_compatibility	Retained dated compatibility identifier; canonical callers use Interl/StrictInterl terminology.
prec_of_affine_segment_endpoints_nonneg	1	1	deprecated_compatibility	keep_deprecated_alias	deprecated_api_compatibility	Retained dated compatibility identifier; canonical callers use Interl/StrictInterl terminology.
prec_of_affine_segment_endpoints_sameDegree_nonneg	1	1	deprecated_compatibility	keep_deprecated_alias	deprecated_api_compatibility	Retained dated compatibility identifier; canonical callers use Interl/StrictInterl terminology.
prec_of_allComboRealRooted	1	1	deprecated_compatibility	use_canonical_keep_wrapper	deprecated_api_compatibility	Retained dated compatibility identifier; canonical callers use Interl/StrictInterl terminology.
prec_of_allComboRealRooted_of_sameDegree_of_nonneg_of_eval_cross_gt	1	1	lean_declaration	manual_semantic_rename	deprecated_api_compatibility	Retained dated compatibility identifier; canonical callers use Interl/StrictInterl terminology.
prec_of_allComboRealRooted_of_wronskian_nonneg	1	1	deprecated_compatibility	keep_deprecated_alias	deprecated_api_compatibility	Retained dated compatibility identifier; canonical callers use Interl/StrictInterl terminology.
prec_of_compatible_and_X_mul_left	1	1	deprecated_compatibility	keep_deprecated_alias	deprecated_api_compatibility	Retained dated compatibility identifier; canonical callers use Interl/StrictInterl terminology.
prec_of_count_bounds_same	2	1	deprecated_compatibility	keep_deprecated_alias	deprecated_api_compatibility	Retained dated compatibility identifier; canonical callers use Interl/StrictInterl terminology.
prec_of_count_bounds_succ	2	1	deprecated_compatibility	keep_deprecated_alias	deprecated_api_compatibility	Retained dated compatibility identifier; canonical callers use Interl/StrictInterl terminology.
prec_of_generalized_laguerre_second_derivative	1	1	tactic_declaration	manual_alias_then_migrate	deprecated_api_compatibility	Retained dated compatibility identifier; canonical callers use Interl/StrictInterl terminology.
prec_of_interlaces_endpoint_sign_of_no_crossing	2	1	deprecated_compatibility	use_canonical_keep_wrapper	deprecated_api_compatibility	Retained dated compatibility identifier; canonical callers use Interl/StrictInterl terminology.
prec_of_interlaces_evalCoeff_neg	2	1	deprecated_compatibility	use_canonical_keep_wrapper	deprecated_api_compatibility	Retained dated compatibility identifier; canonical callers use Interl/StrictInterl terminology.
prec_of_interlaces_evalCoeff_neg_same	2	1	deprecated_compatibility	use_canonical_keep_wrapper	deprecated_api_compatibility	Retained dated compatibility identifier; canonical callers use Interl/StrictInterl terminology.
prec_of_interlaces_evalCoeff_neg_succ	2	1	deprecated_compatibility	use_canonical_keep_wrapper	deprecated_api_compatibility	Retained dated compatibility identifier; canonical callers use Interl/StrictInterl terminology.
prec_of_interlaces_evalCoeff_nonpos	2	1	deprecated_compatibility	use_canonical_keep_wrapper	deprecated_api_compatibility	Retained dated compatibility identifier; canonical callers use Interl/StrictInterl terminology.
prec_of_interlaces_evalCoeff_nonpos_same_of_no_common	2	1	deprecated_compatibility	use_canonical_keep_wrapper	deprecated_api_compatibility	Retained dated compatibility identifier; canonical callers use Interl/StrictInterl terminology.
prec_of_interlaces_evalCoeff_nonpos_succ_of_no_common	1	1	deprecated_compatibility	use_canonical_keep_wrapper	deprecated_api_compatibility	Retained dated compatibility identifier; canonical callers use Interl/StrictInterl terminology.
prec_of_interlaces_eval_mul_neg_same	2	1	deprecated_compatibility	use_canonical_keep_wrapper	deprecated_api_compatibility	Retained dated compatibility identifier; canonical callers use Interl/StrictInterl terminology.
prec_of_interlaces_eval_mul_neg_succ	2	1	deprecated_compatibility	use_canonical_keep_wrapper	deprecated_api_compatibility	Retained dated compatibility identifier; canonical callers use Interl/StrictInterl terminology.
prec_of_interlaces_eval_mul_nonpos_of_no_common	2	1	deprecated_compatibility	use_canonical_keep_wrapper	deprecated_api_compatibility	Retained dated compatibility identifier; canonical callers use Interl/StrictInterl terminology.
prec_of_interlaces_eval_mul_nonpos_same_of_no_common	2	1	deprecated_compatibility	use_canonical_keep_wrapper	deprecated_api_compatibility	Retained dated compatibility identifier; canonical callers use Interl/StrictInterl terminology.
prec_of_interlaces_eval_mul_nonpos_succ_of_no_common	2	1	deprecated_compatibility	use_canonical_keep_wrapper	deprecated_api_compatibility	Retained dated compatibility identifier; canonical callers use Interl/StrictInterl terminology.
prec_of_magnitude_dominated	1	1	deprecated_compatibility	keep_deprecated_alias	deprecated_api_compatibility	Retained dated compatibility identifier; canonical callers use Interl/StrictInterl terminology.
prec_of_magnitude_dominated_auto	1	1	deprecated_compatibility	keep_deprecated_alias	deprecated_api_compatibility	Retained dated compatibility identifier; canonical callers use Interl/StrictInterl terminology.
prec_of_magnitude_dominated_same	1	1	deprecated_compatibility	keep_deprecated_alias	deprecated_api_compatibility	Retained dated compatibility identifier; canonical callers use Interl/StrictInterl terminology.
prec_of_magnitude_dominated_succ	1	1	deprecated_compatibility	keep_deprecated_alias	deprecated_api_compatibility	Retained dated compatibility identifier; canonical callers use Interl/StrictInterl terminology.
prec_of_or_of_natDegree_lt	1	1	lean_declaration	manual_semantic_rename	deprecated_api_compatibility	Retained dated compatibility identifier; canonical callers use Interl/StrictInterl terminology.
prec_of_prec0_of_ne_zero	1	1	lean_declaration	manual_semantic_rename	deprecated_api_compatibility	Retained dated compatibility identifier; canonical callers use Interl/StrictInterl terminology.
prec_of_prec_X_mul_of_nonneg	1	1	deprecated_compatibility	keep_deprecated_alias	deprecated_api_compatibility	Retained dated compatibility identifier; canonical callers use Interl/StrictInterl terminology.
prec_of_prec_cofactor	1	1	deprecated_compatibility	use_canonical_keep_wrapper	deprecated_api_compatibility	Retained dated compatibility identifier; canonical callers use Interl/StrictInterl terminology.
prec_of_prec_divX_left_of_hasNonnegCoeffs_coeff_zero	1	1	deprecated_compatibility	keep_deprecated_alias	deprecated_api_compatibility	Retained dated compatibility identifier; canonical callers use Interl/StrictInterl terminology.
prec_of_prec_fPolynomial	2	1	tactic_declaration	manual_alias_then_migrate	legacy_tactic_compatibility	Retained parser/declaration compatibility; canonical tactic surface uses interl/strict_interl names.
prec_of_prec_fPolynomial_of_minimal_of_isRealRooted_of_hasNonnegCoeffs	1	1	lean_declaration	manual_semantic_rename	deprecated_api_compatibility	Retained dated compatibility identifier; canonical callers use Interl/StrictInterl terminology.
prec_of_prec_fPolynomial_of_sameDegree_of_isRealRooted_of_hasNonnegCoeffs	1	1	lean_declaration	manual_semantic_rename	deprecated_api_compatibility	Retained dated compatibility identifier; canonical callers use Interl/StrictInterl terminology.
prec_of_prec_fPolynomial_of_succDegree_of_isRealRooted_of_hasNonnegCoeffs	1	1	lean_declaration	manual_semantic_rename	deprecated_api_compatibility	Retained dated compatibility identifier; canonical callers use Interl/StrictInterl terminology.
prec_of_prec_fPolynomial_sequence	2	1	tactic_declaration	manual_alias_then_migrate	legacy_tactic_compatibility	Retained parser/declaration compatibility; canonical tactic surface uses interl/strict_interl names.
prec_of_prec_mul_X_both_of_roots_nonpos	1	1	deprecated_compatibility	use_canonical_keep_wrapper	deprecated_api_compatibility	Retained dated compatibility identifier; canonical callers use Interl/StrictInterl terminology.
prec_of_prec_mul_X_of_nonneg	1	1	deprecated_compatibility	keep_deprecated_alias	deprecated_api_compatibility	Retained dated compatibility identifier; canonical callers use Interl/StrictInterl terminology.
prec_of_prec_mul_X_of_sameDegree_of_roots_nonpos	1	1	deprecated_compatibility	keep_deprecated_alias	deprecated_api_compatibility	Retained dated compatibility identifier; canonical callers use Interl/StrictInterl terminology.
prec_of_prec_mul_X_sameDegree_of_roots_nonpos	1	1	deprecated_compatibility	keep_deprecated_alias	deprecated_api_compatibility	Retained dated compatibility identifier; canonical callers use Interl/StrictInterl terminology.
prec_of_prec_mul_X_sub_C_both	1	1	deprecated_compatibility	use_canonical_keep_wrapper	deprecated_api_compatibility	Retained dated compatibility identifier; canonical callers use Interl/StrictInterl terminology.
prec_of_prec_mul_X_sub_C_both_of_roots_le	1	1	deprecated_compatibility	use_canonical_keep_wrapper	deprecated_api_compatibility	Retained dated compatibility identifier; canonical callers use Interl/StrictInterl terminology.
prec_of_prec_mul_X_sub_C_of_sameDegree_of_roots_le	1	1	deprecated_compatibility	use_canonical_keep_wrapper	deprecated_api_compatibility	Retained dated compatibility identifier; canonical callers use Interl/StrictInterl terminology.
prec_of_prec_mul_pow_X_sub_C_both	1	1	deprecated_compatibility	keep_deprecated_alias	deprecated_api_compatibility	Retained dated compatibility identifier; canonical callers use Interl/StrictInterl terminology.
prec_of_prec_or_revPrec_of_root_asymmetry	1	1	deprecated_compatibility	use_canonical_keep_wrapper	deprecated_api_compatibility	Retained dated compatibility identifier; canonical callers use Interl/StrictInterl terminology.
prec_of_prec_shifted_pair_sameDegree_nonneg	1	1	deprecated_compatibility	keep_deprecated_alias	deprecated_api_compatibility	Retained dated compatibility identifier; canonical callers use Interl/StrictInterl terminology.
prec_of_quadratic_derivative_bilinear	1	1	deprecated_compatibility	keep_deprecated_alias	deprecated_api_compatibility	Retained dated compatibility identifier; canonical callers use Interl/StrictInterl terminology.
prec_of_quadratic_derivative_linear	1	1	deprecated_compatibility	keep_deprecated_alias	deprecated_api_compatibility	Retained dated compatibility identifier; canonical callers use Interl/StrictInterl terminology.
prec_of_quadratic_derivative_linear_offset	1	1	deprecated_compatibility	keep_deprecated_alias	deprecated_api_compatibility	Retained dated compatibility identifier; canonical callers use Interl/StrictInterl terminology.
prec_of_quadratic_derivative_linear_quadratic_seed	1	1	deprecated_compatibility	keep_deprecated_alias	deprecated_api_compatibility	Retained dated compatibility identifier; canonical callers use Interl/StrictInterl terminology.
prec_of_quadratic_derivative_shift	1	1	deprecated_compatibility	keep_deprecated_alias	deprecated_api_compatibility	Retained dated compatibility identifier; canonical callers use Interl/StrictInterl terminology.
prec_of_reverse_prec_of_roots_sum_le	1	1	deprecated_compatibility	use_canonical_keep_wrapper	deprecated_api_compatibility	Retained dated compatibility identifier; canonical callers use Interl/StrictInterl terminology.
prec_of_slots_polyOfDescRoots	1	1	deprecated_compatibility	keep_deprecated_alias	deprecated_api_compatibility	Retained dated compatibility identifier; canonical callers use Interl/StrictInterl terminology.
prec_of_slots_polyOfDescRootsDesc	1	1	deprecated_compatibility	keep_deprecated_alias	deprecated_api_compatibility	Retained dated compatibility identifier; canonical callers use Interl/StrictInterl terminology.
prec_of_stable_general	1	1	deprecated_compatibility	keep_deprecated_alias	deprecated_api_compatibility	Retained dated compatibility identifier; canonical callers use Interl/StrictInterl terminology.
prec_of_stable_monic_two	1	1	deprecated_compatibility	keep_deprecated_alias	deprecated_api_compatibility	Retained dated compatibility identifier; canonical callers use Interl/StrictInterl terminology.
prec_of_stable_same_degree	1	1	deprecated_compatibility	keep_deprecated_alias	deprecated_api_compatibility	Retained dated compatibility identifier; canonical callers use Interl/StrictInterl terminology.
prec_of_stable_same_degree_no_common	1	1	deprecated_compatibility	keep_deprecated_alias	deprecated_api_compatibility	Retained dated compatibility identifier; canonical callers use Interl/StrictInterl terminology.
prec_of_stable_succ_degree	1	1	deprecated_compatibility	keep_deprecated_alias	deprecated_api_compatibility	Retained dated compatibility identifier; canonical callers use Interl/StrictInterl terminology.
prec_of_stable_two	1	1	deprecated_compatibility	keep_deprecated_alias	deprecated_api_compatibility	Retained dated compatibility identifier; canonical callers use Interl/StrictInterl terminology.
prec_of_stable_two_one	1	1	deprecated_compatibility	keep_deprecated_alias	deprecated_api_compatibility	Retained dated compatibility identifier; canonical callers use Interl/StrictInterl terminology.
prec_of_strict_signs_of_endSigns_even	2	1	deprecated_compatibility	keep_deprecated_alias	deprecated_api_compatibility	Retained dated compatibility identifier; canonical callers use Interl/StrictInterl terminology.
prec_of_strict_signs_of_endSigns_odd	2	1	deprecated_compatibility	keep_deprecated_alias	deprecated_api_compatibility	Retained dated compatibility identifier; canonical callers use Interl/StrictInterl terminology.
prec_of_strict_signs_of_strict_outer_roots	2	1	deprecated_compatibility	keep_deprecated_alias	deprecated_api_compatibility	Retained dated compatibility identifier; canonical callers use Interl/StrictInterl terminology.
prec_of_upperHalfPlaneStable_hermiteBiehler	1	1	lean_declaration	manual_semantic_rename	deprecated_api_compatibility	Retained dated compatibility identifier; canonical callers use Interl/StrictInterl terminology.
prec_of_wronskian_pos_succ	1	1	deprecated_compatibility	keep_deprecated_alias	deprecated_api_compatibility	Retained dated compatibility identifier; canonical callers use Interl/StrictInterl terminology.
prec_one_X_add_C	1	1	lean_declaration	manual_semantic_rename	deprecated_api_compatibility	Retained dated compatibility identifier; canonical callers use Interl/StrictInterl terminology.
prec_one_add_X_quadratic_of_two_le	1	1	deprecated_compatibility	keep_deprecated_alias	deprecated_api_compatibility	Retained dated compatibility identifier; canonical callers use Interl/StrictInterl terminology.
prec_one_sub_X_derivative_right	1	1	lean_declaration	manual_semantic_rename	deprecated_api_compatibility	Retained dated compatibility identifier; canonical callers use Interl/StrictInterl terminology.
prec_one_sub_X_mul_derivative_right_of_nonnegCoeffs	1	1	lean_declaration	manual_semantic_rename	deprecated_api_compatibility	Retained dated compatibility identifier; canonical callers use Interl/StrictInterl terminology.
prec_or_revPrec_of_allComboRealRooted_ordered	1	1	deprecated_compatibility	use_canonical_keep_wrapper	deprecated_api_compatibility	Retained dated compatibility identifier; canonical callers use Interl/StrictInterl terminology.
prec_or_revPrec_of_natDegree_le_one	1	1	deprecated_compatibility	use_canonical_keep_wrapper	deprecated_api_compatibility	Retained dated compatibility identifier; canonical callers use Interl/StrictInterl terminology.
prec_or_revPrec_of_posComboRealRooted_of_no_common	1	1	deprecated_compatibility	use_canonical_keep_wrapper	deprecated_api_compatibility	Retained dated compatibility identifier; canonical callers use Interl/StrictInterl terminology.
prec_or_revPrec_of_same_degree_one	1	1	deprecated_compatibility	use_canonical_keep_wrapper	deprecated_api_compatibility	Retained dated compatibility identifier; canonical callers use Interl/StrictInterl terminology.
prec_parts_of_evenShape	1	1	deprecated_compatibility	keep_deprecated_alias	deprecated_api_compatibility	Retained dated compatibility identifier; canonical callers use Interl/StrictInterl terminology.
prec_parts_of_oddShape	1	1	deprecated_compatibility	keep_deprecated_alias	deprecated_api_compatibility	Retained dated compatibility identifier; canonical callers use Interl/StrictInterl terminology.
prec_polarTheta_self	1	1	lean_declaration	manual_semantic_rename	deprecated_api_compatibility	Retained dated compatibility identifier; canonical callers use Interl/StrictInterl terminology.
prec_polarTheta_thetaPlusOne	1	1	lean_declaration	manual_semantic_rename	deprecated_api_compatibility	Retained dated compatibility identifier; canonical callers use Interl/StrictInterl terminology.
prec_polarTheta_thetaPlusOne_boundary	1	1	lean_declaration	manual_semantic_rename	deprecated_api_compatibility	Retained dated compatibility identifier; canonical callers use Interl/StrictInterl terminology.
prec_pos_X_lag_combo_of_prec_nonneg	5	2	tactic_declaration	manual_alias_then_migrate	legacy_tactic_compatibility	Retained parser/declaration compatibility; canonical tactic surface uses interl/strict_interl names.
prec_pos_X_lag_combo_sequence	7	2	tactic_declaration	manual_alias_then_migrate	legacy_tactic_compatibility	Retained parser/declaration compatibility; canonical tactic surface uses interl/strict_interl names.
prec_pos_X_sub_C_lag_combo_sequence	2	2	tactic_declaration	manual_alias_then_migrate	legacy_tactic_compatibility	Retained parser/declaration compatibility; canonical tactic surface uses interl/strict_interl names.
prec_positive_euler_lag_sequence	2	1	tactic_declaration	manual_alias_then_migrate	legacy_tactic_compatibility	Retained parser/declaration compatibility; canonical tactic surface uses interl/strict_interl names.
prec_recurrenceCoreSturmDerangementsExc	1	1	lean_declaration	manual_semantic_rename	deprecated_api_compatibility	Retained dated compatibility identifier; canonical callers use Interl/StrictInterl terminology.
prec_refl	1	1	deprecated_compatibility	use_canonical_keep_wrapper	deprecated_api_compatibility	Retained dated compatibility identifier; canonical callers use Interl/StrictInterl terminology.
prec_right_pair_of_affine_family_degree_one	1	1	reference_or_local	migrate_with_declaration_owner	deprecated_api_compatibility	Retained dated compatibility identifier; canonical callers use Interl/StrictInterl terminology.
prec_right_pair_of_affine_family_nonneg	1	1	deprecated_compatibility	use_canonical_keep_wrapper	deprecated_api_compatibility	Retained dated compatibility identifier; canonical callers use Interl/StrictInterl terminology.
prec_right_pair_of_affine_family_nonneg_degree_one	1	1	deprecated_compatibility	use_canonical_keep_wrapper	deprecated_api_compatibility	Retained dated compatibility identifier; canonical callers use Interl/StrictInterl terminology.
prec_right_pair_of_affine_family_nonneg_sameDegree	1	1	deprecated_compatibility	keep_deprecated_alias	deprecated_api_compatibility	Retained dated compatibility identifier; canonical callers use Interl/StrictInterl terminology.
prec_right_pair_of_prec_or_revPrec_of_no_common_nonneg	1	1	deprecated_compatibility	use_canonical_keep_wrapper	deprecated_api_compatibility	Retained dated compatibility identifier; canonical callers use Interl/StrictInterl terminology.
prec_right_shear_of_scaled_cancellation	1	1	lean_declaration	manual_semantic_rename	deprecated_api_compatibility	Retained dated compatibility identifier; canonical callers use Interl/StrictInterl terminology.
prec_rotatedParts_of_evenShape	1	1	deprecated_compatibility	keep_deprecated_alias	deprecated_api_compatibility	Retained dated compatibility identifier; canonical callers use Interl/StrictInterl terminology.
prec_rotatedParts_of_oddShape	1	1	deprecated_compatibility	keep_deprecated_alias	deprecated_api_compatibility	Retained dated compatibility identifier; canonical callers use Interl/StrictInterl terminology.
prec_rotatedParts_of_posLeading	1	1	deprecated_compatibility	keep_deprecated_alias	deprecated_api_compatibility	Retained dated compatibility identifier; canonical callers use Interl/StrictInterl terminology.
prec_rotatedParts_swapped_of_posLeading	1	1	deprecated_compatibility	keep_deprecated_alias	deprecated_api_compatibility	Retained dated compatibility identifier; canonical callers use Interl/StrictInterl terminology.
prec_routhReducedOddPart_of_evenShape	1	1	deprecated_compatibility	keep_deprecated_alias	deprecated_api_compatibility	Retained dated compatibility identifier; canonical callers use Interl/StrictInterl terminology.
prec_routhReducedOddPart_of_oddShape	1	1	deprecated_compatibility	keep_deprecated_alias	deprecated_api_compatibility	Retained dated compatibility identifier; canonical callers use Interl/StrictInterl terminology.
prec_sameDegree_shift_left_of_roots_le	1	1	deprecated_compatibility	use_canonical_keep_wrapper	deprecated_api_compatibility	Retained dated compatibility identifier; canonical callers use Interl/StrictInterl terminology.
prec_sameDegree_to_prec_mul_X_of_roots_nonpos	1	1	deprecated_compatibility	keep_deprecated_alias	deprecated_api_compatibility	Retained dated compatibility identifier; canonical callers use Interl/StrictInterl terminology.
prec_sameDegree_to_prec_mul_X_sub_C_of_roots_le	1	1	deprecated_compatibility	use_canonical_keep_wrapper	deprecated_api_compatibility	Retained dated compatibility identifier; canonical callers use Interl/StrictInterl terminology.
prec_same_of_root_sign_data	1	1	deprecated_compatibility	keep_deprecated_alias	deprecated_api_compatibility	Retained dated compatibility identifier; canonical callers use Interl/StrictInterl terminology.
prec_same_of_strict_signs_of_right_root	2	1	deprecated_compatibility	keep_deprecated_alias	deprecated_api_compatibility	Retained dated compatibility identifier; canonical callers use Interl/StrictInterl terminology.
prec_self_X_mul_of_nonneg	1	1	deprecated_compatibility	keep_deprecated_alias	deprecated_api_compatibility	Retained dated compatibility identifier; canonical callers use Interl/StrictInterl terminology.
prec_self_X_sub_C_mul	1	1	deprecated_compatibility	keep_deprecated_alias	deprecated_api_compatibility	Retained dated compatibility identifier; canonical callers use Interl/StrictInterl terminology.
prec_self_add_C_mul_theta_X_polarTheta_boundary	1	1	lean_declaration	manual_semantic_rename	deprecated_api_compatibility	Retained dated compatibility identifier; canonical callers use Interl/StrictInterl terminology.
prec_self_mul_X_of_nonneg	1	1	deprecated_compatibility	keep_deprecated_alias	deprecated_api_compatibility	Retained dated compatibility identifier; canonical callers use Interl/StrictInterl terminology.
prec_self_mul_X_sub_C_of_roots_le	1	1	lean_declaration	manual_semantic_rename	deprecated_api_compatibility	Retained dated compatibility identifier; canonical callers use Interl/StrictInterl terminology.
prec_self_theta	1	1	lean_declaration	manual_semantic_rename	deprecated_api_compatibility	Retained dated compatibility identifier; canonical callers use Interl/StrictInterl terminology.
prec_self_theta_of_natDegree_ne_zero	1	1	lean_declaration	manual_semantic_rename	deprecated_api_compatibility	Retained dated compatibility identifier; canonical callers use Interl/StrictInterl terminology.
prec_self_thetac	1	1	lean_declaration	manual_semantic_rename	deprecated_api_compatibility	Retained dated compatibility identifier; canonical callers use Interl/StrictInterl terminology.
prec_sequence_of_base_and_degree_branches	1	1	deprecated_compatibility	use_canonical_keep_wrapper	deprecated_api_compatibility	Retained dated compatibility identifier; canonical callers use Interl/StrictInterl terminology.
prec_sequence_of_base_and_step	1	1	deprecated_compatibility	use_canonical_keep_wrapper	deprecated_api_compatibility	Retained dated compatibility identifier; canonical callers use Interl/StrictInterl terminology.
prec_shift	2	1	deprecated_compatibility	keep_deprecated_alias	deprecated_api_compatibility	Retained dated compatibility identifier; canonical callers use Interl/StrictInterl terminology.
prec_shift_of_interlaces	1	1	deprecated_compatibility	keep_deprecated_alias	deprecated_api_compatibility	Retained dated compatibility identifier; canonical callers use Interl/StrictInterl terminology.
prec_shift_of_same_degree	1	1	deprecated_compatibility	keep_deprecated_alias	deprecated_api_compatibility	Retained dated compatibility identifier; canonical callers use Interl/StrictInterl terminology.
prec_shifted_pair_of_affine_family_nonneg	1	1	deprecated_compatibility	keep_deprecated_alias	deprecated_api_compatibility	Retained dated compatibility identifier; canonical callers use Interl/StrictInterl terminology.
prec_simsun_succ	1	1	tactic_declaration	manual_alias_then_migrate	deprecated_api_compatibility	Retained dated compatibility identifier; canonical callers use Interl/StrictInterl terminology.
prec_singletonFreeSetPartitionsCore_of_prec	1	1	lean_declaration	manual_semantic_rename	deprecated_api_compatibility	Retained dated compatibility identifier; canonical callers use Interl/StrictInterl terminology.
prec_singletonFreeSetPartitions_succ	1	1	tactic_declaration	manual_alias_then_migrate	deprecated_api_compatibility	Retained dated compatibility identifier; canonical callers use Interl/StrictInterl terminology.
prec_singletonFreeSetPartitions_succ_of_prec_core	1	1	lean_declaration	manual_semantic_rename	deprecated_api_compatibility	Retained dated compatibility identifier; canonical callers use Interl/StrictInterl terminology.
prec_singletonFreeSetPartitions_three_four	1	1	lean_declaration	manual_semantic_rename	deprecated_api_compatibility	Retained dated compatibility identifier; canonical callers use Interl/StrictInterl terminology.
prec_singletonFreeSetPartitions_two_three	1	1	lean_declaration	manual_semantic_rename	deprecated_api_compatibility	Retained dated compatibility identifier; canonical callers use Interl/StrictInterl terminology.
prec_step_of_quadratic_derivative_bilinear	1	1	deprecated_compatibility	keep_deprecated_alias	deprecated_api_compatibility	Retained dated compatibility identifier; canonical callers use Interl/StrictInterl terminology.
prec_step_of_quadratic_derivative_linear	1	1	deprecated_compatibility	keep_deprecated_alias	deprecated_api_compatibility	Retained dated compatibility identifier; canonical callers use Interl/StrictInterl terminology.
prec_step_of_quadratic_derivative_linear_offset	1	1	deprecated_compatibility	keep_deprecated_alias	deprecated_api_compatibility	Retained dated compatibility identifier; canonical callers use Interl/StrictInterl terminology.
prec_step_of_quadratic_derivative_shift	1	1	deprecated_compatibility	keep_deprecated_alias	deprecated_api_compatibility	Retained dated compatibility identifier; canonical callers use Interl/StrictInterl terminology.
prec_stirlingPermutations_one_two	1	1	lean_declaration	manual_semantic_rename	deprecated_api_compatibility	Retained dated compatibility identifier; canonical callers use Interl/StrictInterl terminology.
prec_stirlingPermutations_succ	1	1	tactic_declaration	manual_alias_then_migrate	deprecated_api_compatibility	Retained dated compatibility identifier; canonical callers use Interl/StrictInterl terminology.
prec_sturmDerangementsExc_affine_mul_X	1	1	lean_declaration	manual_semantic_rename	deprecated_api_compatibility	Retained dated compatibility identifier; canonical callers use Interl/StrictInterl terminology.
prec_sturmDerangementsExc_succ	1	1	tactic_declaration	manual_alias_then_migrate	deprecated_api_compatibility	Retained dated compatibility identifier; canonical callers use Interl/StrictInterl terminology.
prec_sturmDerangementsExc_succ_of_prec_recurrenceCore	1	1	lean_declaration	manual_semantic_rename	deprecated_api_compatibility	Retained dated compatibility identifier; canonical callers use Interl/StrictInterl terminology.
prec_sub_C_mul_of_interlaces_evalCoeff_nonpos_of_no_common	2	1	deprecated_compatibility	use_canonical_keep_wrapper	deprecated_api_compatibility	Retained dated compatibility identifier; canonical callers use Interl/StrictInterl terminology.
prec_sub_X_mul_left	1	1	lean_declaration	manual_semantic_rename	deprecated_api_compatibility	Retained dated compatibility identifier; canonical callers use Interl/StrictInterl terminology.
prec_sub_X_mul_pair_of_eq_posLeadingCoeff	1	1	lean_declaration	manual_semantic_rename	deprecated_api_compatibility	Retained dated compatibility identifier; canonical callers use Interl/StrictInterl terminology.
prec_sub_X_mul_pair_of_posLeadingCoeff	1	1	lean_declaration	manual_semantic_rename	deprecated_api_compatibility	Retained dated compatibility identifier; canonical callers use Interl/StrictInterl terminology.
prec_sub_X_mul_right	1	1	deprecated_compatibility	keep_deprecated_alias	deprecated_api_compatibility	Retained dated compatibility identifier; canonical callers use Interl/StrictInterl terminology.
prec_sub_of_prec_triple_of_posLeadingCoeff	1	1	deprecated_compatibility	use_canonical_keep_wrapper	deprecated_api_compatibility	Retained dated compatibility identifier; canonical callers use Interl/StrictInterl terminology.
prec_succ	1	1	reference_or_local	migrate_with_declaration_owner	deprecated_api_compatibility	Retained dated compatibility identifier; canonical callers use Interl/StrictInterl terminology.
prec_sum	1	1	deprecated_compatibility	use_canonical_keep_wrapper	deprecated_api_compatibility	Retained dated compatibility identifier; canonical callers use Interl/StrictInterl terminology.
prec_sum_	1	1	reference_or_local	migrate_with_declaration_owner	deprecated_api_compatibility	Retained dated compatibility identifier; canonical callers use Interl/StrictInterl terminology.
prec_sum_left	1	1	deprecated_compatibility	use_canonical_keep_wrapper	deprecated_api_compatibility	Retained dated compatibility identifier; canonical callers use Interl/StrictInterl terminology.
prec_sum_left_of_common_left	1	1	deprecated_compatibility	use_canonical_keep_wrapper	deprecated_api_compatibility	Retained dated compatibility identifier; canonical callers use Interl/StrictInterl terminology.
prec_sum_left_of_common_left_signed	1	1	deprecated_compatibility	use_canonical_keep_wrapper	deprecated_api_compatibility	Retained dated compatibility identifier; canonical callers use Interl/StrictInterl terminology.
prec_sum_left_of_prec_left_family_forward_sameDegree_nonneg	1	1	deprecated_compatibility	keep_deprecated_alias	deprecated_api_compatibility	Retained dated compatibility identifier; canonical callers use Interl/StrictInterl terminology.
prec_sum_left_of_prec_right_family_forward_sameDegree_nonneg	1	1	deprecated_compatibility	keep_deprecated_alias	deprecated_api_compatibility	Retained dated compatibility identifier; canonical callers use Interl/StrictInterl terminology.
prec_sum_of_compatible_left	1	1	deprecated_compatibility	use_canonical_keep_wrapper	deprecated_api_compatibility	Retained dated compatibility identifier; canonical callers use Interl/StrictInterl terminology.
prec_sum_right	1	1	deprecated_compatibility	use_canonical_keep_wrapper	deprecated_api_compatibility	Retained dated compatibility identifier; canonical callers use Interl/StrictInterl terminology.
prec_thetaPlusOne_X_polarTheta_boundary	1	1	lean_declaration	manual_semantic_rename	deprecated_api_compatibility	Retained dated compatibility identifier; canonical callers use Interl/StrictInterl terminology.
prec_thetaa_thetab	1	1	lean_declaration	manual_semantic_rename	deprecated_api_compatibility	Retained dated compatibility identifier; canonical callers use Interl/StrictInterl terminology.
prec_thetac_X_mul	1	1	lean_declaration	manual_semantic_rename	deprecated_api_compatibility	Retained dated compatibility identifier; canonical callers use Interl/StrictInterl terminology.
prec_to_X_mul_of_nonneg	1	1	deprecated_compatibility	keep_deprecated_alias	deprecated_api_compatibility	Retained dated compatibility identifier; canonical callers use Interl/StrictInterl terminology.
prec_to_full	24	1	tactic_reference	migrate_with_tactic_owner	legacy_tactic_compatibility	Retained parser/declaration compatibility; canonical tactic surface uses interl/strict_interl names.
prec_to_prec_mul_X_of_nonneg	1	1	deprecated_compatibility	keep_deprecated_alias	deprecated_api_compatibility	Retained dated compatibility identifier; canonical callers use Interl/StrictInterl terminology.
prec_touchard_one_two	1	1	lean_declaration	manual_semantic_rename	deprecated_api_compatibility	Retained dated compatibility identifier; canonical callers use Interl/StrictInterl terminology.
prec_touchard_succ	1	1	tactic_declaration	manual_alias_then_migrate	deprecated_api_compatibility	Retained dated compatibility identifier; canonical callers use Interl/StrictInterl terminology.
prec_typeBEulerian_succ	1	1	tactic_declaration	manual_alias_then_migrate	deprecated_api_compatibility	Retained dated compatibility identifier; canonical callers use Interl/StrictInterl terminology.
prec_veronesePairSectionPolynomial_fin_of_fullyInterlacingPair	1	1	lean_declaration	manual_semantic_rename	deprecated_api_compatibility	Retained dated compatibility identifier; canonical callers use Interl/StrictInterl terminology.
prec_veronesePairSectionPolynomial_fin_of_nonneg_prec	1	1	lean_declaration	manual_semantic_rename	deprecated_api_compatibility	Retained dated compatibility identifier; canonical callers use Interl/StrictInterl terminology.
prec_veronesePairSectionPolynomial_fin_of_pf_prec	1	1	lean_declaration	manual_semantic_rename	deprecated_api_compatibility	Retained dated compatibility identifier; canonical callers use Interl/StrictInterl terminology.
prec_veronesePairSectionPolynomial_fin_of_prec	2	2	tactic_declaration	manual_alias_then_migrate	deprecated_api_compatibility	Retained dated compatibility identifier; canonical callers use Interl/StrictInterl terminology.
prec_veronesePairSectionPolynomial_fin_sequence_of_prec	2	1	tactic_declaration	manual_alias_then_migrate	legacy_tactic_compatibility	Retained parser/declaration compatibility; canonical tactic surface uses interl/strict_interl names.
prec_veronesePairSectionPolynomial_of_fullyInterlacingPair	1	1	lean_declaration	manual_semantic_rename	deprecated_api_compatibility	Retained dated compatibility identifier; canonical callers use Interl/StrictInterl terminology.
prec_veronesePairSectionPolynomial_of_nonneg_prec	1	1	lean_declaration	manual_semantic_rename	deprecated_api_compatibility	Retained dated compatibility identifier; canonical callers use Interl/StrictInterl terminology.
prec_veronesePairSectionPolynomial_of_pf_prec	1	1	lean_declaration	manual_semantic_rename	deprecated_api_compatibility	Retained dated compatibility identifier; canonical callers use Interl/StrictInterl terminology.
prec_veronesePairSectionPolynomial_of_prec	2	2	tactic_declaration	manual_alias_then_migrate	deprecated_api_compatibility	Retained dated compatibility identifier; canonical callers use Interl/StrictInterl terminology.
prec_veronesePairSectionPolynomial_sequence_of_prec	2	1	tactic_declaration	manual_alias_then_migrate	legacy_tactic_compatibility	Retained parser/declaration compatibility; canonical tactic surface uses interl/strict_interl names.
prec_veroneseSectionPolynomial_of_fullyInterlacingPair	1	1	lean_declaration	manual_semantic_rename	deprecated_api_compatibility	Retained dated compatibility identifier; canonical callers use Interl/StrictInterl terminology.
prec_veroneseSectionPolynomial_of_nonneg_prec	1	1	lean_declaration	manual_semantic_rename	deprecated_api_compatibility	Retained dated compatibility identifier; canonical callers use Interl/StrictInterl terminology.
prec_veroneseSectionPolynomial_of_pf_prec	1	1	lean_declaration	manual_semantic_rename	deprecated_api_compatibility	Retained dated compatibility identifier; canonical callers use Interl/StrictInterl terminology.
prec_veroneseSectionPolynomial_of_prec	2	2	tactic_declaration	manual_alias_then_migrate	deprecated_api_compatibility	Retained dated compatibility identifier; canonical callers use Interl/StrictInterl terminology.
prec_veroneseSectionPolynomial_of_residue_lt	1	1	lean_declaration	manual_semantic_rename	deprecated_api_compatibility	Retained dated compatibility identifier; canonical callers use Interl/StrictInterl terminology.
prec_veroneseSectionPolynomial_sequence_of_prec	2	1	tactic_declaration	manual_alias_then_migrate	legacy_tactic_compatibility	Retained parser/declaration compatibility; canonical tactic surface uses interl/strict_interl names.
prec_wagner_derivative_gap_lag_sequence	2	2	tactic_declaration	manual_alias_then_migrate	legacy_tactic_compatibility	Retained parser/declaration compatibility; canonical tactic surface uses interl/strict_interl names.
prec_wagner_derivative_gap_lag_sequence_den	2	2	tactic_declaration	manual_alias_then_migrate	legacy_tactic_compatibility	Retained parser/declaration compatibility; canonical tactic surface uses interl/strict_interl names.
prec_wagner_derivative_gap_lag_step	3	2	tactic_declaration	manual_alias_then_migrate	legacy_tactic_compatibility	Retained parser/declaration compatibility; canonical tactic surface uses interl/strict_interl names.
prec_wagner_derivative_gap_lag_step_den	2	2	tactic_declaration	manual_alias_then_migrate	legacy_tactic_compatibility	Retained parser/declaration compatibility; canonical tactic surface uses interl/strict_interl names.
prec_weightedSum_left	1	1	deprecated_compatibility	use_canonical_keep_wrapper	deprecated_api_compatibility	Retained dated compatibility identifier; canonical callers use Interl/StrictInterl terminology.
prec_weightedSum_left_of_common_left	1	1	deprecated_compatibility	use_canonical_keep_wrapper	deprecated_api_compatibility	Retained dated compatibility identifier; canonical callers use Interl/StrictInterl terminology.
prec_weightedSum_left_of_common_left_signed	1	1	deprecated_compatibility	use_canonical_keep_wrapper	deprecated_api_compatibility	Retained dated compatibility identifier; canonical callers use Interl/StrictInterl terminology.
prec_weightedSum_right	1	1	deprecated_compatibility	use_canonical_keep_wrapper	deprecated_api_compatibility	Retained dated compatibility identifier; canonical callers use Interl/StrictInterl terminology.
prec_zipWith_sum_pair_of_2x2	1	1	deprecated_compatibility	keep_deprecated_alias	deprecated_api_compatibility	Retained dated compatibility identifier; canonical callers use Interl/StrictInterl terminology.
precede	18	13	lexical_false_positive	keep_unchanged	lexical_false_positive	Unrelated English or mathematical token; not an interlacing API name.
precedence	1	1	lexical_false_positive	keep_unchanged	lexical_false_positive	Unrelated English or mathematical token; not an interlacing API name.
precedes	57	34	lexical_false_positive	keep_unchanged	lexical_false_positive	Unrelated English or mathematical token; not an interlacing API name.
preceding	54	28	lexical_false_positive	keep_unchanged	lexical_false_positive	Unrelated English or mathematical token; not an interlacing API name.
precise	6	5	lexical_false_positive	keep_unchanged	lexical_false_positive	Unrelated English or mathematical token; not an interlacing API name.
precisely	21	20	lexical_false_positive	keep_unchanged	lexical_false_positive	Unrelated English or mathematical token; not an interlacing API name.
precision	1	1	lexical_false_positive	keep_unchanged	lexical_false_positive	Unrelated English or mathematical token; not an interlacing API name.
precomposing	2	2	lexical_false_positive	keep_unchanged	lexical_false_positive	Unrelated English or mathematical token; not an interlacing API name.
precomposition	1	1	lexical_false_positive	keep_unchanged	lexical_false_positive	Unrelated English or mathematical token; not an interlacing API name.
preconnected	2	1	lexical_false_positive	keep_unchanged	lexical_false_positive	Unrelated English or mathematical token; not an interlacing API name.
precursor	4	1	lexical_false_positive	keep_unchanged	lexical_false_positive	Unrelated English or mathematical token; not an interlacing API name.
projectiveRegularizedChow_prec0_succ	1	1	lean_declaration	manual_semantic_rename	deprecated_api_compatibility	Retained dated compatibility identifier; canonical callers use Interl/StrictInterl terminology.
rPolynomial_exceptional_prec	1	1	lean_declaration	manual_semantic_rename	deprecated_api_compatibility	Retained dated compatibility identifier; canonical callers use Interl/StrictInterl terminology.
rPolynomial_prec_rPolynomial_of_lt	1	1	lean_declaration	manual_semantic_rename	deprecated_api_compatibility	Retained dated compatibility identifier; canonical callers use Interl/StrictInterl terminology.
rationalRodRows_pf_and_prec0	1	1	deprecated_compatibility	keep_deprecated_alias	deprecated_api_compatibility	Retained dated compatibility identifier; canonical callers use Interl/StrictInterl terminology.
reciprocalShift_reverses_prec	1	1	lean_declaration	manual_semantic_rename	deprecated_api_compatibility	Retained dated compatibility identifier; canonical callers use Interl/StrictInterl terminology.
reduced_prec	2	1	tactic_reference	migrate_with_tactic_owner	legacy_tactic_compatibility	Retained parser/declaration compatibility; canonical tactic surface uses interl/strict_interl names.
resolvedChowCombination_endpoint_prec0	1	1	lean_declaration	manual_semantic_rename	deprecated_api_compatibility	Retained dated compatibility identifier; canonical callers use Interl/StrictInterl terminology.
resolvedChowCombination_endpoint_prec_of_ne	1	1	lean_declaration	manual_semantic_rename	deprecated_api_compatibility	Retained dated compatibility identifier; canonical callers use Interl/StrictInterl terminology.
revPrec_of_prec_or_revPrec_of_root_asymmetry	1	1	deprecated_compatibility	use_canonical_keep_wrapper	deprecated_api_compatibility	Retained dated compatibility identifier; canonical callers use Interl/StrictInterl terminology.
reverseHermiteTransform_prec_to_prec0	1	1	deprecated_compatibility	keep_deprecated_alias	deprecated_api_compatibility	Retained dated compatibility identifier; canonical callers use Interl/StrictInterl terminology.
reverseHermiteTransform_preserves_prec0	1	1	deprecated_compatibility	keep_deprecated_alias	deprecated_api_compatibility	Retained dated compatibility identifier; canonical callers use Interl/StrictInterl terminology.
reverse_prec	2	1	tactic_reference	migrate_with_tactic_owner	legacy_tactic_compatibility	Retained parser/declaration compatibility; canonical tactic surface uses interl/strict_interl names.
rightZeroDivX_package_of_prec_of_hasNonnegCoeffs_coeff_zero	1	1	deprecated_compatibility	keep_deprecated_alias	deprecated_api_compatibility	Retained dated compatibility identifier; canonical callers use Interl/StrictInterl terminology.
rightZeroDivX_prec0_of_prec_of_hasNonnegCoeffs_coeff_zero	1	1	deprecated_compatibility	keep_deprecated_alias	deprecated_api_compatibility	Retained dated compatibility identifier; canonical callers use Interl/StrictInterl terminology.
rightZeroDivX_realRooted_of_prec_of_hasNonnegCoeffs_coeff_zero	1	1	deprecated_compatibility	keep_deprecated_alias	deprecated_api_compatibility	Retained dated compatibility identifier; canonical callers use Interl/StrictInterl terminology.
rightZeroDivX_roots_nonpos_of_prec_of_hasNonnegCoeffs_coeff_zero	1	1	deprecated_compatibility	keep_deprecated_alias	deprecated_api_compatibility	Retained dated compatibility identifier; canonical callers use Interl/StrictInterl terminology.
rightZeroDivX_zero_mem_roots_of_prec_of_hasNonnegCoeffs_coeff_zero	1	1	deprecated_compatibility	keep_deprecated_alias	deprecated_api_compatibility	Retained dated compatibility identifier; canonical callers use Interl/StrictInterl terminology.
right_eq_zero_or_splits_of_prec	1	1	deprecated_compatibility	use_canonical_keep_wrapper	deprecated_api_compatibility	Retained dated compatibility identifier; canonical callers use Interl/StrictInterl terminology.
right_isRealRooted_of_prec	1	1	deprecated_compatibility	use_canonical_keep_wrapper	deprecated_api_compatibility	Retained dated compatibility identifier; canonical callers use Interl/StrictInterl terminology.
right_isRealRooted_of_prec_sequence	1	1	deprecated_compatibility	use_canonical_keep_wrapper	deprecated_api_compatibility	Retained dated compatibility identifier; canonical callers use Interl/StrictInterl terminology.
right_ne_zero_of_prec	1	1	deprecated_compatibility	use_canonical_keep_wrapper	deprecated_api_compatibility	Retained dated compatibility identifier; canonical callers use Interl/StrictInterl terminology.
right_splits_of_prec	1	1	deprecated_compatibility	use_canonical_keep_wrapper	deprecated_api_compatibility	Retained dated compatibility identifier; canonical callers use Interl/StrictInterl terminology.
risingFactorialStep_pf_shiftPrec	1	1	lean_declaration	manual_semantic_rename	deprecated_api_compatibility	Retained dated compatibility identifier; canonical callers use Interl/StrictInterl terminology.
rootCountAboveOriented_of_prec	1	1	deprecated_compatibility	keep_deprecated_alias	deprecated_api_compatibility	Retained dated compatibility identifier; canonical callers use Interl/StrictInterl terminology.
rootMultiplicity_bounds_of_prec	1	1	deprecated_compatibility	use_canonical_keep_wrapper	deprecated_api_compatibility	Retained dated compatibility identifier; canonical callers use Interl/StrictInterl terminology.
rootMultiplicity_sub_one_le_of_prec_right	1	1	deprecated_compatibility	keep_deprecated_alias	deprecated_api_compatibility	Retained dated compatibility identifier; canonical callers use Interl/StrictInterl terminology.
roots_le_of_prec_of_left_roots_lt_of_right_root	1	1	lean_declaration	manual_semantic_rename	deprecated_api_compatibility	Retained dated compatibility identifier; canonical callers use Interl/StrictInterl terminology.
roots_le_of_prec_right	1	1	deprecated_compatibility	use_canonical_keep_wrapper	deprecated_api_compatibility	Retained dated compatibility identifier; canonical callers use Interl/StrictInterl terminology.
roots_neg_of_prec_sameDegree_of_roots_neg	1	1	deprecated_compatibility	keep_deprecated_alias	deprecated_api_compatibility	Retained dated compatibility identifier; canonical callers use Interl/StrictInterl terminology.
roots_nonpos_of_prec_sameDegree_of_zero_root_of_left_roots_neg	1	1	deprecated_compatibility	keep_deprecated_alias	deprecated_api_compatibility	Retained dated compatibility identifier; canonical callers use Interl/StrictInterl terminology.
roots_sum_le_of_prec_sameDegree	1	1	deprecated_compatibility	use_canonical_keep_wrapper	deprecated_api_compatibility	Retained dated compatibility identifier; canonical callers use Interl/StrictInterl terminology.
rrBasePrecAttr	2	1	tactic_reference	migrate_with_tactic_owner	legacy_tactic_compatibility	Retained parser/declaration compatibility; canonical tactic surface uses interl/strict_interl names.
rr_TDeriv_prec	2	1	tactic_reference	migrate_with_tactic_owner	legacy_tactic_compatibility	Retained parser/declaration compatibility; canonical tactic surface uses interl/strict_interl names.
rr_TDeriv_prec_named_legacy	1	1	new_compatibility_name	introduced_by_compatibility_batch	legacy_tactic_compatibility	Retained parser/declaration compatibility; canonical tactic surface uses interl/strict_interl names.
rr_TDeriv_sequence_prec	2	1	tactic_reference	migrate_with_tactic_owner	legacy_tactic_compatibility	Retained parser/declaration compatibility; canonical tactic surface uses interl/strict_interl names.
rr_TDeriv_sequence_prec_named_legacy	1	1	new_compatibility_name	introduced_by_compatibility_batch	legacy_tactic_compatibility	Retained parser/declaration compatibility; canonical tactic surface uses interl/strict_interl names.
rr_base_prec	10	3	tactic_reference	migrate_with_tactic_owner	legacy_tactic_compatibility	Retained parser/declaration compatibility; canonical tactic surface uses interl/strict_interl names.
rr_bezout_pos_def_of_strict_prec_same_degree	2	1	deprecated_compatibility	use_canonical_keep_wrapper	legacy_tactic_compatibility	Retained parser/declaration compatibility; canonical tactic surface uses interl/strict_interl names.
rr_bezout_pos_def_of_strict_prec_same_degree_named_legacy	1	1	new_compatibility_name	introduced_by_compatibility_batch	legacy_tactic_compatibility	Retained parser/declaration compatibility; canonical tactic surface uses interl/strict_interl names.
rr_bezout_prec_of_pos_def	2	1	tactic_reference	migrate_with_tactic_owner	legacy_tactic_compatibility	Retained parser/declaration compatibility; canonical tactic surface uses interl/strict_interl names.
rr_bezout_prec_of_pos_def_named_legacy	1	1	new_compatibility_name	introduced_by_compatibility_batch	legacy_tactic_compatibility	Retained parser/declaration compatibility; canonical tactic surface uses interl/strict_interl names.
rr_bezout_sequence_pos_def_of_strict_prec_same_degree	2	1	deprecated_compatibility	use_canonical_keep_wrapper	legacy_tactic_compatibility	Retained parser/declaration compatibility; canonical tactic surface uses interl/strict_interl names.
rr_bezout_sequence_pos_def_of_strict_prec_same_degree_named_legacy	1	1	new_compatibility_name	introduced_by_compatibility_batch	legacy_tactic_compatibility	Retained parser/declaration compatibility; canonical tactic surface uses interl/strict_interl names.
rr_bezout_sequence_prec_of_pos_def	2	1	tactic_reference	migrate_with_tactic_owner	legacy_tactic_compatibility	Retained parser/declaration compatibility; canonical tactic surface uses interl/strict_interl names.
rr_bezout_sequence_prec_of_pos_def_named_legacy	1	1	new_compatibility_name	introduced_by_compatibility_batch	legacy_tactic_compatibility	Retained parser/declaration compatibility; canonical tactic surface uses interl/strict_interl names.
rr_bezout_sequence_strict_prec_same_degree_of_pos_def	2	1	deprecated_compatibility	use_canonical_keep_wrapper	legacy_tactic_compatibility	Retained parser/declaration compatibility; canonical tactic surface uses interl/strict_interl names.
rr_bezout_sequence_strict_prec_same_degree_of_pos_def_named_legacy	1	1	new_compatibility_name	introduced_by_compatibility_batch	legacy_tactic_compatibility	Retained parser/declaration compatibility; canonical tactic surface uses interl/strict_interl names.
rr_bezout_strict_prec_same_degree_iff	2	1	deprecated_compatibility	use_canonical_keep_wrapper	legacy_tactic_compatibility	Retained parser/declaration compatibility; canonical tactic surface uses interl/strict_interl names.
rr_bezout_strict_prec_same_degree_iff_named_legacy	1	1	new_compatibility_name	introduced_by_compatibility_batch	legacy_tactic_compatibility	Retained parser/declaration compatibility; canonical tactic surface uses interl/strict_interl names.
rr_bezout_strict_prec_same_degree_of_pos_def	2	1	deprecated_compatibility	use_canonical_keep_wrapper	legacy_tactic_compatibility	Retained parser/declaration compatibility; canonical tactic surface uses interl/strict_interl names.
rr_bezout_strict_prec_same_degree_of_pos_def_named_legacy	1	1	new_compatibility_name	introduced_by_compatibility_batch	legacy_tactic_compatibility	Retained parser/declaration compatibility; canonical tactic surface uses interl/strict_interl names.
rr_derivative_prec	4	1	tactic_reference	migrate_with_tactic_owner	legacy_tactic_compatibility	Retained parser/declaration compatibility; canonical tactic surface uses interl/strict_interl names.
rr_derivative_prec_auto_legacy	1	1	new_compatibility_name	introduced_by_compatibility_batch	legacy_tactic_compatibility	Retained parser/declaration compatibility; canonical tactic surface uses interl/strict_interl names.
rr_derivative_prec_named_legacy	1	1	new_compatibility_name	introduced_by_compatibility_batch	legacy_tactic_compatibility	Retained parser/declaration compatibility; canonical tactic surface uses interl/strict_interl names.
rr_derivative_sequence_prec	2	1	tactic_reference	migrate_with_tactic_owner	legacy_tactic_compatibility	Retained parser/declaration compatibility; canonical tactic surface uses interl/strict_interl names.
rr_derivative_sequence_prec_named_legacy	1	1	new_compatibility_name	introduced_by_compatibility_batch	legacy_tactic_compatibility	Retained parser/declaration compatibility; canonical tactic surface uses interl/strict_interl names.
rr_exact_pf_prec0_sequence_or_projection	5	1	tactic_reference	migrate_with_tactic_owner	legacy_tactic_compatibility	Retained parser/declaration compatibility; canonical tactic surface uses interl/strict_interl names.
rr_exact_pf_prec0_sequence_or_projection_legacy	1	1	new_compatibility_name	introduced_by_compatibility_batch	legacy_tactic_compatibility	Retained parser/declaration compatibility; canonical tactic surface uses interl/strict_interl names.
rr_fPolynomial_prec	2	1	tactic_reference	migrate_with_tactic_owner	legacy_tactic_compatibility	Retained parser/declaration compatibility; canonical tactic surface uses interl/strict_interl names.
rr_fPolynomial_prec_iff	2	1	tactic_reference	migrate_with_tactic_owner	legacy_tactic_compatibility	Retained parser/declaration compatibility; canonical tactic surface uses interl/strict_interl names.
rr_fPolynomial_prec_iff_named_legacy	1	1	new_compatibility_name	introduced_by_compatibility_batch	legacy_tactic_compatibility	Retained parser/declaration compatibility; canonical tactic surface uses interl/strict_interl names.
rr_fPolynomial_prec_named_legacy	1	1	new_compatibility_name	introduced_by_compatibility_batch	legacy_tactic_compatibility	Retained parser/declaration compatibility; canonical tactic surface uses interl/strict_interl names.
rr_fPolynomial_sequence_prec	2	1	tactic_reference	migrate_with_tactic_owner	legacy_tactic_compatibility	Retained parser/declaration compatibility; canonical tactic surface uses interl/strict_interl names.
rr_fPolynomial_sequence_prec_named_legacy	1	1	new_compatibility_name	introduced_by_compatibility_batch	legacy_tactic_compatibility	Retained parser/declaration compatibility; canonical tactic surface uses interl/strict_interl names.
rr_finish_sequence_prec_degree_legacy	1	1	new_compatibility_name	introduced_by_compatibility_batch	legacy_tactic_compatibility	Retained parser/declaration compatibility; canonical tactic surface uses interl/strict_interl names.
rr_finish_sequence_prec_legacy	1	1	new_compatibility_name	introduced_by_compatibility_batch	legacy_tactic_compatibility	Retained parser/declaration compatibility; canonical tactic surface uses interl/strict_interl names.
rr_hadamard_pf_prec0	2	1	tactic_reference	migrate_with_tactic_owner	legacy_tactic_compatibility	Retained parser/declaration compatibility; canonical tactic surface uses interl/strict_interl names.
rr_hadamard_pf_prec0_named_legacy	1	1	new_compatibility_name	introduced_by_compatibility_batch	legacy_tactic_compatibility	Retained parser/declaration compatibility; canonical tactic surface uses interl/strict_interl names.
rr_hadamard_prec0	2	1	tactic_reference	migrate_with_tactic_owner	legacy_tactic_compatibility	Retained parser/declaration compatibility; canonical tactic surface uses interl/strict_interl names.
rr_hadamard_prec0_named_legacy	1	1	new_compatibility_name	introduced_by_compatibility_batch	legacy_tactic_compatibility	Retained parser/declaration compatibility; canonical tactic surface uses interl/strict_interl names.
rr_hadamard_sequence_prec0	2	1	tactic_reference	migrate_with_tactic_owner	legacy_tactic_compatibility	Retained parser/declaration compatibility; canonical tactic surface uses interl/strict_interl names.
rr_hadamard_sequence_prec0_named_legacy	1	1	new_compatibility_name	introduced_by_compatibility_batch	legacy_tactic_compatibility	Retained parser/declaration compatibility; canonical tactic surface uses interl/strict_interl names.
rr_hermite_biehler_prec	2	1	tactic_reference	migrate_with_tactic_owner	legacy_tactic_compatibility	Retained parser/declaration compatibility; canonical tactic surface uses interl/strict_interl names.
rr_hermite_biehler_prec_named_legacy	1	1	new_compatibility_name	introduced_by_compatibility_batch	legacy_tactic_compatibility	Retained parser/declaration compatibility; canonical tactic surface uses interl/strict_interl names.
rr_hermite_biehler_prec_sequence	2	1	tactic_reference	migrate_with_tactic_owner	legacy_tactic_compatibility	Retained parser/declaration compatibility; canonical tactic surface uses interl/strict_interl names.
rr_hermite_biehler_prec_sequence_named_legacy	1	1	new_compatibility_name	introduced_by_compatibility_batch	legacy_tactic_compatibility	Retained parser/declaration compatibility; canonical tactic surface uses interl/strict_interl names.
rr_interlacingSeq0_prec0	2	1	tactic_reference	migrate_with_tactic_owner	legacy_tactic_compatibility	Retained parser/declaration compatibility; canonical tactic surface uses interl/strict_interl names.
rr_interlacingSeq0_prec0_named_legacy	1	1	new_compatibility_name	introduced_by_compatibility_batch	legacy_tactic_compatibility	Retained parser/declaration compatibility; canonical tactic surface uses interl/strict_interl names.
rr_interlacingSeq_prec	2	1	tactic_reference	migrate_with_tactic_owner	legacy_tactic_compatibility	Retained parser/declaration compatibility; canonical tactic surface uses interl/strict_interl names.
rr_interlacingSeq_prec_named_legacy	1	1	new_compatibility_name	introduced_by_compatibility_batch	legacy_tactic_compatibility	Retained parser/declaration compatibility; canonical tactic surface uses interl/strict_interl names.
rr_iterateTDeriv_prec_succ	2	1	tactic_reference	migrate_with_tactic_owner	legacy_tactic_compatibility	Retained parser/declaration compatibility; canonical tactic surface uses interl/strict_interl names.
rr_iterateTDeriv_prec_succ_named_legacy	1	1	new_compatibility_name	introduced_by_compatibility_batch	legacy_tactic_compatibility	Retained parser/declaration compatibility; canonical tactic surface uses interl/strict_interl names.
rr_iterateTDeriv_sequence_prec_succ	2	1	tactic_reference	migrate_with_tactic_owner	legacy_tactic_compatibility	Retained parser/declaration compatibility; canonical tactic surface uses interl/strict_interl names.
rr_iterateTDeriv_sequence_prec_succ_named_legacy	1	1	new_compatibility_name	introduced_by_compatibility_batch	legacy_tactic_compatibility	Retained parser/declaration compatibility; canonical tactic surface uses interl/strict_interl names.
rr_iterateThetaPlusOne_prec0	2	1	tactic_reference	migrate_with_tactic_owner	legacy_tactic_compatibility	Retained parser/declaration compatibility; canonical tactic surface uses interl/strict_interl names.
rr_iterateThetaPlusOne_prec0_named_legacy	1	1	new_compatibility_name	introduced_by_compatibility_batch	legacy_tactic_compatibility	Retained parser/declaration compatibility; canonical tactic surface uses interl/strict_interl names.
rr_iterateThetaPlusOne_sequence_prec0	2	1	tactic_reference	migrate_with_tactic_owner	legacy_tactic_compatibility	Retained parser/declaration compatibility; canonical tactic surface uses interl/strict_interl names.
rr_iterateThetaPlusOne_sequence_prec0_named_legacy	1	1	new_compatibility_name	introduced_by_compatibility_batch	legacy_tactic_compatibility	Retained parser/declaration compatibility; canonical tactic surface uses interl/strict_interl names.
rr_lookup_local_precedence_tag_one	1	1	new_compatibility_name	introduced_by_compatibility_batch	legacy_tactic_compatibility	Retained parser/declaration compatibility; canonical tactic surface uses interl/strict_interl names.
rr_lookup_local_precedence_tag_two	1	1	new_compatibility_name	introduced_by_compatibility_batch	legacy_tactic_compatibility	Retained parser/declaration compatibility; canonical tactic surface uses interl/strict_interl names.
rr_model_lag_one_pf_prec0_sequence	5	1	tactic_reference	migrate_with_tactic_owner	legacy_tactic_compatibility	Retained parser/declaration compatibility; canonical tactic surface uses interl/strict_interl names.
rr_model_lag_one_pf_prec0_sequence_named_legacy	1	1	new_compatibility_name	introduced_by_compatibility_batch	legacy_tactic_compatibility	Retained parser/declaration compatibility; canonical tactic surface uses interl/strict_interl names.
rr_model_lag_one_pf_prec0_sequence_update_inferred_legacy	1	1	new_compatibility_name	introduced_by_compatibility_batch	legacy_tactic_compatibility	Retained parser/declaration compatibility; canonical tactic surface uses interl/strict_interl names.
rr_model_lag_three_pf_prec0_sequence	5	1	tactic_reference	migrate_with_tactic_owner	legacy_tactic_compatibility	Retained parser/declaration compatibility; canonical tactic surface uses interl/strict_interl names.
rr_model_lag_three_pf_prec0_sequence_named_legacy	1	1	new_compatibility_name	introduced_by_compatibility_batch	legacy_tactic_compatibility	Retained parser/declaration compatibility; canonical tactic surface uses interl/strict_interl names.
rr_model_lag_three_pf_prec0_sequence_update_inferred_legacy	1	1	new_compatibility_name	introduced_by_compatibility_batch	legacy_tactic_compatibility	Retained parser/declaration compatibility; canonical tactic surface uses interl/strict_interl names.
rr_model_lag_two_pf_prec0_sequence	5	1	tactic_reference	migrate_with_tactic_owner	legacy_tactic_compatibility	Retained parser/declaration compatibility; canonical tactic surface uses interl/strict_interl names.
rr_model_lag_two_pf_prec0_sequence_named_legacy	1	1	new_compatibility_name	introduced_by_compatibility_batch	legacy_tactic_compatibility	Retained parser/declaration compatibility; canonical tactic surface uses interl/strict_interl names.
rr_model_lag_two_pf_prec0_sequence_update_inferred_legacy	1	1	new_compatibility_name	introduced_by_compatibility_batch	legacy_tactic_compatibility	Retained parser/declaration compatibility; canonical tactic surface uses interl/strict_interl names.
rr_narayana_polynomial_prec_succ	2	1	tactic_reference	migrate_with_tactic_owner	legacy_tactic_compatibility	Retained parser/declaration compatibility; canonical tactic surface uses interl/strict_interl names.
rr_narayana_polynomial_prec_succ_named_legacy	1	1	new_compatibility_name	introduced_by_compatibility_batch	legacy_tactic_compatibility	Retained parser/declaration compatibility; canonical tactic surface uses interl/strict_interl names.
rr_of_fPolynomial_prec	2	1	tactic_reference	migrate_with_tactic_owner	legacy_tactic_compatibility	Retained parser/declaration compatibility; canonical tactic surface uses interl/strict_interl names.
rr_of_fPolynomial_prec_named_legacy	1	1	new_compatibility_name	introduced_by_compatibility_batch	legacy_tactic_compatibility	Retained parser/declaration compatibility; canonical tactic surface uses interl/strict_interl names.
rr_of_fPolynomial_sequence_prec	2	1	tactic_reference	migrate_with_tactic_owner	legacy_tactic_compatibility	Retained parser/declaration compatibility; canonical tactic surface uses interl/strict_interl names.
rr_of_fPolynomial_sequence_prec_named_legacy	1	1	new_compatibility_name	introduced_by_compatibility_batch	legacy_tactic_compatibility	Retained parser/declaration compatibility; canonical tactic surface uses interl/strict_interl names.
rr_operator_prec0_sequence_of_preserver	2	1	tactic_reference	migrate_with_tactic_owner	legacy_tactic_compatibility	Retained parser/declaration compatibility; canonical tactic surface uses interl/strict_interl names.
rr_operator_prec0_sequence_of_preserver_named_legacy	1	1	new_compatibility_name	introduced_by_compatibility_batch	legacy_tactic_compatibility	Retained parser/declaration compatibility; canonical tactic surface uses interl/strict_interl names.
rr_operator_prec0_sequence_up_to_order	2	1	tactic_reference	migrate_with_tactic_owner	legacy_tactic_compatibility	Retained parser/declaration compatibility; canonical tactic surface uses interl/strict_interl names.
rr_operator_prec0_sequence_up_to_order_named_legacy	1	1	new_compatibility_name	introduced_by_compatibility_batch	legacy_tactic_compatibility	Retained parser/declaration compatibility; canonical tactic surface uses interl/strict_interl names.
rr_operator_prec0_up_to_order	2	1	tactic_reference	migrate_with_tactic_owner	legacy_tactic_compatibility	Retained parser/declaration compatibility; canonical tactic surface uses interl/strict_interl names.
rr_operator_prec0_up_to_order_named_legacy	1	1	new_compatibility_name	introduced_by_compatibility_batch	legacy_tactic_compatibility	Retained parser/declaration compatibility; canonical tactic surface uses interl/strict_interl names.
rr_pf_prec0_X_mul_both	2	1	tactic_reference	migrate_with_tactic_owner	legacy_tactic_compatibility	Retained parser/declaration compatibility; canonical tactic surface uses interl/strict_interl names.
rr_pf_prec0_X_mul_both_named_legacy	1	1	new_compatibility_name	introduced_by_compatibility_batch	legacy_tactic_compatibility	Retained parser/declaration compatibility; canonical tactic surface uses interl/strict_interl names.
rr_pf_prec0_self	2	1	tactic_reference	migrate_with_tactic_owner	legacy_tactic_compatibility	Retained parser/declaration compatibility; canonical tactic surface uses interl/strict_interl names.
rr_pf_prec0_self_named_legacy	1	1	new_compatibility_name	introduced_by_compatibility_batch	legacy_tactic_compatibility	Retained parser/declaration compatibility; canonical tactic surface uses interl/strict_interl names.
rr_pf_sequence_prec0_X_mul_both	2	1	tactic_reference	migrate_with_tactic_owner	legacy_tactic_compatibility	Retained parser/declaration compatibility; canonical tactic surface uses interl/strict_interl names.
rr_pf_sequence_prec0_X_mul_both_named_legacy	1	1	new_compatibility_name	introduced_by_compatibility_batch	legacy_tactic_compatibility	Retained parser/declaration compatibility; canonical tactic surface uses interl/strict_interl names.
rr_pf_sequence_prec0_self	2	1	tactic_reference	migrate_with_tactic_owner	legacy_tactic_compatibility	Retained parser/declaration compatibility; canonical tactic surface uses interl/strict_interl names.
rr_pf_sequence_prec0_self_named_legacy	1	1	new_compatibility_name	introduced_by_compatibility_batch	legacy_tactic_compatibility	Retained parser/declaration compatibility; canonical tactic surface uses interl/strict_interl names.
rr_pos_combo_convex_left_common_factor_prec	2	1	tactic_reference	migrate_with_tactic_owner	legacy_tactic_compatibility	Retained parser/declaration compatibility; canonical tactic surface uses interl/strict_interl names.
rr_pos_combo_convex_left_common_factor_prec_named_legacy	1	1	new_compatibility_name	introduced_by_compatibility_batch	legacy_tactic_compatibility	Retained parser/declaration compatibility; canonical tactic surface uses interl/strict_interl names.
rr_pos_combo_convex_left_prec	2	1	tactic_reference	migrate_with_tactic_owner	legacy_tactic_compatibility	Retained parser/declaration compatibility; canonical tactic surface uses interl/strict_interl names.
rr_pos_combo_convex_left_prec_named_legacy	1	1	new_compatibility_name	introduced_by_compatibility_batch	legacy_tactic_compatibility	Retained parser/declaration compatibility; canonical tactic surface uses interl/strict_interl names.
rr_pos_combo_convex_right_prec	2	1	tactic_reference	migrate_with_tactic_owner	legacy_tactic_compatibility	Retained parser/declaration compatibility; canonical tactic surface uses interl/strict_interl names.
rr_pos_combo_convex_right_prec_named_legacy	1	1	new_compatibility_name	introduced_by_compatibility_batch	legacy_tactic_compatibility	Retained parser/declaration compatibility; canonical tactic surface uses interl/strict_interl names.
rr_pos_combo_nonneg_left_prec	2	1	tactic_reference	migrate_with_tactic_owner	legacy_tactic_compatibility	Retained parser/declaration compatibility; canonical tactic surface uses interl/strict_interl names.
rr_pos_combo_nonneg_left_prec_named_legacy	1	1	new_compatibility_name	introduced_by_compatibility_batch	legacy_tactic_compatibility	Retained parser/declaration compatibility; canonical tactic surface uses interl/strict_interl names.
rr_pos_combo_nonneg_right_prec	2	1	tactic_reference	migrate_with_tactic_owner	legacy_tactic_compatibility	Retained parser/declaration compatibility; canonical tactic surface uses interl/strict_interl names.
rr_pos_combo_nonneg_right_prec_named_legacy	1	1	new_compatibility_name	introduced_by_compatibility_batch	legacy_tactic_compatibility	Retained parser/declaration compatibility; canonical tactic surface uses interl/strict_interl names.
rr_pos_combo_of_prec	2	1	tactic_reference	migrate_with_tactic_owner	legacy_tactic_compatibility	Retained parser/declaration compatibility; canonical tactic surface uses interl/strict_interl names.
rr_pos_combo_of_prec_named_legacy	1	1	new_compatibility_name	introduced_by_compatibility_batch	legacy_tactic_compatibility	Retained parser/declaration compatibility; canonical tactic surface uses interl/strict_interl names.
rr_pos_combo_sequence_nonneg_right_prec	2	1	tactic_reference	migrate_with_tactic_owner	legacy_tactic_compatibility	Retained parser/declaration compatibility; canonical tactic surface uses interl/strict_interl names.
rr_pos_combo_sequence_nonneg_right_prec_named_legacy	1	1	new_compatibility_name	introduced_by_compatibility_batch	legacy_tactic_compatibility	Retained parser/declaration compatibility; canonical tactic surface uses interl/strict_interl names.
rr_pos_combo_sequence_of_prec	2	1	tactic_reference	migrate_with_tactic_owner	legacy_tactic_compatibility	Retained parser/declaration compatibility; canonical tactic surface uses interl/strict_interl names.
rr_pos_combo_sequence_of_prec_named_legacy	1	1	new_compatibility_name	introduced_by_compatibility_batch	legacy_tactic_compatibility	Retained parser/declaration compatibility; canonical tactic surface uses interl/strict_interl names.
rr_prec	4	1	tactic_reference	migrate_with_tactic_owner	legacy_tactic_compatibility	Retained parser/declaration compatibility; canonical tactic surface uses interl/strict_interl names.
rr_prec0	2	1	tactic_reference	migrate_with_tactic_owner	legacy_tactic_compatibility	Retained parser/declaration compatibility; canonical tactic surface uses interl/strict_interl names.
rr_prec0_legacy	1	1	new_compatibility_name	introduced_by_compatibility_batch	legacy_tactic_compatibility	Retained parser/declaration compatibility; canonical tactic surface uses interl/strict_interl names.
rr_prec_C_mul_X	8	2	tactic_reference	migrate_with_tactic_owner	legacy_tactic_compatibility	Retained parser/declaration compatibility; canonical tactic surface uses interl/strict_interl names.
rr_prec_C_mul_X_inferred_legacy	1	1	new_compatibility_name	introduced_by_compatibility_batch	legacy_tactic_compatibility	Retained parser/declaration compatibility; canonical tactic surface uses interl/strict_interl names.
rr_prec_C_mul_X_legacy	1	1	new_compatibility_name	introduced_by_compatibility_batch	legacy_tactic_compatibility	Retained parser/declaration compatibility; canonical tactic surface uses interl/strict_interl names.
rr_prec_C_mul_X_pos_inferred_legacy	1	1	new_compatibility_name	introduced_by_compatibility_batch	legacy_tactic_compatibility	Retained parser/declaration compatibility; canonical tactic surface uses interl/strict_interl names.
rr_prec_C_mul_X_pos_legacy	1	1	new_compatibility_name	introduced_by_compatibility_batch	legacy_tactic_compatibility	Retained parser/declaration compatibility; canonical tactic surface uses interl/strict_interl names.
rr_prec_C_mul_both	4	1	tactic_reference	migrate_with_tactic_owner	legacy_tactic_compatibility	Retained parser/declaration compatibility; canonical tactic surface uses interl/strict_interl names.
rr_prec_C_mul_both_auto_legacy	1	1	new_compatibility_name	introduced_by_compatibility_batch	legacy_tactic_compatibility	Retained parser/declaration compatibility; canonical tactic surface uses interl/strict_interl names.
rr_prec_C_mul_both_named_legacy	1	1	new_compatibility_name	introduced_by_compatibility_batch	legacy_tactic_compatibility	Retained parser/declaration compatibility; canonical tactic surface uses interl/strict_interl names.
rr_prec_C_mul_both_sequence	4	1	tactic_reference	migrate_with_tactic_owner	legacy_tactic_compatibility	Retained parser/declaration compatibility; canonical tactic surface uses interl/strict_interl names.
rr_prec_C_mul_both_sequence_auto_legacy	1	1	new_compatibility_name	introduced_by_compatibility_batch	legacy_tactic_compatibility	Retained parser/declaration compatibility; canonical tactic surface uses interl/strict_interl names.
rr_prec_C_mul_both_sequence_named_legacy	1	1	new_compatibility_name	introduced_by_compatibility_batch	legacy_tactic_compatibility	Retained parser/declaration compatibility; canonical tactic surface uses interl/strict_interl names.
rr_prec_C_mul_left	4	1	tactic_reference	migrate_with_tactic_owner	legacy_tactic_compatibility	Retained parser/declaration compatibility; canonical tactic surface uses interl/strict_interl names.
rr_prec_C_mul_left_auto_legacy	1	1	new_compatibility_name	introduced_by_compatibility_batch	legacy_tactic_compatibility	Retained parser/declaration compatibility; canonical tactic surface uses interl/strict_interl names.
rr_prec_C_mul_left_named_legacy	1	1	new_compatibility_name	introduced_by_compatibility_batch	legacy_tactic_compatibility	Retained parser/declaration compatibility; canonical tactic surface uses interl/strict_interl names.
rr_prec_C_mul_left_sequence	4	1	tactic_reference	migrate_with_tactic_owner	legacy_tactic_compatibility	Retained parser/declaration compatibility; canonical tactic surface uses interl/strict_interl names.
rr_prec_C_mul_left_sequence_auto_legacy	1	1	new_compatibility_name	introduced_by_compatibility_batch	legacy_tactic_compatibility	Retained parser/declaration compatibility; canonical tactic surface uses interl/strict_interl names.
rr_prec_C_mul_left_sequence_named_legacy	1	1	new_compatibility_name	introduced_by_compatibility_batch	legacy_tactic_compatibility	Retained parser/declaration compatibility; canonical tactic surface uses interl/strict_interl names.
rr_prec_C_mul_right	4	1	tactic_reference	migrate_with_tactic_owner	legacy_tactic_compatibility	Retained parser/declaration compatibility; canonical tactic surface uses interl/strict_interl names.
rr_prec_C_mul_right_auto_legacy	1	1	new_compatibility_name	introduced_by_compatibility_batch	legacy_tactic_compatibility	Retained parser/declaration compatibility; canonical tactic surface uses interl/strict_interl names.
rr_prec_C_mul_right_named_legacy	1	1	new_compatibility_name	introduced_by_compatibility_batch	legacy_tactic_compatibility	Retained parser/declaration compatibility; canonical tactic surface uses interl/strict_interl names.
rr_prec_C_mul_right_sequence	4	1	tactic_reference	migrate_with_tactic_owner	legacy_tactic_compatibility	Retained parser/declaration compatibility; canonical tactic surface uses interl/strict_interl names.
rr_prec_C_mul_right_sequence_auto_legacy	1	1	new_compatibility_name	introduced_by_compatibility_batch	legacy_tactic_compatibility	Retained parser/declaration compatibility; canonical tactic surface uses interl/strict_interl names.
rr_prec_C_mul_right_sequence_named_legacy	1	1	new_compatibility_name	introduced_by_compatibility_batch	legacy_tactic_compatibility	Retained parser/declaration compatibility; canonical tactic surface uses interl/strict_interl names.
rr_prec_X_derivative_X_self	4	2	tactic_reference	migrate_with_tactic_owner	legacy_tactic_compatibility	Retained parser/declaration compatibility; canonical tactic surface uses interl/strict_interl names.
rr_prec_X_derivative_X_self_inferred_legacy	1	1	new_compatibility_name	introduced_by_compatibility_batch	legacy_tactic_compatibility	Retained parser/declaration compatibility; canonical tactic surface uses interl/strict_interl names.
rr_prec_X_derivative_X_self_legacy	1	1	new_compatibility_name	introduced_by_compatibility_batch	legacy_tactic_compatibility	Retained parser/declaration compatibility; canonical tactic surface uses interl/strict_interl names.
rr_prec_X_pow_mul_X_pow_succ	2	1	tactic_reference	migrate_with_tactic_owner	legacy_tactic_compatibility	Retained parser/declaration compatibility; canonical tactic surface uses interl/strict_interl names.
rr_prec_X_pow_mul_X_pow_succ_named_legacy	1	1	new_compatibility_name	introduced_by_compatibility_batch	legacy_tactic_compatibility	Retained parser/declaration compatibility; canonical tactic surface uses interl/strict_interl names.
rr_prec_affine_derivative	2	1	tactic_reference	migrate_with_tactic_owner	legacy_tactic_compatibility	Retained parser/declaration compatibility; canonical tactic surface uses interl/strict_interl names.
rr_prec_affine_derivative_degree_one	2	1	tactic_reference	migrate_with_tactic_owner	legacy_tactic_compatibility	Retained parser/declaration compatibility; canonical tactic surface uses interl/strict_interl names.
rr_prec_affine_derivative_degree_one_named_legacy	1	1	new_compatibility_name	introduced_by_compatibility_batch	legacy_tactic_compatibility	Retained parser/declaration compatibility; canonical tactic surface uses interl/strict_interl names.
rr_prec_affine_derivative_named_legacy	1	1	new_compatibility_name	introduced_by_compatibility_batch	legacy_tactic_compatibility	Retained parser/declaration compatibility; canonical tactic surface uses interl/strict_interl names.
rr_prec_affine_derivative_nonneg	2	1	tactic_reference	migrate_with_tactic_owner	legacy_tactic_compatibility	Retained parser/declaration compatibility; canonical tactic surface uses interl/strict_interl names.
rr_prec_affine_derivative_nonneg_named_legacy	1	1	new_compatibility_name	introduced_by_compatibility_batch	legacy_tactic_compatibility	Retained parser/declaration compatibility; canonical tactic surface uses interl/strict_interl names.
rr_prec_affine_derivative_nonneg_sequence	2	1	tactic_reference	migrate_with_tactic_owner	legacy_tactic_compatibility	Retained parser/declaration compatibility; canonical tactic surface uses interl/strict_interl names.
rr_prec_affine_derivative_nonneg_sequence_named_legacy	1	1	new_compatibility_name	introduced_by_compatibility_batch	legacy_tactic_compatibility	Retained parser/declaration compatibility; canonical tactic surface uses interl/strict_interl names.
rr_prec_affine_derivative_nonneg_sequence_realrooted	2	1	tactic_reference	migrate_with_tactic_owner	legacy_tactic_compatibility	Retained parser/declaration compatibility; canonical tactic surface uses interl/strict_interl names.
rr_prec_affine_derivative_nonneg_sequence_realrooted_named_legacy	1	1	new_compatibility_name	introduced_by_compatibility_batch	legacy_tactic_compatibility	Retained parser/declaration compatibility; canonical tactic surface uses interl/strict_interl names.
rr_prec_affine_derivative_sequence	2	1	tactic_reference	migrate_with_tactic_owner	legacy_tactic_compatibility	Retained parser/declaration compatibility; canonical tactic surface uses interl/strict_interl names.
rr_prec_affine_derivative_sequence_named_legacy	1	1	new_compatibility_name	introduced_by_compatibility_batch	legacy_tactic_compatibility	Retained parser/declaration compatibility; canonical tactic surface uses interl/strict_interl names.
rr_prec_affine_derivative_sequence_realrooted	2	1	tactic_reference	migrate_with_tactic_owner	legacy_tactic_compatibility	Retained parser/declaration compatibility; canonical tactic surface uses interl/strict_interl names.
rr_prec_affine_derivative_sequence_realrooted_named_legacy	1	1	new_compatibility_name	introduced_by_compatibility_batch	legacy_tactic_compatibility	Retained parser/declaration compatibility; canonical tactic surface uses interl/strict_interl names.
rr_prec_affine_derivative_strong	2	1	tactic_reference	migrate_with_tactic_owner	legacy_tactic_compatibility	Retained parser/declaration compatibility; canonical tactic surface uses interl/strict_interl names.
rr_prec_affine_derivative_strong_named_legacy	1	1	new_compatibility_name	introduced_by_compatibility_batch	legacy_tactic_compatibility	Retained parser/declaration compatibility; canonical tactic surface uses interl/strict_interl names.
rr_prec_cancel_common_linear_factor	4	1	tactic_reference	migrate_with_tactic_owner	legacy_tactic_compatibility	Retained parser/declaration compatibility; canonical tactic surface uses interl/strict_interl names.
rr_prec_cancel_common_linear_factor_inferred_legacy	1	1	new_compatibility_name	introduced_by_compatibility_batch	legacy_tactic_compatibility	Retained parser/declaration compatibility; canonical tactic surface uses interl/strict_interl names.
rr_prec_cancel_common_linear_factor_named_legacy	1	1	new_compatibility_name	introduced_by_compatibility_batch	legacy_tactic_compatibility	Retained parser/declaration compatibility; canonical tactic surface uses interl/strict_interl names.
rr_prec_evalCoeff_nonpos	11	2	tactic_reference	migrate_with_tactic_owner	legacy_tactic_compatibility	Retained parser/declaration compatibility; canonical tactic surface uses interl/strict_interl names.
rr_prec_evalCoeff_nonpos_degree_inferred_legacy	1	1	new_compatibility_name	introduced_by_compatibility_batch	legacy_tactic_compatibility	Retained parser/declaration compatibility; canonical tactic surface uses interl/strict_interl names.
rr_prec_evalCoeff_nonpos_degree_named_legacy	1	1	new_compatibility_name	introduced_by_compatibility_batch	legacy_tactic_compatibility	Retained parser/declaration compatibility; canonical tactic surface uses interl/strict_interl names.
rr_prec_evalCoeff_nonpos_inferred_legacy	1	1	new_compatibility_name	introduced_by_compatibility_batch	legacy_tactic_compatibility	Retained parser/declaration compatibility; canonical tactic surface uses interl/strict_interl names.
rr_prec_evalCoeff_nonpos_named_legacy	1	1	new_compatibility_name	introduced_by_compatibility_batch	legacy_tactic_compatibility	Retained parser/declaration compatibility; canonical tactic surface uses interl/strict_interl names.
rr_prec_mul_X	4	2	tactic_reference	migrate_with_tactic_owner	legacy_tactic_compatibility	Retained parser/declaration compatibility; canonical tactic surface uses interl/strict_interl names.
rr_prec_mul_X_both	4	2	tactic_reference	migrate_with_tactic_owner	legacy_tactic_compatibility	Retained parser/declaration compatibility; canonical tactic surface uses interl/strict_interl names.
rr_prec_mul_X_both_inferred_legacy	1	1	new_compatibility_name	introduced_by_compatibility_batch	legacy_tactic_compatibility	Retained parser/declaration compatibility; canonical tactic surface uses interl/strict_interl names.
rr_prec_mul_X_both_legacy	1	1	new_compatibility_name	introduced_by_compatibility_batch	legacy_tactic_compatibility	Retained parser/declaration compatibility; canonical tactic surface uses interl/strict_interl names.
rr_prec_mul_X_inferred_legacy	1	1	new_compatibility_name	introduced_by_compatibility_batch	legacy_tactic_compatibility	Retained parser/declaration compatibility; canonical tactic surface uses interl/strict_interl names.
rr_prec_mul_X_legacy	1	1	new_compatibility_name	introduced_by_compatibility_batch	legacy_tactic_compatibility	Retained parser/declaration compatibility; canonical tactic surface uses interl/strict_interl names.
rr_prec_mul_common_factor	4	1	tactic_reference	migrate_with_tactic_owner	legacy_tactic_compatibility	Retained parser/declaration compatibility; canonical tactic surface uses interl/strict_interl names.
rr_prec_mul_common_factor_inferred_legacy	1	1	new_compatibility_name	introduced_by_compatibility_batch	legacy_tactic_compatibility	Retained parser/declaration compatibility; canonical tactic surface uses interl/strict_interl names.
rr_prec_mul_common_factor_named_legacy	1	1	new_compatibility_name	introduced_by_compatibility_batch	legacy_tactic_compatibility	Retained parser/declaration compatibility; canonical tactic surface uses interl/strict_interl names.
rr_prec_of_interlaces_legacy	1	1	new_compatibility_name	introduced_by_compatibility_batch	legacy_tactic_compatibility	Retained parser/declaration compatibility; canonical tactic surface uses interl/strict_interl names.
rr_prec_of_prec0_legacy	1	1	new_compatibility_name	introduced_by_compatibility_batch	legacy_tactic_compatibility	Retained parser/declaration compatibility; canonical tactic surface uses interl/strict_interl names.
rr_prec_pos_X_lag_coeff_sequence_auto	2	2	tactic_reference	migrate_with_tactic_owner	legacy_tactic_compatibility	Retained parser/declaration compatibility; canonical tactic surface uses interl/strict_interl names.
rr_prec_pos_X_lag_coeff_sequence_auto_legacy	1	1	new_compatibility_name	introduced_by_compatibility_batch	legacy_tactic_compatibility	Retained parser/declaration compatibility; canonical tactic surface uses interl/strict_interl names.
rr_prec_pos_X_lag_coeff_sequence_realrooted_auto	2	2	tactic_reference	migrate_with_tactic_owner	legacy_tactic_compatibility	Retained parser/declaration compatibility; canonical tactic surface uses interl/strict_interl names.
rr_prec_pos_X_lag_coeff_sequence_realrooted_auto_legacy	1	1	new_compatibility_name	introduced_by_compatibility_batch	legacy_tactic_compatibility	Retained parser/declaration compatibility; canonical tactic surface uses interl/strict_interl names.
rr_prec_pos_X_lag_combo	4	2	tactic_reference	migrate_with_tactic_owner	legacy_tactic_compatibility	Retained parser/declaration compatibility; canonical tactic surface uses interl/strict_interl names.
rr_prec_pos_X_lag_combo_lag_pos_legacy	1	1	new_compatibility_name	introduced_by_compatibility_batch	legacy_tactic_compatibility	Retained parser/declaration compatibility; canonical tactic surface uses interl/strict_interl names.
rr_prec_pos_X_lag_combo_legacy	1	1	new_compatibility_name	introduced_by_compatibility_batch	legacy_tactic_compatibility	Retained parser/declaration compatibility; canonical tactic surface uses interl/strict_interl names.
rr_prec_pos_X_lag_sequence	2	2	tactic_reference	migrate_with_tactic_owner	legacy_tactic_compatibility	Retained parser/declaration compatibility; canonical tactic surface uses interl/strict_interl names.
rr_prec_pos_X_lag_sequence_auto	2	2	tactic_reference	migrate_with_tactic_owner	legacy_tactic_compatibility	Retained parser/declaration compatibility; canonical tactic surface uses interl/strict_interl names.
rr_prec_pos_X_lag_sequence_auto_legacy	1	1	new_compatibility_name	introduced_by_compatibility_batch	legacy_tactic_compatibility	Retained parser/declaration compatibility; canonical tactic surface uses interl/strict_interl names.
rr_prec_pos_X_lag_sequence_legacy	1	1	new_compatibility_name	introduced_by_compatibility_batch	legacy_tactic_compatibility	Retained parser/declaration compatibility; canonical tactic surface uses interl/strict_interl names.
rr_prec_pos_X_lag_sequence_realrooted	2	2	tactic_reference	migrate_with_tactic_owner	legacy_tactic_compatibility	Retained parser/declaration compatibility; canonical tactic surface uses interl/strict_interl names.
rr_prec_pos_X_lag_sequence_realrooted_auto	2	2	tactic_reference	migrate_with_tactic_owner	legacy_tactic_compatibility	Retained parser/declaration compatibility; canonical tactic surface uses interl/strict_interl names.
rr_prec_pos_X_lag_sequence_realrooted_auto_legacy	1	1	new_compatibility_name	introduced_by_compatibility_batch	legacy_tactic_compatibility	Retained parser/declaration compatibility; canonical tactic surface uses interl/strict_interl names.
rr_prec_pos_X_lag_sequence_realrooted_legacy	1	1	new_compatibility_name	introduced_by_compatibility_batch	legacy_tactic_compatibility	Retained parser/declaration compatibility; canonical tactic surface uses interl/strict_interl names.
rr_prec_pos_X_same_coeff_sequence_auto	2	2	tactic_reference	migrate_with_tactic_owner	legacy_tactic_compatibility	Retained parser/declaration compatibility; canonical tactic surface uses interl/strict_interl names.
rr_prec_pos_X_same_coeff_sequence_auto_legacy	1	1	new_compatibility_name	introduced_by_compatibility_batch	legacy_tactic_compatibility	Retained parser/declaration compatibility; canonical tactic surface uses interl/strict_interl names.
rr_prec_pos_X_same_coeff_sequence_realrooted_auto	2	2	tactic_reference	migrate_with_tactic_owner	legacy_tactic_compatibility	Retained parser/declaration compatibility; canonical tactic surface uses interl/strict_interl names.
rr_prec_pos_X_same_coeff_sequence_realrooted_auto_legacy	1	1	new_compatibility_name	introduced_by_compatibility_batch	legacy_tactic_compatibility	Retained parser/declaration compatibility; canonical tactic surface uses interl/strict_interl names.
rr_prec_pos_X_sub_C_lag_sequence	2	2	tactic_reference	migrate_with_tactic_owner	legacy_tactic_compatibility	Retained parser/declaration compatibility; canonical tactic surface uses interl/strict_interl names.
rr_prec_pos_X_sub_C_lag_sequence_legacy	1	1	new_compatibility_name	introduced_by_compatibility_batch	legacy_tactic_compatibility	Retained parser/declaration compatibility; canonical tactic surface uses interl/strict_interl names.
rr_prec_pos_X_sub_C_lag_sequence_realrooted	2	2	tactic_reference	migrate_with_tactic_owner	legacy_tactic_compatibility	Retained parser/declaration compatibility; canonical tactic surface uses interl/strict_interl names.
rr_prec_pos_X_sub_C_lag_sequence_realrooted_auto	2	2	tactic_reference	migrate_with_tactic_owner	legacy_tactic_compatibility	Retained parser/declaration compatibility; canonical tactic surface uses interl/strict_interl names.
rr_prec_pos_X_sub_C_lag_sequence_realrooted_auto_legacy	1	1	new_compatibility_name	introduced_by_compatibility_batch	legacy_tactic_compatibility	Retained parser/declaration compatibility; canonical tactic surface uses interl/strict_interl names.
rr_prec_pos_X_sub_C_lag_sequence_realrooted_legacy	1	1	new_compatibility_name	introduced_by_compatibility_batch	legacy_tactic_compatibility	Retained parser/declaration compatibility; canonical tactic surface uses interl/strict_interl names.
rr_prec_pos_X_unit_lag_sequence_auto	2	2	tactic_reference	migrate_with_tactic_owner	legacy_tactic_compatibility	Retained parser/declaration compatibility; canonical tactic surface uses interl/strict_interl names.
rr_prec_pos_X_unit_lag_sequence_auto_legacy	1	1	new_compatibility_name	introduced_by_compatibility_batch	legacy_tactic_compatibility	Retained parser/declaration compatibility; canonical tactic surface uses interl/strict_interl names.
rr_prec_pos_X_unit_lag_sequence_realrooted_auto	2	2	tactic_reference	migrate_with_tactic_owner	legacy_tactic_compatibility	Retained parser/declaration compatibility; canonical tactic surface uses interl/strict_interl names.
rr_prec_pos_X_unit_lag_sequence_realrooted_auto_legacy	1	1	new_compatibility_name	introduced_by_compatibility_batch	legacy_tactic_compatibility	Retained parser/declaration compatibility; canonical tactic surface uses interl/strict_interl names.
rr_prec_positive_euler_lag_sequence	2	1	tactic_reference	migrate_with_tactic_owner	legacy_tactic_compatibility	Retained parser/declaration compatibility; canonical tactic surface uses interl/strict_interl names.
rr_prec_positive_euler_lag_sequence_named_legacy	1	1	new_compatibility_name	introduced_by_compatibility_batch	legacy_tactic_compatibility	Retained parser/declaration compatibility; canonical tactic surface uses interl/strict_interl names.
rr_prec_sequence	2	1	tactic_reference	migrate_with_tactic_owner	legacy_tactic_compatibility	Retained parser/declaration compatibility; canonical tactic surface uses interl/strict_interl names.
rr_prec_sequence_branches	4	1	tactic_reference	migrate_with_tactic_owner	legacy_tactic_compatibility	Retained parser/declaration compatibility; canonical tactic surface uses interl/strict_interl names.
rr_prec_sequence_branches_degree_branch_legacy	1	1	new_compatibility_name	introduced_by_compatibility_batch	legacy_tactic_compatibility	Retained parser/declaration compatibility; canonical tactic surface uses interl/strict_interl names.
rr_prec_sequence_branches_legacy	1	1	new_compatibility_name	introduced_by_compatibility_batch	legacy_tactic_compatibility	Retained parser/declaration compatibility; canonical tactic surface uses interl/strict_interl names.
rr_prec_sequence_branches_realrooted	4	1	tactic_reference	migrate_with_tactic_owner	legacy_tactic_compatibility	Retained parser/declaration compatibility; canonical tactic surface uses interl/strict_interl names.
rr_prec_sequence_branches_realrooted_degree_branch_legacy	1	1	new_compatibility_name	introduced_by_compatibility_batch	legacy_tactic_compatibility	Retained parser/declaration compatibility; canonical tactic surface uses interl/strict_interl names.
rr_prec_sequence_branches_realrooted_legacy	1	1	new_compatibility_name	introduced_by_compatibility_batch	legacy_tactic_compatibility	Retained parser/declaration compatibility; canonical tactic surface uses interl/strict_interl names.
rr_prec_sequence_legacy	1	1	new_compatibility_name	introduced_by_compatibility_batch	legacy_tactic_compatibility	Retained parser/declaration compatibility; canonical tactic surface uses interl/strict_interl names.
rr_prec_sequence_realrooted	2	1	tactic_reference	migrate_with_tactic_owner	legacy_tactic_compatibility	Retained parser/declaration compatibility; canonical tactic surface uses interl/strict_interl names.
rr_prec_sequence_realrooted_legacy	1	1	new_compatibility_name	introduced_by_compatibility_batch	legacy_tactic_compatibility	Retained parser/declaration compatibility; canonical tactic surface uses interl/strict_interl names.
rr_prec_wagner_derivative_gap_lag	4	2	tactic_reference	migrate_with_tactic_owner	legacy_tactic_compatibility	Retained parser/declaration compatibility; canonical tactic surface uses interl/strict_interl names.
rr_prec_wagner_derivative_gap_lag_den	2	2	tactic_reference	migrate_with_tactic_owner	legacy_tactic_compatibility	Retained parser/declaration compatibility; canonical tactic surface uses interl/strict_interl names.
rr_prec_wagner_derivative_gap_lag_den_legacy	1	1	new_compatibility_name	introduced_by_compatibility_batch	legacy_tactic_compatibility	Retained parser/declaration compatibility; canonical tactic surface uses interl/strict_interl names.
rr_prec_wagner_derivative_gap_lag_inferred_legacy	1	1	new_compatibility_name	introduced_by_compatibility_batch	legacy_tactic_compatibility	Retained parser/declaration compatibility; canonical tactic surface uses interl/strict_interl names.
rr_prec_wagner_derivative_gap_lag_legacy	1	1	new_compatibility_name	introduced_by_compatibility_batch	legacy_tactic_compatibility	Retained parser/declaration compatibility; canonical tactic surface uses interl/strict_interl names.
rr_prec_wagner_derivative_gap_lag_sequence	2	2	tactic_reference	migrate_with_tactic_owner	legacy_tactic_compatibility	Retained parser/declaration compatibility; canonical tactic surface uses interl/strict_interl names.
rr_prec_wagner_derivative_gap_lag_sequence_den	2	2	tactic_reference	migrate_with_tactic_owner	legacy_tactic_compatibility	Retained parser/declaration compatibility; canonical tactic surface uses interl/strict_interl names.
rr_prec_wagner_derivative_gap_lag_sequence_den_legacy	1	1	new_compatibility_name	introduced_by_compatibility_batch	legacy_tactic_compatibility	Retained parser/declaration compatibility; canonical tactic surface uses interl/strict_interl names.
rr_prec_wagner_derivative_gap_lag_sequence_den_realrooted	2	2	tactic_reference	migrate_with_tactic_owner	legacy_tactic_compatibility	Retained parser/declaration compatibility; canonical tactic surface uses interl/strict_interl names.
rr_prec_wagner_derivative_gap_lag_sequence_den_realrooted_legacy	1	1	new_compatibility_name	introduced_by_compatibility_batch	legacy_tactic_compatibility	Retained parser/declaration compatibility; canonical tactic surface uses interl/strict_interl names.
rr_prec_wagner_derivative_gap_lag_sequence_legacy	1	1	new_compatibility_name	introduced_by_compatibility_batch	legacy_tactic_compatibility	Retained parser/declaration compatibility; canonical tactic surface uses interl/strict_interl names.
rr_prec_wagner_derivative_gap_lag_sequence_realrooted	2	2	tactic_reference	migrate_with_tactic_owner	legacy_tactic_compatibility	Retained parser/declaration compatibility; canonical tactic surface uses interl/strict_interl names.
rr_prec_wagner_derivative_gap_lag_sequence_realrooted_legacy	1	1	new_compatibility_name	introduced_by_compatibility_batch	legacy_tactic_compatibility	Retained parser/declaration compatibility; canonical tactic surface uses interl/strict_interl names.
rr_staircaseSum_prec	2	1	tactic_reference	migrate_with_tactic_owner	legacy_tactic_compatibility	Retained parser/declaration compatibility; canonical tactic surface uses interl/strict_interl names.
rr_staircaseSum_prec_named_legacy	1	1	new_compatibility_name	introduced_by_compatibility_batch	legacy_tactic_compatibility	Retained parser/declaration compatibility; canonical tactic surface uses interl/strict_interl names.
rr_staircaseSum_sequence_prec	2	1	tactic_reference	migrate_with_tactic_owner	legacy_tactic_compatibility	Retained parser/declaration compatibility; canonical tactic surface uses interl/strict_interl names.
rr_staircaseSum_sequence_prec_named_legacy	1	1	new_compatibility_name	introduced_by_compatibility_batch	legacy_tactic_compatibility	Retained parser/declaration compatibility; canonical tactic surface uses interl/strict_interl names.
rr_succDegree_rootCountLeadRightZero_divXPrec_of_prec	2	2	tactic_reference	migrate_with_tactic_owner	legacy_tactic_compatibility	Retained parser/declaration compatibility; canonical tactic surface uses interl/strict_interl names.
rr_succDegree_rootCountLeadRightZero_divXPrec_of_prec_named_legacy	1	1	new_compatibility_name	introduced_by_compatibility_batch	legacy_tactic_compatibility	Retained parser/declaration compatibility; canonical tactic surface uses interl/strict_interl names.
rr_succDegree_rootCountResidual_of_prec	2	2	tactic_reference	migrate_with_tactic_owner	legacy_tactic_compatibility	Retained parser/declaration compatibility; canonical tactic surface uses interl/strict_interl names.
rr_succDegree_rootCountResidual_of_prec_named_legacy	1	1	new_compatibility_name	introduced_by_compatibility_batch	legacy_tactic_compatibility	Retained parser/declaration compatibility; canonical tactic surface uses interl/strict_interl names.
rr_sum_left_prec	2	1	tactic_reference	migrate_with_tactic_owner	legacy_tactic_compatibility	Retained parser/declaration compatibility; canonical tactic surface uses interl/strict_interl names.
rr_sum_left_prec_named_legacy	1	1	new_compatibility_name	introduced_by_compatibility_batch	legacy_tactic_compatibility	Retained parser/declaration compatibility; canonical tactic surface uses interl/strict_interl names.
rr_sum_right_prec	2	1	tactic_reference	migrate_with_tactic_owner	legacy_tactic_compatibility	Retained parser/declaration compatibility; canonical tactic surface uses interl/strict_interl names.
rr_sum_right_prec_named_legacy	1	1	new_compatibility_name	introduced_by_compatibility_batch	legacy_tactic_compatibility	Retained parser/declaration compatibility; canonical tactic surface uses interl/strict_interl names.
rr_sum_sequence_left_prec	2	1	tactic_reference	migrate_with_tactic_owner	legacy_tactic_compatibility	Retained parser/declaration compatibility; canonical tactic surface uses interl/strict_interl names.
rr_sum_sequence_left_prec_named_legacy	1	1	new_compatibility_name	introduced_by_compatibility_batch	legacy_tactic_compatibility	Retained parser/declaration compatibility; canonical tactic surface uses interl/strict_interl names.
rr_sum_sequence_right_prec	2	1	tactic_reference	migrate_with_tactic_owner	legacy_tactic_compatibility	Retained parser/declaration compatibility; canonical tactic surface uses interl/strict_interl names.
rr_sum_sequence_right_prec_named_legacy	1	1	new_compatibility_name	introduced_by_compatibility_batch	legacy_tactic_compatibility	Retained parser/declaration compatibility; canonical tactic surface uses interl/strict_interl names.
rr_thetaPlusOne_prec0	2	1	tactic_reference	migrate_with_tactic_owner	legacy_tactic_compatibility	Retained parser/declaration compatibility; canonical tactic surface uses interl/strict_interl names.
rr_thetaPlusOne_prec0_named_legacy	1	1	new_compatibility_name	introduced_by_compatibility_batch	legacy_tactic_compatibility	Retained parser/declaration compatibility; canonical tactic surface uses interl/strict_interl names.
rr_thetaPlusOne_sequence_prec0	2	1	tactic_reference	migrate_with_tactic_owner	legacy_tactic_compatibility	Retained parser/declaration compatibility; canonical tactic surface uses interl/strict_interl names.
rr_thetaPlusOne_sequence_prec0_named_legacy	1	1	new_compatibility_name	introduced_by_compatibility_batch	legacy_tactic_compatibility	Retained parser/declaration compatibility; canonical tactic surface uses interl/strict_interl names.
rr_veronese_pair_fin_prec	2	1	tactic_reference	migrate_with_tactic_owner	legacy_tactic_compatibility	Retained parser/declaration compatibility; canonical tactic surface uses interl/strict_interl names.
rr_veronese_pair_fin_prec0	2	1	tactic_reference	migrate_with_tactic_owner	legacy_tactic_compatibility	Retained parser/declaration compatibility; canonical tactic surface uses interl/strict_interl names.
rr_veronese_pair_fin_prec0_named_legacy	1	1	new_compatibility_name	introduced_by_compatibility_batch	legacy_tactic_compatibility	Retained parser/declaration compatibility; canonical tactic surface uses interl/strict_interl names.
rr_veronese_pair_fin_prec_named_legacy	1	1	new_compatibility_name	introduced_by_compatibility_batch	legacy_tactic_compatibility	Retained parser/declaration compatibility; canonical tactic surface uses interl/strict_interl names.
rr_veronese_pair_fin_sequence_prec	2	1	tactic_reference	migrate_with_tactic_owner	legacy_tactic_compatibility	Retained parser/declaration compatibility; canonical tactic surface uses interl/strict_interl names.
rr_veronese_pair_fin_sequence_prec0	2	1	tactic_reference	migrate_with_tactic_owner	legacy_tactic_compatibility	Retained parser/declaration compatibility; canonical tactic surface uses interl/strict_interl names.
rr_veronese_pair_fin_sequence_prec0_named_legacy	1	1	new_compatibility_name	introduced_by_compatibility_batch	legacy_tactic_compatibility	Retained parser/declaration compatibility; canonical tactic surface uses interl/strict_interl names.
rr_veronese_pair_fin_sequence_prec_named_legacy	1	1	new_compatibility_name	introduced_by_compatibility_batch	legacy_tactic_compatibility	Retained parser/declaration compatibility; canonical tactic surface uses interl/strict_interl names.
rr_veronese_pair_prec	2	1	tactic_reference	migrate_with_tactic_owner	legacy_tactic_compatibility	Retained parser/declaration compatibility; canonical tactic surface uses interl/strict_interl names.
rr_veronese_pair_prec0	2	1	tactic_reference	migrate_with_tactic_owner	legacy_tactic_compatibility	Retained parser/declaration compatibility; canonical tactic surface uses interl/strict_interl names.
rr_veronese_pair_prec0_named_legacy	1	1	new_compatibility_name	introduced_by_compatibility_batch	legacy_tactic_compatibility	Retained parser/declaration compatibility; canonical tactic surface uses interl/strict_interl names.
rr_veronese_pair_prec_named_legacy	1	1	new_compatibility_name	introduced_by_compatibility_batch	legacy_tactic_compatibility	Retained parser/declaration compatibility; canonical tactic surface uses interl/strict_interl names.
rr_veronese_pair_sequence_prec	2	1	tactic_reference	migrate_with_tactic_owner	legacy_tactic_compatibility	Retained parser/declaration compatibility; canonical tactic surface uses interl/strict_interl names.
rr_veronese_pair_sequence_prec0	2	1	tactic_reference	migrate_with_tactic_owner	legacy_tactic_compatibility	Retained parser/declaration compatibility; canonical tactic surface uses interl/strict_interl names.
rr_veronese_pair_sequence_prec0_named_legacy	1	1	new_compatibility_name	introduced_by_compatibility_batch	legacy_tactic_compatibility	Retained parser/declaration compatibility; canonical tactic surface uses interl/strict_interl names.
rr_veronese_pair_sequence_prec_named_legacy	1	1	new_compatibility_name	introduced_by_compatibility_batch	legacy_tactic_compatibility	Retained parser/declaration compatibility; canonical tactic surface uses interl/strict_interl names.
rr_veronese_section_prec	2	1	tactic_reference	migrate_with_tactic_owner	legacy_tactic_compatibility	Retained parser/declaration compatibility; canonical tactic surface uses interl/strict_interl names.
rr_veronese_section_prec0	2	1	tactic_reference	migrate_with_tactic_owner	legacy_tactic_compatibility	Retained parser/declaration compatibility; canonical tactic surface uses interl/strict_interl names.
rr_veronese_section_prec0_named_legacy	1	1	new_compatibility_name	introduced_by_compatibility_batch	legacy_tactic_compatibility	Retained parser/declaration compatibility; canonical tactic surface uses interl/strict_interl names.
rr_veronese_section_prec_named_legacy	1	1	new_compatibility_name	introduced_by_compatibility_batch	legacy_tactic_compatibility	Retained parser/declaration compatibility; canonical tactic surface uses interl/strict_interl names.
rr_veronese_section_sequence_prec	2	1	tactic_reference	migrate_with_tactic_owner	legacy_tactic_compatibility	Retained parser/declaration compatibility; canonical tactic surface uses interl/strict_interl names.
rr_veronese_section_sequence_prec0	2	1	tactic_reference	migrate_with_tactic_owner	legacy_tactic_compatibility	Retained parser/declaration compatibility; canonical tactic surface uses interl/strict_interl names.
rr_veronese_section_sequence_prec0_named_legacy	1	1	new_compatibility_name	introduced_by_compatibility_batch	legacy_tactic_compatibility	Retained parser/declaration compatibility; canonical tactic surface uses interl/strict_interl names.
rr_veronese_section_sequence_prec_named_legacy	1	1	new_compatibility_name	introduced_by_compatibility_batch	legacy_tactic_compatibility	Retained parser/declaration compatibility; canonical tactic surface uses interl/strict_interl names.
rr_weighted_compatible_left_prec	2	1	tactic_reference	migrate_with_tactic_owner	legacy_tactic_compatibility	Retained parser/declaration compatibility; canonical tactic surface uses interl/strict_interl names.
rr_weighted_compatible_left_prec_named_legacy	1	1	new_compatibility_name	introduced_by_compatibility_batch	legacy_tactic_compatibility	Retained parser/declaration compatibility; canonical tactic surface uses interl/strict_interl names.
rr_weighted_compatible_left_sequence_prec	2	1	tactic_reference	migrate_with_tactic_owner	legacy_tactic_compatibility	Retained parser/declaration compatibility; canonical tactic surface uses interl/strict_interl names.
rr_weighted_compatible_left_sequence_prec_named_legacy	1	1	new_compatibility_name	introduced_by_compatibility_batch	legacy_tactic_compatibility	Retained parser/declaration compatibility; canonical tactic surface uses interl/strict_interl names.
rr_weighted_sum_left_prec	2	1	tactic_reference	migrate_with_tactic_owner	legacy_tactic_compatibility	Retained parser/declaration compatibility; canonical tactic surface uses interl/strict_interl names.
rr_weighted_sum_left_prec_named_legacy	1	1	new_compatibility_name	introduced_by_compatibility_batch	legacy_tactic_compatibility	Retained parser/declaration compatibility; canonical tactic surface uses interl/strict_interl names.
rr_weighted_sum_right_prec	2	1	tactic_reference	migrate_with_tactic_owner	legacy_tactic_compatibility	Retained parser/declaration compatibility; canonical tactic surface uses interl/strict_interl names.
rr_weighted_sum_right_prec_named_legacy	1	1	new_compatibility_name	introduced_by_compatibility_batch	legacy_tactic_compatibility	Retained parser/declaration compatibility; canonical tactic surface uses interl/strict_interl names.
rr_weighted_sum_sequence_left_prec	2	1	tactic_reference	migrate_with_tactic_owner	legacy_tactic_compatibility	Retained parser/declaration compatibility; canonical tactic surface uses interl/strict_interl names.
rr_weighted_sum_sequence_left_prec_named_legacy	1	1	new_compatibility_name	introduced_by_compatibility_batch	legacy_tactic_compatibility	Retained parser/declaration compatibility; canonical tactic surface uses interl/strict_interl names.
rr_weighted_sum_sequence_right_prec	2	1	tactic_reference	migrate_with_tactic_owner	legacy_tactic_compatibility	Retained parser/declaration compatibility; canonical tactic surface uses interl/strict_interl names.
rr_weighted_sum_sequence_right_prec_named_legacy	1	1	new_compatibility_name	introduced_by_compatibility_batch	legacy_tactic_compatibility	Retained parser/declaration compatibility; canonical tactic surface uses interl/strict_interl names.
sameDegreePair_divX_prec_backward_of_succDegree_of_coeff_zero	1	1	deprecated_compatibility	keep_deprecated_alias	deprecated_api_compatibility	Retained dated compatibility identifier; canonical callers use Interl/StrictInterl terminology.
sameDegreePair_divX_prec_forward_of_succDegree_of_coeff_zero	1	1	deprecated_compatibility	keep_deprecated_alias	deprecated_api_compatibility	Retained dated compatibility identifier; canonical callers use Interl/StrictInterl terminology.
sameDegreePair_divX_prec_iff_of_succDegree_of_coeff_zero	1	1	deprecated_compatibility	keep_deprecated_alias	deprecated_api_compatibility	Retained dated compatibility identifier; canonical callers use Interl/StrictInterl terminology.
sameDegreeRootCountOriented_of_prec	1	1	deprecated_compatibility	use_canonical_keep_wrapper	deprecated_api_compatibility	Retained dated compatibility identifier; canonical callers use Interl/StrictInterl terminology.
schurPolyaWagnerHadamardPF_of_garloffWagner_nonnegPrec	1	1	deprecated_compatibility	keep_deprecated_alias	deprecated_api_compatibility	Retained dated compatibility identifier; canonical callers use Interl/StrictInterl terminology.
second_prec	4	1	tactic_reference	migrate_with_tactic_owner	legacy_tactic_compatibility	Retained parser/declaration compatibility; canonical tactic surface uses interl/strict_interl names.
shiftedFiniteSupersymmetricCompositionRows_pf_and_prec0	1	1	deprecated_compatibility	keep_deprecated_alias	deprecated_api_compatibility	Retained dated compatibility identifier; canonical callers use Interl/StrictInterl terminology.
shiftedJacobiMonic_prec_alpha_add	1	1	lean_declaration	manual_semantic_rename	deprecated_api_compatibility	Retained dated compatibility identifier; canonical callers use Interl/StrictInterl terminology.
shiftedJacobiMonic_prec_alpha_add_degree_one	1	1	lean_declaration	manual_semantic_rename	deprecated_api_compatibility	Retained dated compatibility identifier; canonical callers use Interl/StrictInterl terminology.
shiftedJacobiMonic_prec_alpha_add_of_no_crossing	1	1	lean_declaration	manual_semantic_rename	deprecated_api_compatibility	Retained dated compatibility identifier; canonical callers use Interl/StrictInterl terminology.
shiftedJacobiMonic_prec_alpha_add_one	1	1	lean_declaration	manual_semantic_rename	deprecated_api_compatibility	Retained dated compatibility identifier; canonical callers use Interl/StrictInterl terminology.
shiftedJacobiMonic_prec_alpha_add_two	1	1	lean_declaration	manual_semantic_rename	deprecated_api_compatibility	Retained dated compatibility identifier; canonical callers use Interl/StrictInterl terminology.
shiftedJacobiMonic_prec_alpha_add_two_degree_pred	1	1	lean_declaration	manual_semantic_rename	deprecated_api_compatibility	Retained dated compatibility identifier; canonical callers use Interl/StrictInterl terminology.
shiftedJacobiMonic_prec_beta_add_one	1	1	lean_declaration	manual_semantic_rename	deprecated_api_compatibility	Retained dated compatibility identifier; canonical callers use Interl/StrictInterl terminology.
shiftedJacobiMonic_prec_succ	1	1	lean_declaration	manual_semantic_rename	deprecated_api_compatibility	Retained dated compatibility identifier; canonical callers use Interl/StrictInterl terminology.
shiftedJacobiMonic_prec_three_halves	1	1	lean_declaration	manual_semantic_rename	deprecated_api_compatibility	Retained dated compatibility identifier; canonical callers use Interl/StrictInterl terminology.
shiftedJacobiMonic_prec_three_halves_degree_three	1	1	lean_declaration	manual_semantic_rename	deprecated_api_compatibility	Retained dated compatibility identifier; canonical callers use Interl/StrictInterl terminology.
shiftedJacobiMonic_prec_three_halves_degree_two	1	1	lean_declaration	manual_semantic_rename	deprecated_api_compatibility	Retained dated compatibility identifier; canonical callers use Interl/StrictInterl terminology.
shiftedJacobiMonic_strictPrec_alpha_add_degree_one	1	1	deprecated_compatibility	use_canonical_keep_wrapper	deprecated_api_compatibility	Retained dated compatibility identifier; canonical callers use Interl/StrictInterl terminology.
shiftedJacobiMonic_strictPrec_alpha_add_one	1	1	deprecated_compatibility	use_canonical_keep_wrapper	deprecated_api_compatibility	Retained dated compatibility identifier; canonical callers use Interl/StrictInterl terminology.
shiftedJacobiMonic_strictPrec_alpha_add_two	1	1	deprecated_compatibility	use_canonical_keep_wrapper	deprecated_api_compatibility	Retained dated compatibility identifier; canonical callers use Interl/StrictInterl terminology.
shiftedJacobiMonic_strictPrec_three_halves_degree_three	1	1	deprecated_compatibility	use_canonical_keep_wrapper	deprecated_api_compatibility	Retained dated compatibility identifier; canonical callers use Interl/StrictInterl terminology.
shiftedJacobiMonic_strictPrec_three_halves_degree_two	1	1	deprecated_compatibility	use_canonical_keep_wrapper	deprecated_api_compatibility	Retained dated compatibility identifier; canonical callers use Interl/StrictInterl terminology.
shiftedJacobi_prec_succ	1	1	lean_declaration	manual_semantic_rename	deprecated_api_compatibility	Retained dated compatibility identifier; canonical callers use Interl/StrictInterl terminology.
shiftedLegendreReal_comp_neg_X_prec_succ	1	1	lean_declaration	manual_semantic_rename	deprecated_api_compatibility	Retained dated compatibility identifier; canonical callers use Interl/StrictInterl terminology.
shiftedLegendreReal_prec_succ	1	1	lean_declaration	manual_semantic_rename	deprecated_api_compatibility	Retained dated compatibility identifier; canonical callers use Interl/StrictInterl terminology.
shiftedRationalRodRows_pf_and_prec0	1	1	deprecated_compatibility	keep_deprecated_alias	deprecated_api_compatibility	Retained dated compatibility identifier; canonical callers use Interl/StrictInterl terminology.
signedTriangleFamily_terminal_strictPrec_jPolynomial	1	1	deprecated_compatibility	use_canonical_keep_wrapper	deprecated_api_compatibility	Retained dated compatibility identifier; canonical callers use Interl/StrictInterl terminology.
smirnovDescentRefined_prec0	1	1	lean_declaration	manual_semantic_rename	deprecated_api_compatibility	Retained dated compatibility identifier; canonical callers use Interl/StrictInterl terminology.
staircaseSum_sequence_prec	2	1	tactic_declaration	manual_alias_then_migrate	legacy_tactic_compatibility	Retained parser/declaration compatibility; canonical tactic surface uses interl/strict_interl names.
strictPrecSameDegree_iff_bezoutMatrix_posDef	1	1	deprecated_compatibility	use_canonical_keep_wrapper	deprecated_api_compatibility	Retained dated compatibility identifier; canonical callers use Interl/StrictInterl terminology.
strictPrecSameDegree_toPrec	1	1	deprecated_compatibility	use_canonical_keep_wrapper	deprecated_api_compatibility	Retained dated compatibility identifier; canonical callers use Interl/StrictInterl terminology.
strictPrecSameDegree_toStrictInterl	1	1	deprecated_compatibility	use_canonical_keep_wrapper	deprecated_api_compatibility	Retained dated compatibility identifier; canonical callers use Interl/StrictInterl terminology.
strict_prec_same_degree	4	1	deprecated_compatibility	use_canonical_keep_wrapper	legacy_tactic_compatibility	Retained parser/declaration compatibility; canonical tactic surface uses interl/strict_interl names.
succDegreePairHasCommonInterleaver_nonneg_of_residualPrec_bothNonzero_divX_prec	1	1	deprecated_compatibility	keep_deprecated_alias	deprecated_api_compatibility	Retained dated compatibility identifier; canonical callers use Interl/StrictInterl terminology.
succDegreePairHasCommonInterleaver_nonneg_of_residual_bothNonzero_divX_prec	1	1	deprecated_compatibility	keep_deprecated_alias	deprecated_api_compatibility	Retained dated compatibility identifier; canonical callers use Interl/StrictInterl terminology.
succDegreeRootCountAboveOriented_of_prec	1	1	deprecated_compatibility	use_canonical_keep_wrapper	deprecated_api_compatibility	Retained dated compatibility identifier; canonical callers use Interl/StrictInterl terminology.
succDegreeRootCountAbove_of_prec	1	1	deprecated_compatibility	use_canonical_keep_wrapper	deprecated_api_compatibility	Retained dated compatibility identifier; canonical callers use Interl/StrictInterl terminology.
succDegreeRootCountLowerOriented_of_prec	1	1	deprecated_compatibility	use_canonical_keep_wrapper	deprecated_api_compatibility	Retained dated compatibility identifier; canonical callers use Interl/StrictInterl terminology.
succDegreeRootCount_of_prec	1	1	deprecated_compatibility	use_canonical_keep_wrapper	deprecated_api_compatibility	Retained dated compatibility identifier; canonical callers use Interl/StrictInterl terminology.
sum_sequence_left_prec	2	1	tactic_declaration	manual_alias_then_migrate	legacy_tactic_compatibility	Retained parser/declaration compatibility; canonical tactic surface uses interl/strict_interl names.
sum_sequence_right_prec	2	1	tactic_declaration	manual_alias_then_migrate	legacy_tactic_compatibility	Retained parser/declaration compatibility; canonical tactic surface uses interl/strict_interl names.
ternaryRunPolynomial_prec	1	1	lean_declaration	manual_semantic_rename	deprecated_api_compatibility	Retained dated compatibility identifier; canonical callers use Interl/StrictInterl terminology.
theorem41NonconstantStep_prec_of_claim7	1	1	lean_declaration	manual_semantic_rename	deprecated_api_compatibility	Retained dated compatibility identifier; canonical callers use Interl/StrictInterl terminology.
theorem41NonconstantStep_prec_of_matrixClaim	1	1	lean_declaration	manual_semantic_rename	deprecated_api_compatibility	Retained dated compatibility identifier; canonical callers use Interl/StrictInterl terminology.
theorem41StepOne_prec_of_prec_nonneg	1	1	lean_declaration	manual_semantic_rename	deprecated_api_compatibility	Retained dated compatibility identifier; canonical callers use Interl/StrictInterl terminology.
theorem41StepOne_prec_of_recurrence	1	1	lean_declaration	manual_semantic_rename	deprecated_api_compatibility	Retained dated compatibility identifier; canonical callers use Interl/StrictInterl terminology.
theorem41Step_difference_prec_of_matrixClaim	1	1	lean_declaration	manual_semantic_rename	deprecated_api_compatibility	Retained dated compatibility identifier; canonical callers use Interl/StrictInterl terminology.
theorem41Step_prec_of_claim7	1	1	lean_declaration	manual_semantic_rename	deprecated_api_compatibility	Retained dated compatibility identifier; canonical callers use Interl/StrictInterl terminology.
theorem41_of_prec_step	1	1	lean_declaration	manual_semantic_rename	deprecated_api_compatibility	Retained dated compatibility identifier; canonical callers use Interl/StrictInterl terminology.
thetaPlusOnePreservesPrec0	2	2	tactic_declaration	manual_alias_then_migrate	deprecated_api_compatibility	Retained dated compatibility identifier; canonical callers use Interl/StrictInterl terminology.
thetaPlusOnePreservesPrec0Statement	1	1	statement_scaffold	manual_semantic_rename	deprecated_statement_compatibility	Deprecated statement alias retained; canonical statement and checked witness remain authoritative.
thetaPlusOnePreservesPrec0_of_derivative	1	1	lean_declaration	manual_semantic_rename	deprecated_api_compatibility	Retained dated compatibility identifier; canonical callers use Interl/StrictInterl terminology.
thetaPlusOne_sequence_prec0	2	1	tactic_declaration	manual_alias_then_migrate	legacy_tactic_compatibility	Retained parser/declaration compatibility; canonical tactic surface uses interl/strict_interl names.
thetaPreservesPrec0	1	1	lean_declaration	manual_semantic_rename	deprecated_api_compatibility	Retained dated compatibility identifier; canonical callers use Interl/StrictInterl terminology.
thetaPreservesPrec0Statement	1	1	statement_scaffold	manual_semantic_rename	deprecated_statement_compatibility	Deprecated statement alias retained; canonical statement and checked witness remain authoritative.
thetaPreservesPrec0_of_derivative	1	1	lean_declaration	manual_semantic_rename	deprecated_api_compatibility	Retained dated compatibility identifier; canonical callers use Interl/StrictInterl terminology.
toPrec	1	1	reference_or_local	migrate_with_declaration_owner	deprecated_api_compatibility	Retained dated compatibility identifier; canonical callers use Interl/StrictInterl terminology.
toPrec0	1	1	reference_or_local	migrate_with_declaration_owner	deprecated_api_compatibility	Retained dated compatibility identifier; canonical callers use Interl/StrictInterl terminology.
toPrec_of_ne	1	1	reference_or_local	migrate_with_declaration_owner	deprecated_api_compatibility	Retained dated compatibility identifier; canonical callers use Interl/StrictInterl terminology.
to_prec	1	1	reference_or_local	migrate_with_declaration_owner	deprecated_api_compatibility	Retained dated compatibility identifier; canonical callers use Interl/StrictInterl terminology.
toricContribution_prec_of_lt	1	1	lean_declaration	manual_semantic_rename	deprecated_api_compatibility	Retained dated compatibility identifier; canonical callers use Interl/StrictInterl terminology.
transformed_prec	4	1	tactic_reference	migrate_with_tactic_owner	legacy_tactic_compatibility	Retained parser/declaration compatibility; canonical tactic surface uses interl/strict_interl names.
twoKernelRows_pf_and_prec0	1	1	deprecated_compatibility	keep_deprecated_alias	deprecated_api_compatibility	Retained dated compatibility identifier; canonical callers use Interl/StrictInterl terminology.
weakQuadratic_not_prec0_X_mul	1	1	deprecated_compatibility	use_canonical_keep_wrapper	deprecated_api_compatibility	Retained dated compatibility identifier; canonical callers use Interl/StrictInterl terminology.
weakQuadratic_not_prec0_self	1	1	deprecated_compatibility	use_canonical_keep_wrapper	deprecated_api_compatibility	Retained dated compatibility identifier; canonical callers use Interl/StrictInterl terminology.
weightedCompatibleLeft_sequence_prec	2	1	tactic_declaration	manual_alias_then_migrate	legacy_tactic_compatibility	Retained parser/declaration compatibility; canonical tactic surface uses interl/strict_interl names.
weightedDecoEulerian_prec	1	1	lean_declaration	manual_semantic_rename	deprecated_api_compatibility	Retained dated compatibility identifier; canonical callers use Interl/StrictInterl terminology.
weightedGreenKernel_markedShiftKernel_pf_and_prec0	1	1	deprecated_compatibility	keep_deprecated_alias	deprecated_api_compatibility	Retained dated compatibility identifier; canonical callers use Interl/StrictInterl terminology.
weightedSum_sequence_left_prec	2	1	tactic_declaration	manual_alias_then_migrate	legacy_tactic_compatibility	Retained parser/declaration compatibility; canonical tactic surface uses interl/strict_interl names.
weightedSum_sequence_right_prec	2	1	tactic_declaration	manual_alias_then_migrate	legacy_tactic_compatibility	Retained parser/declaration compatibility; canonical tactic surface uses interl/strict_interl names.
wronskian_eval_nonneg_of_prec	1	1	lean_declaration	manual_semantic_rename	deprecated_api_compatibility	Retained dated compatibility identifier; canonical callers use Interl/StrictInterl terminology.
wronskian_pos_of_prec_succ	1	1	lean_declaration	manual_semantic_rename	deprecated_api_compatibility	Retained dated compatibility identifier; canonical callers use Interl/StrictInterl terminology.
wronskian_pos_of_strictPrecSameDegree	1	1	deprecated_compatibility	use_canonical_keep_wrapper	deprecated_api_compatibility	Retained dated compatibility identifier; canonical callers use Interl/StrictInterl terminology.
xSub_splits_of_prec_of_nonneg	1	1	lean_declaration	manual_semantic_rename	deprecated_api_compatibility	Retained dated compatibility identifier; canonical callers use Interl/StrictInterl terminology.
zero_mem_roots_of_prec_coeff_zero	1	1	deprecated_compatibility	keep_deprecated_alias	deprecated_api_compatibility	Retained dated compatibility identifier; canonical callers use Interl/StrictInterl terminology.
